{
    "fabric:load_conditions": [
      {
        "condition": "fabric:all_mods_loaded",
        "values": [
          "create"
        ]
      }
    ],
    "type": "create:milling",
    "ingredients": [
      {
        "item": "doggytalents:rice_wheat"
      }
    ],
    "results": [
      {
        "item": "doggytalents:rice_grains",
        "count": 1
      },
      {
        "item": "farmersdelight:straw",
        "count": 1,
        "chance": 0.5
      }
    ],
    "processingTime": 50
  }