{
	"type": "apotheosis:attribute",
	"attribute": "forge:block_reach",
	"operation": "ADDITION",
	"values": {
		"common": {
			"min": 0.1,
			"steps": 3,
			"step": 0.05
		},
		"uncommon": {
			"min": 0.1,
			"steps": 3,
			"step": 0.05
		},
		"rare": {
			"min": 0.1,
			"steps": 4,
			"step": 0.05
		},
		"epic": {
			"min": 0.15,
			"steps": 4,
			"step": 0.05
		},
		"mythic": {
			"min": 0.2,
			"steps": 5,
			"step": 0.05
		},
		"ancient": {
			"min": 0.3,
			"steps": 5,
			"step": 0.05
		}
	},
	"types": [
		"pickaxe", "shovel"
	]
}