{
  "implemented": true,
  "name": "Buzzwole",
  "nationalPokedexNumber": 794,
  "primaryType": "bug",
  "secondaryType": "fighting",
  "abilities": [
    "beastboost"
  ],
  "baseStats": {
    "hp": 107,
    "attack": 139,
    "defence": 139,
    "special_attack": 53,
    "special_defence": 53,
    "speed": 79
  },
  "catchRate": 25,
  "maleRatio": -1,
  "shoulderMountable": false,
  "baseExperienceYield": 186,
  "experienceGroup": "slow",
  "eggCycles": 20,
  "eggGroups": [
    "undiscovered"
  ],
  "moves": [
    "1:fellstinger",
    "1:thunderpunch",
    "1:icepunch",
    "1:reversal",
    "1:harden",
    "1:poweruppunch",
    "1:focusenergy",
    "7:cometpunch",
    "13:bulkup",
    "19:vitalthrow",
    "23:endure",
    "29:leechlife",
    "31:taunt",
    "37:megapunch",
    "43:counter",
    "47:hammerarm",
    "53:lunge",
    "67:dynamicpunch",
    "73:superpower",
    "100:icepunch",
    "100:outrage"
  ],
  "labels": [
    "gen7"
  ],
  "pokedex": [
    "cobblemon.species.buzzwole.desc"
  ],
  "preEvolution": null,
  "evolutions": [],
  "baseScale": 1.5,
  "hitbox": {
    "width": 1.5,
    "height": 4,
    "fixed": false
  },
  "baseFriendship": 70,
  "evYield": {
    "hp": 0,
    "attack": 1,
    "defence": 2,
    "special_attack": 0,
    "special_defence": 0,
    "speed": 0
  },
  "height": 20,
  "weight": 1080,
  "aspects": [],
  "cannotDynamax": false
}