{
  "implemented": true,
  "name": "Lunala",
  "nationalPokedexNumber": 792,
  "primaryType": "psychic",
  "secondaryType": "ghost",
  "abilities": [
    "shadowshield"
  ],
  "baseStats": {
    "hp": 137,
    "attack": 113,
    "defence": 89,
    "special_attack": 137,
    "special_defence": 107,
    "speed": 97
  },
  "catchRate": 45,
  "maleRatio": -1,
  "shoulderMountable": false,
  "baseExperienceYield": 340,
  "experienceGroup": "slow",
  "eggCycles": 120,
  "eggGroups": [
    "undiscovered"
  ],
  "moves": [
    "1:confusion",
    "1:cosmicpower",
    "1:hypnosis",
    "1:moongeistbeam",
    "1:teleport",
    "7:nightshade",
    "14:confuseray",
    "21:airslash",
    "28:shadowball",
    "35:moonlight",
    "42:nightdaze",
    "49:magiccoat",
    "56:moonblast",
    "63:phantomforce",
    "70:dreameater",
    "77:wideguard",
    "84:hyperbeam",
    "tm:acrobatics",
    "tm:aerialace",
    "tm:agility",
    "tm:airslash",
    "tm:blizzard",
    "tm:calmmind",
    "tm:chargebeam",
    "tm:confide",
    "tm:cosmicpower",
    "tm:dazzlinggleam",
    "tm:doubleteam",
    "tm:dreameater",
    "tm:endure",
    "tm:facade",
    "tm:fly",
    "tm:focusblast",
    "tm:frustration",
    "tm:futuresight",
    "tm:gigaimpact",
    "tm:heatwave",
    "tm:helpinghand",
    "tm:hex",
    "tm:hiddenpower",
    "tm:hyperbeam",
    "tm:icebeam",
    "tm:icywind",
    "tm:lightscreen",
    "tm:magicroom",
    "tm:phantomforce",
    "tm:protect",
    "tm:psychic",
    "tm:psychocut",
    "tm:psychup",
    "tm:psyshock",
    "tm:reflect",
    "tm:rest",
    "tm:return",
    "tm:roar",
    "tm:roost",
    "tm:round",
    "tm:safeguard",
    "tm:scaryface",
    "tm:shadowball",
    "tm:shadowclaw",
    "tm:skydrop",
    "tm:sleeptalk",
    "tm:snore",
    "tm:solarbeam",
    "tm:substitute",
    "tm:sunnyday",
    "tm:swagger",
    "tm:swift",
    "tm:thunder",
    "tm:thunderbolt",
    "tm:thunderwave",
    "tm:toxic",
    "tm:trick",
    "tm:trickroom",
    "tm:willowisp",
    "tm:wonderroom",
    "tm:workup",
    "tutor:cosmicpower",
    "tutor:defog",
    "tutor:dualwingbeat",
    "tutor:expandingforce",
    "tutor:heatwave",
    "tutor:icywind",
    "tutor:magiccoat",
    "tutor:magicroom",
    "tutor:meteorbeam",
    "tutor:moonblast",
    "tutor:moongeistbeam",
    "tutor:moonlight",
    "tutor:nightdaze",
    "tutor:poltergeist",
    "tutor:psyshock",
    "tutor:shadowball",
    "tutor:shockwave",
    "tutor:signalbeam",
    "tutor:skyattack",
    "tutor:snore",
    "tutor:spite",
    "tutor:swift",
    "tutor:tailwind",
    "tutor:telekinesis",
    "tutor:trick",
    "tutor:wonderroom"
  ],
  "labels": [
    "gen7",
    "legendary"
  ],
  "pokedex": [
    "cobblemon.species.lunala.desc"
  ],
  "preEvolution": "cosmoem",
  "evolutions": [],
  "baseScale": 1.5,
  "hitbox": {
    "width": 1,
    "height": 1,
    "fixed": false
  },
  "baseFriendship": 0,
  "evYield": {
    "hp": 0,
    "attack": 0,
    "defence": 0,
    "special_attack": 3,
    "special_defence": 0,
    "speed": 0
  },
  "height": 40,
  "weight": 1200,
  "aspects": [],
  "cannotDynamax": false
}