{
  "implemented": true,
  "name": "Pikipek",
  "nationalPokedexNumber": 731,
  "primaryType": "normal",
  "secondaryType": "flying",
  "abilities": [
    "keeneye",
    "skilllink",
    "h:pickup"
  ],
  "baseStats": {
    "hp": 35,
    "attack": 75,
    "defence": 30,
    "special_attack": 30,
    "special_defence": 30,
    "speed": 65
  },
  "catchRate": 255,
  "maleRatio": 0.5,
  "shoulderMountable": false,
  "baseExperienceYield": 53,
  "experienceGroup": "medium_fast",
  "eggCycles": 15,
  "eggGroups": [
    "flying"
  ],
  "moves": [
    "1:peck",
    "3:growl",
    "7:echoedvoice",
    "9:rocksmash",
    "13:supersonic",
    "15:pluck",
    "19:roost",
    "21:furyattack",
    "25:screech",
    "27:drillpeck",
    "31:bulletseed",
    "33:featherdance",
    "37:hypervoice",
    "egg:boomburst",
    "egg:bravebird",
    "egg:mirrormove",
    "egg:tailwind",
    "egg:uproar",
    "tm:aerialace",
    "tm:attract",
    "tm:brickbreak",
    "tm:confide",
    "tm:doubleteam",
    "tm:echoedvoice",
    "tm:flamecharge",
    "tm:fly",
    "tm:frustration",
    "tm:hiddenpower",
    "tm:protect",
    "tm:rest",
    "tm:return",
    "tm:roost",
    "tm:round",
    "tm:sleeptalk",
    "tm:smackdown",
    "tm:steelwing",
    "tm:substitute",
    "tm:sunnyday",
    "tm:swagger",
    "tm:swordsdance",
    "tm:thief",
    "tm:toxic",
    "tm:uturn",
    "tm:workup",
    "tutor:defog",
    "tutor:gunkshot",
    "tutor:heatwave",
    "tutor:hypervoice",
    "tutor:knockoff",
    "tutor:skyattack",
    "tutor:snore",
    "tutor:tailwind",
    "tutor:uproar"
  ],
  "labels": [
    "gen7"
  ],
  "pokedex": [
    "cobblemon.species.pikipek.desc"
  ],
  "evolutions": [
    {
      "id": "pikipek_trumbeak",
      "variant": "level_up",
      "result": "trumbeak",
      "consumeHeldItem": false,
      "learnableMoves": [],
      "requirements": [
        {
          "variant": "level",
          "minLevel": 14
        }
      ]
    }
  ],
  "baseScale": 1,
  "hitbox": {
    "width": 1,
    "height": 1,
    "fixed": false
  },
  "baseFriendship": 70,
  "evYield": {
    "hp": 0,
    "attack": 1,
    "defence": 0,
    "special_attack": 0,
    "special_defence": 0,
    "speed": 0
  },
  "height": 3,
  "weight": 12,
  "aspects": [],
  "cannotDynamax": false
}