{
  "implemented": true,
  "name": "Tapu Fini",
  "nationalPokedexNumber": 788,
  "primaryType": "water",
  "secondaryType": "fairy",
  "abilities": [
    "mistysurge",
    "h:telepathy"
  ],
  "baseStats": {
    "hp": 70,
    "attack": 75,
    "defence": 115,
    "special_attack": 95,
    "special_defence": 130,
    "speed": 85
  },
  "catchRate": 45,
  "maleRatio": -1,
  "shoulderMountable": false,
  "baseExperienceYield": 285,
  "experienceGroup": "slow",
  "eggCycles": 120,
  "eggGroups": [
    "undiscovered"
  ],
  "moves": [
    "1:mistyterrain",
    "1:moonblast",
    "1:healpulse",
    "1:meanlook",
    "1:haze",
    "1:mist",
    "1:withdraw",
    "1:watergun",
    "32:waterpulse",
    "36:whirlpool",
    "40:soak",
    "46:refresh",
    "50:brine",
    "54:defog",
    "43:naturesmadness",
    "48:muddywater",
    "53:aquaring",
    "58:hydropump",
    "tm:icebeam",
    "tm:gigaimpact",
    "tm:calmmind",
    "tm:surf",
    "tm:toxic",
    "tm:hiddenpower",
    "tm:taunt",
    "tm:hyperbeam",
    "tm:protect",
    "tm:raindance",
    "tm:round",
    "tm:safeguard",
    "tm:frustration",
    "tm:confide",
    "tm:shadowball",
    "tm:waterfall",
    "tm:grassknot",
    "tm:scald"
  ],
  "labels": [
    "gen7"
  ],
  "pokedex": [
    "cobblemon.species.tapufini.desc"
  ],
  "preEvolution": null,
  "evolutions": [],
  "baseScale": 1,
  "hitbox": {
    "width": 1.7,
    "height": 1,
    "fixed": false
  },
  "baseFriendship": 70,
  "evYield": {
    "hp": 0,
    "attack": 0,
    "defence": 0,
    "special_attack": 3,
    "special_defence": 0,
    "speed": 0
  },
  "height": 19,
  "weight": 447,
  "aspects": [],
  "cannotDynamax": false
}