{
  "implemented": true,
  "name": "Tapu Lele",
  "nationalPokedexNumber": 786,
  "primaryType": "psychic",
  "secondaryType": "fairy",
  "abilities": [
    "psychicsurge",
    "h:telepathy"
  ],
  "baseStats": {
    "hp": 70,
    "attack": 85,
    "defence": 75,
    "special_attack": 130,
    "special_defence": 115,
    "speed": 95
  },
  "catchRate": 45,
  "maleRatio": -1,
  "shoulderMountable": false,
  "baseExperienceYield": 285,
  "experienceGroup": "slow",
  "eggCycles": 120,
  "eggGroups": [
    "undiscovered"
  ],
  "moves": [
    "1:psychicterrain",
    "1:aromaticmist",
    "1:aromatherapy",
    "1:meanlook",
    "1:drainingkiss",
    "1:astonish",
    "1:withdraw",
    "1:confusion",
    "32:psywave",
    "36:psybeam",
    "40:sweetscent",
    "46:skillswap",
    "50:psyshock",
    "54:tickle",
    "43:naturesmadness",
    "48:extrasensory",
    "53:flatter",
    "58:moonblast",
    "tm:psyshock",
    "tm:psychic",
    "tm:calmmind",
    "tm:roar",
    "tm:toxic",
    "tm:hiddenpower",
    "tm:taunt",
    "tm:hyperbeam",
    "tm:protect",
    "tm:raindance",
    "tm:roost",
    "tm:safeguard",
    "tm:frustration",
    "tm:thunderbolt",
    "tm:shadowball",
    "tm:thunder",
    "tm:energyball",
    "tm:focusblast"
  ],
  "labels": [
    "gen7"
  ],
  "pokedex": [
    "cobblemon.species.tapulele.desc"
  ],
  "preEvolution": null,
  "evolutions": [],
  "baseScale": 1,
  "hitbox": {
    "width": 1.7,
    "height": 1,
    "fixed": false
  },
  "baseFriendship": 70,
  "evYield": {
    "hp": 0,
    "attack": 0,
    "defence": 0,
    "special_attack": 3,
    "special_defence": 0,
    "speed": 0
  },
  "height": 19,
  "weight": 447,
  "aspects": [],
  "cannotDynamax": false
}