{
  "implemented": true,
  "name": "Trumbeak",
  "nationalPokedexNumber": 732,
  "primaryType": "normal",
  "secondaryType": "flying",
  "abilities": [
    "keeneye",
    "skilllink",
    "h:pickup"
  ],
  "baseStats": {
    "hp": 55,
    "attack": 85,
    "defence": 50,
    "special_attack": 40,
    "special_defence": 50,
    "speed": 75
  },
  "catchRate": 120,
  "maleRatio": 0.5,
  "shoulderMountable": false,
  "baseExperienceYield": 124,
  "experienceGroup": "medium_fast",
  "eggCycles": 15,
  "eggGroups": [
    "flying"
  ],
  "moves": [
    "1:echoedvoice",
    "1:growl",
    "1:peck",
    "1:rockblast",
    "1:rocksmash",
    "13:supersonic",
    "16:pluck",
    "21:roost",
    "24:furyattack",
    "29:screech",
    "32:drillpeck",
    "37:bulletseed",
    "40:featherdance",
    "45:hypervoice",
    "tm:aerialace",
    "tm:attract",
    "tm:brickbreak",
    "tm:confide",
    "tm:doubleteam",
    "tm:echoedvoice",
    "tm:flamecharge",
    "tm:fly",
    "tm:frustration",
    "tm:hiddenpower",
    "tm:protect",
    "tm:rest",
    "tm:return",
    "tm:roost",
    "tm:round",
    "tm:sleeptalk",
    "tm:smackdown",
    "tm:steelwing",
    "tm:substitute",
    "tm:sunnyday",
    "tm:swagger",
    "tm:swordsdance",
    "tm:thief",
    "tm:toxic",
    "tm:uturn",
    "tm:workup",
    "tutor:defog",
    "tutor:gunkshot",
    "tutor:heatwave",
    "tutor:hypervoice",
    "tutor:knockoff",
    "tutor:skyattack",
    "tutor:snore",
    "tutor:tailwind",
    "tutor:uproar"
  ],
  "labels": [
    "gen7"
  ],
  "pokedex": [
    "cobblemon.species.trumbeak.desc"
  ],
  "preEvolution": "pikipek",
  "evolutions": [
    {
      "id": "trumbeak_toucannon",
      "variant": "level_up",
      "result": "toucannon",
      "consumeHeldItem": false,
      "learnableMoves": [],
      "requirements": [
        {
          "variant": "level",
          "minLevel": 28
        }
      ]
    }
  ],
  "baseScale": 1,
  "hitbox": {
    "width": 1,
    "height": 1,
    "fixed": false
  },
  "baseFriendship": 70,
  "evYield": {
    "hp": 0,
    "attack": 2,
    "defence": 0,
    "special_attack": 0,
    "special_defence": 0,
    "speed": 0
  },
  "height": 6,
  "weight": 148,
  "aspects": [],
  "cannotDynamax": false
}