{
    "implemented": true,
    "name": "Yungoos",
    "nationalPokedexNumber": 734,
    "primaryType": "normal",
    "abilities": [
      "stakeout",
      "strongjaw",
      "h:adaptability"
    ],
    "baseStats": {
      "hp": 48,
      "attack": 70,
      "defence": 30,
      "special_attack": 30,
      "special_defence": 30,
      "speed": 45
    },
    "catchRate": 255,
    "maleRatio": 0.5,
    "shoulderMountable": false,
    "baseExperienceYield": 51,
    "experienceGroup": "medium_fast",
    "eggCycles": 15,
    "eggGroups": [
      "field"
    ],
    "moves": [
      "1:tackle",
      "3:leer",
      "7:payback",
      "7:pursuit",
      "10:sandattack",
      "13:odorsleuth",
      "13:workup",
      "16:bide",
      "19:bite",
      "22:mudslap",
      "25:superfang",
      "28:takedown",
      "31:scaryface",
      "34:crunch",
      "37:hyperfang",
      "37:yawn",
      "40:thrash",
      "43:rest",
      "egg:endeavor",
      "egg:firefang",
      "egg:icefang",
      "egg:lastresort",
      "egg:revenge",
      "egg:thunderfang",
      "tm:attract",
      "tm:bulldoze",
      "tm:chillingwater",
      "tm:confide",
      "tm:crunch",
      "tm:dig",
      "tm:doubleedge",
      "tm:doubleteam",
      "tm:earthquake",
      "tm:echoedvoice",
      "tm:endeavor",
      "tm:endure",
      "tm:facade",
      "tm:firefang",
      "tm:frustration",
      "tm:helpinghand",
      "tm:hiddenpower",
      "tm:icefang",
      "tm:mudshot",
      "tm:mudslap",
      "tm:payback",
      "tm:protect",
      "tm:psychicfangs",
      "tm:raindance",
      "tm:rest",
      "tm:return",
      "tm:reversal",
      "tm:rocktomb",
      "tm:round",
      "tm:sandstorm",
      "tm:scaryface",
      "tm:seedbomb",
      "tm:sleeptalk",
      "tm:stompingtantrum",
      "tm:substitute",
      "tm:sunnyday",
      "tm:superfang",
      "tm:swagger",
      "tm:takedown",
      "tm:taunt",
      "tm:terablast",
      "tm:thief",
      "tm:thunderfang",
      "tm:torment",
      "tm:toxic",
      "tm:trailblaze",
      "tm:uturn",
      "tm:wildcharge",
      "tm:workup",
      "tm:zenheadbutt",
      "tutor:endeavor",
      "tutor:irontail",
      "tutor:lastresort",
      "tutor:shockwave",
      "tutor:snore",
      "tutor:stompingtantrum",
      "tutor:superfang",
      "tutor:uproar"
    ],
    "labels": [
      "gen7"
    ],
    "pokedex": [
      "cobblemon.species.yungoos.desc"
    ],
    "evolutions": [
      {
        "id": "yungoos_gumshoos",
        "variant": "level_up",
        "result": "gumshoos",
        "consumeHeldItem": false,
        "learnableMoves": [],
        "requirements": [
          {
            "variant": "level",
            "minLevel": 20
          },
          {
            "variant": "time_range",
            "range": "day"
          }
        ]
      }
    ],
    "baseScale": 1,
    "hitbox": {
      "width": 1,
      "height": 1,
      "fixed": false
    },
    "baseFriendship": 70,
    "evYield": {
      "hp": 0,
      "attack": 1,
      "defence": 0,
      "special_attack": 0,
      "special_defence": 0,
      "speed": 0
    },
    "height": 4,
    "weight": 60,
    "aspects": [],
    "cannotDynamax": false,
    "drops": {
      "amount": 1,
      "entries": [
        {
          "item": "cobblemon:pecha_berry",
          "percentage": 2.5
        }
      ]
    }
  }
  