{
    "variant": "intelligent",
	"conditions": [{
		"type": "forge:mod_loaded",
		"modid": "irons_spellbooks"
	}],
    "weight": 5,
    "quality": 0,
    "dimensions": [],
    "bonuses": [
        {
            "type": "apotheosis:attribute",
            "gem_class":
            {
                "key": "anything",
                "types": ["helmet",
                    "chestplate",
                    "leggings",
                    "boots", "curios:spellbook"]
            },
            "attribute": "irons_spellbooks:max_mana",
            "operation": "ADDITION",
            "values":
            {
                "common":
                {
                    "min": 1,
                    "steps": 10,
                    "step": 1
                },
                "uncommon":
                {
                    "min": 5,
                    "steps": 10,
                    "step": 1
                },
                "rare":
                {
                    "min": 10,
                    "steps": 10,
                    "step": 1
                },
                "epic":
                {
                    "min": 15,
                    "steps": 10,
                    "step": 1
                },
                "mythic":
                {
                    "min": 20,
                    "steps": 10,
                    "step": 1
                },
                "ancient":
                {
                    "min": 25,
                    "steps": 10,
                    "step": 1
                }
            }
        }
    ]
}