{
	"variant": "ballast",
	"weight": 10,
	"quality": 0,
	"dimensions": [
	],
	"bonuses": [{
			"type": "apotheosis:attribute",
			"gem_class": {
				"key": "light_weapon",
				"types": [
					"sword",
					"trident"
				]
			},
			"attribute": "minecraft:generic.attack_damage",
			"operation": "ADDITION",
			"values": {
				"common": 0.2,
				"uncommon": 0.4,
				"rare": 0.7,
				"epic": 1.0,
				"mythic": 1.4,
				"ancient": 2
			}
		},
		{
			"type": "apotheosis:attribute",
			"gem_class": {
				"key": "heavy_weapon",
				"types": [
					"heavy_weapon"
				]
			},
			"attribute": "minecraft:generic.attack_damage",
			"operation": "ADDITION",
			"values": {
				"common": 0.4,
				"uncommon": 0.8,
				"rare": 1,
				"epic": 1.4,
				"mythic": 1.8,
				"ancient": 2.6
			}
		},
		{
			"type": "apotheosis:durability",
			"gem_class": {
				"key": "breaker",
				"types": [
					"pickaxe",
					"shovel"
				]
			},
			"values": {
				"common": 0.02,
				"uncommon": 0.03,
				"rare": 0.05,
				"epic": 0.07,
				"mythic": 0.09,
				"ancient": 0.12
			}
		},
		{
			"type": "apotheosis:attribute",
			"gem_class": {
				"key": "core_armor",
				"types": [
					"chestplate", "leggings"
				]
			},
			"attribute": "minecraft:generic.knockback_resistance",
			"operation": "ADDITION",
			"values": {
				"common": 0.02,
				"uncommon": 0.04,
				"rare": 0.06,
				"epic": 0.08,
				"mythic": 0.1,
				"ancient": 0.14
			}
		}
	]
}