{
	"variant": "tyrannical",
	"weight": 10,
	"quality": 0,
	"unique": true,
	"dimensions": [
	],
	"bonuses": [{
			"type": "apotheosis:attribute",
			"gem_class": {
				"key": "heavy_weapon",
				"types": [
					"heavy_weapon"
				]
			},
			"attribute": "attributeslib:current_hp_damage",
			"operation": "ADDITION",
			"values": {
				"common": 0.005,
				"uncommon": 0.01,
				"rare": 0.02,
				"epic": 0.03,
				"mythic": 0.04,
				"ancient": 0.05
			}
		},
		{
			"type": "apotheosis:attribute",
			"gem_class": {
				"key": "light_weapon",
				"types": [
					"sword",
					"trident"
				]
			},
			"attribute": "minecraft:generic.attack_knockback",
			"operation": "ADDITION",
			"values": {
				"common": 0.1,
				"uncommon": 0.2,
				"rare": 0.3,
				"epic": 0.4,
				"mythic": 0.6,
				"ancient": 0.7
			}
		},
		{
			"type": "apotheosis:attribute",
			"gem_class": {
				"key": "core_armor",
				"types": [
					"chestplate", "leggings"
				]
			},
			"attribute": "minecraft:generic.armor_toughness",
			"operation": "ADDITION",
			"values": {
				"common": 0.1,
				"uncommon": 0.2,
				"rare": 0.3,
				"epic": 0.5,
				"mythic": 0.8,
				"ancient": 1.2
			}
		},
		{
			"type": "apotheosis:attribute",
			"gem_class": {
				"key": "shield",
				"types": [
					"shield"
				]
			},
			"attribute": "minecraft:generic.armor_toughness",
			"operation": "MULTIPLY_TOTAL",
			"values": {
				"common": 0.01,
				"uncommon": 0.02,
				"rare": 0.03,
				"epic": 0.045,
				"mythic": 0.06,
				"ancient": 0.085
			}
		}
	]
}