
{
	"requires": ["farmersdelight"],
	"content": 
	{

		"farmer_rew_farmersdelight_organic_compost": {
			"type": "item",
			"content": "farmersdelight:organic_compost",
			"rarity": "UNCOMMON",
			"amount": 
			{
				"min": 1,
				"max": 2
			},
			"unitWorth": 305
		},

		"farmer_rew_farmersdelight_rich_soil": {
			"type": "item",
			"content": "farmersdelight:rich_soil",
			"rarity": "RARE",
			"amount": 
			{
				"min": 1,
				"max": 2
			},
			"unitWorth": 350
		}

	}

}