{
	"format_version": "1.21.6",
	"credit": "Made by Satisfy",
	"textures": {
		"0": "candlelight:block/chocolate_box",
		"particle": "candlelight:block/chocolate_box"
	},
	"elements": [
		{
			"from": [3, 0, 4],
			"to": [13, 2, 11.9],
			"rotation": {"angle": 0, "axis": "y", "origin": [1, 0, 1]},
			"faces": {
				"north": {"uv": [12, 10, 10, 0], "rotation": 90, "texture": "#0"},
				"east": {"uv": [12, 9, 10, 1], "rotation": 90, "texture": "#0"},
				"south": {"uv": [12, 10, 10, 0], "rotation": 90, "texture": "#0"},
				"west": {"uv": [12, 9, 10, 1], "rotation": 90, "texture": "#0"},
				"up": {"uv": [15, 15, 11, 11], "texture": "#0"},
				"down": {"uv": [0, 8, 10, 16], "texture": "#0"}
			}
		},
		{
			"from": [3, 1.35, 12.19],
			"to": [13, 8.35, 13.19],
			"rotation": {"angle": -22.5, "axis": "x", "origin": [8.5, 1.5, 8]},
			"faces": {
				"north": {"uv": [0, 9, 10, 16], "texture": "#0"},
				"east": {"uv": [10, 9, 9, 16], "texture": "#0"},
				"south": {"uv": [0, 1, 10, 8], "texture": "#0"},
				"west": {"uv": [10, 9, 9, 16], "texture": "#0"},
				"up": {"uv": [10, 0, 0, 1], "texture": "#0"},
				"down": {"uv": [10, 7, 0, 8], "texture": "#0"}
			}
		},
		{
			"from": [12, 2, 4],
			"to": [13, 3, 11.9],
			"rotation": {"angle": 0, "axis": "y", "origin": [1, 0, 1]},
			"faces": {
				"north": {"uv": [9, 15, 10, 16], "texture": "#0"},
				"east": {"uv": [12, 1, 13, 9], "rotation": 90, "texture": "#0"},
				"south": {"uv": [9, 15, 10, 16], "texture": "#0"},
				"west": {"uv": [12, 1, 13, 9], "rotation": 90, "texture": "#0"},
				"up": {"uv": [12, 1, 13, 9], "texture": "#0"},
				"down": {"uv": [10, 10, 9.5, 14], "texture": "#0"}
			}
		},
		{
			"from": [3, 2, 4],
			"to": [4, 3, 11.9],
			"rotation": {"angle": 0, "axis": "y", "origin": [1, 0, 1]},
			"faces": {
				"north": {"uv": [9, 15, 10, 16], "texture": "#0"},
				"east": {"uv": [12, 1, 13, 9], "rotation": 90, "texture": "#0"},
				"south": {"uv": [9, 15, 10, 16], "texture": "#0"},
				"west": {"uv": [12, 1, 13, 9], "rotation": 90, "texture": "#0"},
				"up": {"uv": [12, 1, 13, 9], "texture": "#0"},
				"down": {"uv": [10, 10, 9.5, 14], "texture": "#0"}
			}
		},
		{
			"from": [4, 2, 4],
			"to": [12, 3, 4.9],
			"rotation": {"angle": 0, "axis": "y", "origin": [1, 0, 1]},
			"faces": {
				"north": {"uv": [10, 1, 11, 9], "rotation": 90, "texture": "#0"},
				"east": {"uv": [1, 8, 9, 9], "texture": "#0"},
				"south": {"uv": [1, 8, 9, 9], "texture": "#0"},
				"west": {"uv": [1, 8, 9, 9], "texture": "#0"},
				"up": {"uv": [10, 1, 11, 9], "rotation": 90, "texture": "#0"},
				"down": {"uv": [1, 8, 9, 9], "texture": "#0"}
			}
		},
		{
			"from": [9.75, 0.01, 8.25],
			"to": [11.75, 3.01, 10.15],
			"rotation": {"angle": 0, "axis": "y", "origin": [1, 0, 1]},
			"faces": {
				"north": {"uv": [14, 0, 16, 2], "texture": "#0"},
				"east": {"uv": [14, 0, 16, 2], "texture": "#0"},
				"south": {"uv": [14, 0, 16, 2], "texture": "#0"},
				"west": {"uv": [14, 0, 16, 2], "texture": "#0"},
				"up": {"uv": [14, 0, 16, 2], "texture": "#0"},
				"down": {"uv": [14, 0, 16, 2], "texture": "#0"}
			}
		},
		{
			"from": [9.75, 0.01, 5.5],
			"to": [11.75, 3.01, 7.4],
			"rotation": {"angle": 0, "axis": "y", "origin": [1, 0, 1]},
			"faces": {
				"north": {"uv": [14, 8, 16, 10], "texture": "#0"},
				"east": {"uv": [14, 8, 16, 10], "texture": "#0"},
				"south": {"uv": [14, 8, 16, 10], "texture": "#0"},
				"west": {"uv": [14, 8, 16, 10], "texture": "#0"},
				"up": {"uv": [14, 8, 16, 10], "texture": "#0"},
				"down": {"uv": [14, 8, 16, 10], "texture": "#0"}
			}
		},
		{
			"from": [4, 2, 10.9],
			"to": [12, 3, 11.9],
			"rotation": {"angle": 0, "axis": "y", "origin": [1, 0, 1]},
			"faces": {
				"north": {"uv": [10, 1, 11, 9], "rotation": 90, "texture": "#0"},
				"east": {"uv": [1, 8, 9, 9], "texture": "#0"},
				"south": {"uv": [10, 1, 11, 9], "rotation": 90, "texture": "#0"},
				"west": {"uv": [1, 8, 9, 9], "texture": "#0"},
				"up": {"uv": [10, 1, 11, 9], "rotation": 90, "texture": "#0"},
				"down": {"uv": [1, 8, 9, 9], "texture": "#0"}
			}
		},
		{
			"from": [7, 0.01, 8.25],
			"to": [9, 3.01, 10.15],
			"rotation": {"angle": 0, "axis": "y", "origin": [1, 0, 1]},
			"faces": {
				"north": {"uv": [14, 0, 16, 2], "texture": "#0"},
				"east": {"uv": [14, 0, 16, 2], "texture": "#0"},
				"south": {"uv": [14, 0, 16, 2], "texture": "#0"},
				"west": {"uv": [14, 0, 16, 2], "texture": "#0"},
				"up": {"uv": [14, 4, 16, 6], "texture": "#0"},
				"down": {"uv": [14, 0, 16, 2], "texture": "#0"}
			}
		},
		{
			"from": [4.25, 0.01, 8.25],
			"to": [6.25, 3.01, 10.25],
			"rotation": {"angle": 0, "axis": "y", "origin": [1, 0, 1]},
			"faces": {
				"north": {"uv": [16, 8, 14, 6], "texture": "#0"},
				"east": {"uv": [16, 8, 14, 6], "texture": "#0"},
				"south": {"uv": [16, 8, 14, 6], "texture": "#0"},
				"west": {"uv": [16, 8, 14, 6], "texture": "#0"},
				"up": {"uv": [16, 8, 14, 6], "texture": "#0"},
				"down": {"uv": [16, 8, 14, 6], "texture": "#0"}
			}
		},
		{
			"from": [7, 0.01, 5.5],
			"to": [9, 3.01, 7.5],
			"rotation": {"angle": 0, "axis": "y", "origin": [1, 0, 1]},
			"faces": {
				"north": {"uv": [14, 6, 16, 8], "texture": "#0"},
				"east": {"uv": [14, 6, 16, 8], "texture": "#0"},
				"south": {"uv": [14, 6, 16, 8], "texture": "#0"},
				"west": {"uv": [14, 6, 16, 8], "texture": "#0"},
				"up": {"uv": [14, 6, 16, 8], "texture": "#0"},
				"down": {"uv": [14, 6, 16, 8], "texture": "#0"}
			}
		},
		{
			"from": [4.25, 0.01, 5.5],
			"to": [6.25, 3.01, 7.5],
			"rotation": {"angle": 0, "axis": "y", "origin": [1, 0, 1]},
			"faces": {
				"north": {"uv": [14, 4, 16, 6], "texture": "#0"},
				"east": {"uv": [14, 4, 16, 6], "texture": "#0"},
				"south": {"uv": [14, 4, 16, 6], "texture": "#0"},
				"west": {"uv": [14, 4, 16, 6], "texture": "#0"},
				"up": {"uv": [14, 4, 16, 6], "texture": "#0"},
				"down": {"uv": [14, 4, 16, 6], "texture": "#0"}
			}
		},
		{
			"from": [3, 5.17, 12.16],
			"to": [13, 6.17, 13.16],
			"rotation": {"angle": -22.5, "axis": "x", "origin": [0, 0, 0]},
			"faces": {
				"north": {"uv": [0, 0, 10, 1], "texture": "#0"},
				"east": {"uv": [0, 0, 1, 1], "texture": "#0"},
				"south": {"uv": [0, 0, 10, 1], "texture": "#0"},
				"west": {"uv": [0, 0, 1, 1], "texture": "#0"},
				"up": {"uv": [0, 0, 10, 1], "texture": "#0"},
				"down": {"uv": [0, 0, 10, 1], "texture": "#0"}
			}
		}
	],
	"gui_light": "front",
	"display": {
		"thirdperson_righthand": {
			"rotation": [63, 20, 0],
			"translation": [-1.25, 4.5, 3.75],
			"scale": [0.7, 0.7, 0.7]
		},
		"thirdperson_lefthand": {
			"rotation": [63, 20, 0],
			"translation": [-1.25, 4.5, 3.75],
			"scale": [0.7, 0.7, 0.7]
		},
		"firstperson_righthand": {
			"rotation": [26, 139, -16],
			"translation": [0.13, 5.45, -0.87],
			"scale": [0.74641, 0.74641, 0.74641]
		},
		"firstperson_lefthand": {
			"rotation": [26, 139, -16],
			"translation": [0.13, 5.45, -0.87],
			"scale": [0.74641, 0.74641, 0.74641]
		},
		"ground": {
			"translation": [0, 2, 0],
			"scale": [0.60352, 0.60352, 0.60352]
		},
		"gui": {
			"rotation": [31, 152, 0],
			"translation": [0, 3, 0],
			"scale": [1.07422, 1.07422, 1.07422]
		},
		"head": {
			"translation": [0, -14.25, 0],
			"scale": [2.26781, 2.26781, 2.26781]
		},
		"fixed": {
			"rotation": [-90, 0, 0],
			"translation": [0, 0, -15.75],
			"scale": [1.95703, 1.95703, 1.95703]
		}
	},
	"groups": [
		{
			"name": "box",
			"origin": [0, 0, 0],
			"color": 0,
			"children": [0, 1, 2, 3, 4, 5, 6, 7, 8, 9, 10, 11, 12]
		}
	]
}