{
	"format_version": "1.21.6",
	"credit": "Made by Satisfy",
	"textures": {
		"0": "candlelight:block/cooking_pot_side",
		"1": "candlelight:block/cooking_pot_inside",
		"particle": "candlelight:block/cooking_pot_side"
	},
	"elements": [
		{
			"from": [4, 0, 4],
			"to": [12, 1, 12],
			"rotation": {"angle": 0, "axis": "y", "origin": [13, 0, 10.5]},
			"faces": {
				"north": {"uv": [8, 0, 12, 3.5], "texture": "#1"},
				"east": {"uv": [8, 0, 12, 3.5], "texture": "#1"},
				"south": {"uv": [8, 0, 12, 3.5], "texture": "#1"},
				"west": {"uv": [8, 0, 12, 3.5], "texture": "#1"},
				"up": {"uv": [8, 8, 0, 0], "rotation": 90, "texture": "#1"},
				"down": {"uv": [8, 8, 0, 0], "rotation": 90, "texture": "#1"}
			}
		},
		{
			"from": [3, 10, 3],
			"to": [13, 12, 4],
			"rotation": {"angle": 0, "axis": "y", "origin": [13, 0, 10.5]},
			"faces": {
				"north": {"uv": [3, 3, 13, 5], "texture": "#0"},
				"east": {"uv": [3, 3, 4, 5], "texture": "#0"},
				"south": {"uv": [3, 3, 13, 5], "texture": "#0"},
				"west": {"uv": [12, 3, 13, 5], "texture": "#0"},
				"up": {"uv": [13, 3, 3, 4], "texture": "#0"},
				"down": {"uv": [6.5, 11, 6, 15], "rotation": 270, "texture": "#missing"}
			}
		},
		{
			"from": [3, 10, 12],
			"to": [13, 12, 13],
			"rotation": {"angle": 0, "axis": "y", "origin": [13, 0, 10.5]},
			"faces": {
				"north": {"uv": [3, 3, 13, 5], "texture": "#0"},
				"east": {"uv": [3, 3, 4, 5], "texture": "#0"},
				"south": {"uv": [3, 3, 13, 5], "texture": "#0"},
				"west": {"uv": [12, 3, 13, 5], "texture": "#0"},
				"up": {"uv": [13, 3, 3, 4], "texture": "#0"},
				"down": {"uv": [6.5, 11, 6, 15], "rotation": 270, "texture": "#missing"}
			}
		},
		{
			"from": [3, 0, 3],
			"to": [13, 10, 4],
			"rotation": {"angle": 0, "axis": "y", "origin": [13, 0, 10.5]},
			"faces": {
				"north": {"uv": [3, 6, 13, 16], "texture": "#0"},
				"east": {"uv": [3, 6, 4, 16], "texture": "#0"},
				"south": {"uv": [3, 5, 13, 15], "texture": "#0"},
				"west": {"uv": [3, 6, 4, 16], "texture": "#0"},
				"up": {"uv": [6.5, 15, 6, 11], "rotation": 90, "texture": "#missing"},
				"down": {"uv": [13, 15, 3, 16], "texture": "#0"}
			}
		},
		{
			"from": [3, 0, 12],
			"to": [13, 10, 13],
			"rotation": {"angle": 0, "axis": "y", "origin": [13, 0, 10.5]},
			"faces": {
				"north": {"uv": [3, 5, 13, 15], "texture": "#0"},
				"east": {"uv": [3, 6, 4, 16], "texture": "#0"},
				"south": {"uv": [3, 6, 13, 16], "texture": "#0"},
				"west": {"uv": [3, 6, 4, 16], "texture": "#0"},
				"up": {"uv": [6.5, 15, 6, 11], "rotation": 90, "texture": "#missing"},
				"down": {"uv": [13, 15, 3, 16], "texture": "#0"}
			}
		},
		{
			"from": [3, 0, 4],
			"to": [4, 10, 12],
			"rotation": {"angle": 0, "axis": "y", "origin": [13, 0, 10.5]},
			"faces": {
				"north": {"uv": [0, 14, 0.5, 15], "texture": "#missing"},
				"east": {"uv": [4, 5, 12, 15], "texture": "#0"},
				"south": {"uv": [13, 13, 13.5, 14], "texture": "#missing"},
				"west": {"uv": [4, 6, 12, 16], "texture": "#0"},
				"up": {"uv": [14, 7.5, 11, 7], "rotation": 90, "texture": "#missing"},
				"down": {"uv": [5, 16, 13, 15], "rotation": 90, "texture": "#0"}
			}
		},
		{
			"from": [12, 0, 4],
			"to": [13, 10, 12],
			"rotation": {"angle": 0, "axis": "y", "origin": [13, 0, 10.5]},
			"faces": {
				"north": {"uv": [0, 14, 0.5, 15], "texture": "#missing"},
				"east": {"uv": [4, 6, 12, 16], "texture": "#0"},
				"south": {"uv": [13, 13, 13.5, 14], "texture": "#missing"},
				"west": {"uv": [4, 5, 12, 15], "texture": "#0"},
				"up": {"uv": [14, 7.5, 11, 7], "rotation": 90, "texture": "#missing"},
				"down": {"uv": [4, 16, 12, 15], "rotation": 90, "texture": "#0"}
			}
		},
		{
			"from": [3, 10, 4],
			"to": [4, 12, 12],
			"rotation": {"angle": 0, "axis": "y", "origin": [13, 0, 10.5]},
			"faces": {
				"north": {"uv": [3, 3, 13, 5], "texture": "#0"},
				"east": {"uv": [4, 3, 12, 5], "texture": "#0"},
				"south": {"uv": [3, 3, 4, 5], "texture": "#0"},
				"west": {"uv": [4, 3, 12, 5], "texture": "#0"},
				"up": {"uv": [4, 4, 12, 3], "rotation": 90, "texture": "#0"},
				"down": {"uv": [6.5, 11, 6, 15], "rotation": 270, "texture": "#missing"}
			}
		},
		{
			"from": [12, 10, 4],
			"to": [13, 12, 12],
			"rotation": {"angle": 0, "axis": "y", "origin": [13, 0, 10.5]},
			"faces": {
				"north": {"uv": [3, 3, 13, 5], "texture": "#0"},
				"east": {"uv": [4, 3, 12, 5], "texture": "#0"},
				"south": {"uv": [3, 3, 4, 5], "texture": "#0"},
				"west": {"uv": [4, 3, 12, 5], "texture": "#0"},
				"up": {"uv": [4, 4, 12, 3], "rotation": 90, "texture": "#0"},
				"down": {"uv": [6.5, 11, 6, 15], "rotation": 270, "texture": "#missing"}
			}
		},
		{
			"from": [3, 10, 4],
			"to": [4, 12, 12],
			"rotation": {"angle": 0, "axis": "y", "origin": [13, 0, 10.5]},
			"faces": {
				"north": {"uv": [3, 3, 13, 5], "texture": "#0"},
				"east": {"uv": [4, 3, 12, 5], "texture": "#0"},
				"south": {"uv": [3, 3, 4, 5], "texture": "#0"},
				"west": {"uv": [4, 3, 12, 5], "texture": "#0"},
				"up": {"uv": [3, 4, 9, 3], "rotation": 90, "texture": "#0"},
				"down": {"uv": [6.5, 11, 6, 15], "rotation": 270, "texture": "#missing"}
			}
		},
		{
			"from": [1, 9, 11],
			"to": [3, 11, 12],
			"faces": {
				"north": {"uv": [14, 4, 16, 6], "texture": "#0"},
				"east": {"uv": [0, 0, 1, 2], "texture": "#missing"},
				"south": {"uv": [16, 8, 14, 10], "texture": "#0"},
				"west": {"uv": [14, 4, 16, 5], "rotation": 90, "texture": "#0"},
				"up": {"uv": [13, 4, 15, 5], "rotation": 180, "texture": "#0"},
				"down": {"uv": [13, 4, 15, 5], "rotation": 180, "texture": "#0"}
			}
		},
		{
			"from": [13, 9, 4],
			"to": [15, 11, 5],
			"faces": {
				"north": {"uv": [16, 8, 14, 10], "texture": "#0"},
				"east": {"uv": [14, 4, 16, 5], "rotation": 90, "texture": "#0"},
				"south": {"uv": [14, 4, 16, 6], "texture": "#0"},
				"west": {"uv": [0, 0, 1, 2], "texture": "#missing"},
				"up": {"uv": [13, 4, 15, 5], "rotation": 180, "texture": "#0"},
				"down": {"uv": [13, 4, 15, 5], "rotation": 180, "texture": "#0"}
			}
		},
		{
			"from": [1, 9, 4],
			"to": [3, 11, 5],
			"faces": {
				"north": {"uv": [14, 4, 16, 6], "texture": "#0"},
				"east": {"uv": [0, 0, 1, 2], "texture": "#missing"},
				"south": {"uv": [16, 8, 14, 10], "texture": "#0"},
				"west": {"uv": [14, 4, 16, 5], "rotation": 90, "texture": "#0"},
				"up": {"uv": [13, 4, 15, 5], "texture": "#0"},
				"down": {"uv": [13, 4, 15, 5], "rotation": 180, "texture": "#0"}
			}
		},
		{
			"from": [13, 9, 11],
			"to": [15, 11, 12],
			"faces": {
				"north": {"uv": [16, 8, 14, 10], "texture": "#0"},
				"east": {"uv": [14, 4, 16, 5], "rotation": 90, "texture": "#0"},
				"south": {"uv": [14, 4, 16, 6], "texture": "#0"},
				"west": {"uv": [0, 0, 1, 2], "texture": "#missing"},
				"up": {"uv": [13, 4, 15, 5], "rotation": 180, "texture": "#0"},
				"down": {"uv": [13, 4, 15, 5], "rotation": 180, "texture": "#0"}
			}
		},
		{
			"from": [1, 9, 5],
			"to": [2, 11, 11],
			"faces": {
				"north": {"uv": [0, 0, 1, 2], "texture": "#missing"},
				"east": {"uv": [14, 4, 16, 10], "rotation": 90, "texture": "#0"},
				"south": {"uv": [0, 0, 1, 2], "texture": "#missing"},
				"west": {"uv": [14, 5, 16, 11], "rotation": 90, "texture": "#0"},
				"up": {"uv": [14, 5, 15, 10], "texture": "#0"},
				"down": {"uv": [14, 5, 15, 10], "texture": "#0"}
			}
		},
		{
			"from": [14, 9, 5],
			"to": [15, 11, 11],
			"faces": {
				"north": {"uv": [0, 0, 1, 2], "texture": "#missing"},
				"east": {"uv": [14, 5, 16, 11], "rotation": 90, "texture": "#0"},
				"south": {"uv": [0, 0, 1, 2], "texture": "#missing"},
				"west": {"uv": [14, 4, 16, 10], "rotation": 90, "texture": "#0"},
				"up": {"uv": [14, 5, 15, 10], "rotation": 180, "texture": "#0"},
				"down": {"uv": [14, 5, 15, 10], "texture": "#0"}
			}
		}
	],
	"display": {
		"thirdperson_righthand": {
			"rotation": [15, 0, 0],
			"translation": [0, 4.5, 1.5],
			"scale": [0.55, 0.55, 0.55]
		},
		"thirdperson_lefthand": {
			"rotation": [15, 0, 0],
			"translation": [0, 4.5, 1.5],
			"scale": [0.55, 0.55, 0.55]
		},
		"firstperson_righthand": {
			"translation": [-1.62, 4.2, 1.13],
			"scale": [0.5, 0.5, 0.5]
		},
		"firstperson_lefthand": {
			"translation": [-1.62, 4.2, 1.13],
			"scale": [0.5, 0.5, 0.5]
		},
		"ground": {
			"translation": [0, 2, 0],
			"scale": [0.5, 0.5, 0.5]
		},
		"gui": {
			"rotation": [0, 90, 0],
			"translation": [0, 13.75, 0],
			"scale": [2.5, 2.5, 2.5]
		},
		"head": {
			"rotation": [0, -180, 0],
			"translation": [0, 14.5, -0.25]
		},
		"fixed": {
			"rotation": [-90, -180, 0],
			"translation": [0, 0.75, -8]
		}
	},
	"groups": [
		{
			"name": "bone",
			"origin": [13, 0, 10.5],
			"color": 0,
			"children": [
				0,
				{
					"name": "bone2",
					"origin": [13, 0, 10.5],
					"color": 0,
					"children": [1, 2, 3, 4, 5, 6, 7, 8, 9]
				}
			]
		},
		10,
		11,
		12,
		13,
		14,
		15
	]
}