{
	"format_version": "1.21.6",
	"credit": "Made by Satisfy",
	"textures": {
		"4": "candlelight:block/jewelry_box",
		"particle": "candlelight:block/jewelry_box"
	},
	"elements": [
		{
			"from": [5, 0, 5],
			"to": [11, 2, 11],
			"faces": {
				"north": {"uv": [0, 13, 6, 15], "texture": "#4"},
				"east": {"uv": [0, 13, 6, 15], "texture": "#4"},
				"south": {"uv": [0, 13, 6, 15], "texture": "#4"},
				"west": {"uv": [0, 13, 6, 15], "texture": "#4"},
				"up": {"uv": [6, 12, 0, 6], "texture": "#4"},
				"down": {"uv": [6, 6, 0, 0], "texture": "#4"}
			}
		},
		{
			"from": [5, 3, 5],
			"to": [11, 5, 11],
			"rotation": {"angle": 0, "axis": "x", "origin": [8, 1, 8]},
			"faces": {
				"north": {"uv": [12, 8, 6, 6], "rotation": 180, "texture": "#4"},
				"east": {"uv": [6, 10, 12, 8], "rotation": 180, "texture": "#4"},
				"south": {"uv": [12, 9, 6, 7], "texture": "#4"},
				"west": {"uv": [6, 6, 12, 8], "texture": "#4"},
				"up": {"uv": [12, 6, 6, 0], "texture": "#4"},
				"down": {"uv": [6, 6, 0, 0], "rotation": 180, "texture": "#4"}
			}
		},
		{
			"from": [7, 3, 4],
			"to": [9, 5, 5],
			"rotation": {"angle": 0, "axis": "x", "origin": [8, 1, 8]},
			"faces": {
				"north": {"uv": [6, 12, 8, 14], "rotation": 270, "texture": "#4"},
				"east": {"uv": [6, 12, 7, 14], "rotation": 180, "texture": "#4"},
				"south": {"uv": [6, 12, 8, 14], "rotation": 90, "texture": "#4"},
				"west": {"uv": [7, 12, 8, 14], "texture": "#4"},
				"up": {"uv": [6, 12, 7, 14], "rotation": 90, "texture": "#4"},
				"down": {"uv": [7, 12, 8, 14], "rotation": 270, "texture": "#4"}
			}
		},
		{
			"from": [10, 2, 5],
			"to": [11, 3, 11],
			"faces": {
				"north": {"uv": [0, 12, 1, 13], "texture": "#4"},
				"east": {"uv": [0, 12, 6, 13], "texture": "#4"},
				"south": {"uv": [0, 12, 1, 13], "texture": "#4"},
				"west": {"uv": [7, 3.5, 10, 4], "texture": "#4"},
				"up": {"uv": [0, 12, 6, 13], "rotation": 90, "texture": "#4"},
				"down": {"uv": [7.5, 4, 7, 7], "texture": "#4"}
			}
		},
		{
			"from": [5, 2, 5],
			"to": [6, 3, 11],
			"faces": {
				"north": {"uv": [0, 12, 1, 13], "texture": "#4"},
				"east": {"uv": [0, 12, 6, 13], "texture": "#4"},
				"south": {"uv": [0, 12, 1, 13], "texture": "#4"},
				"west": {"uv": [0, 12, 6, 13], "texture": "#4"},
				"up": {"uv": [0, 12, 6, 13], "rotation": 90, "texture": "#4"},
				"down": {"uv": [8, 4.5, 7.5, 7.5], "texture": "#4"}
			}
		},
		{
			"from": [6, 2, 5],
			"to": [10, 3, 6],
			"faces": {
				"north": {"uv": [5, 12, 1, 13], "texture": "#4"},
				"east": {"uv": [0.5, 9, 1, 9.5], "texture": "#4"},
				"south": {"uv": [7, 7.5, 9, 8], "texture": "#4"},
				"west": {"uv": [9, 0.5, 9.5, 1], "texture": "#4"},
				"up": {"uv": [5, 12, 1, 13], "texture": "#4"},
				"down": {"uv": [10, 4.5, 8, 5], "texture": "#4"}
			}
		},
		{
			"from": [6, 2, 10],
			"to": [10, 3, 11],
			"faces": {
				"north": {"uv": [5, 8, 7, 8.5], "texture": "#4"},
				"east": {"uv": [1, 9, 1.5, 9.5], "texture": "#4"},
				"south": {"uv": [5, 12, 1, 13], "texture": "#4"},
				"west": {"uv": [9, 1, 9.5, 1.5], "texture": "#4"},
				"up": {"uv": [5, 12, 1, 13], "texture": "#4"},
				"down": {"uv": [10, 6, 8, 6.5], "texture": "#4"}
			}
		}
	],
	"gui_light": "front",
	"display": {
		"thirdperson_righthand": {
			"rotation": [43.75, 0, 0],
			"translation": [0, 3.25, 2.25],
			"scale": [0.6, 0.6, 0.6]
		},
		"thirdperson_lefthand": {
			"rotation": [43.75, 0, 0],
			"translation": [0, 3.25, 2.25],
			"scale": [0.6, 0.6, 0.6]
		},
		"firstperson_righthand": {
			"translation": [-0.75, 5.5, 0.5],
			"scale": [0.7, 0.7, 0.7]
		},
		"firstperson_lefthand": {
			"translation": [-0.75, 5.5, 0.5],
			"scale": [0.7, 0.7, 0.7]
		},
		"ground": {
			"translation": [0, 2, 0],
			"scale": [0.60352, 0.60352, 0.60352]
		},
		"gui": {
			"rotation": [36, 146, 0],
			"translation": [-0.25, 3.75, 0],
			"scale": [1.29688, 1.29688, 1.29688]
		},
		"head": {
			"translation": [0, -14.25, 0],
			"scale": [2.26781, 2.26781, 2.26781]
		},
		"fixed": {
			"rotation": [-90, 0, 0],
			"translation": [0, 0, -15.5],
			"scale": [1.95703, 1.95703, 1.95703]
		}
	},
	"groups": [
		{
			"name": "box",
			"origin": [0, 0, 0],
			"color": 0,
			"children": [0, 1, 2, 3, 4, 5, 6]
		}
	]
}