{
	"format_version": "1.21.6",
	"credit": "Made by Satisfy",
	"textures": {
		"1": "candlelight:block/plate",
		"particle": "candlelight:block/plate"
	},
	"elements": [
		{
			"name": "base",
			"from": [6, 0, 6],
			"to": [10, 1, 10],
			"rotation": {"angle": 0, "axis": "y", "origin": [11, 0, 0]},
			"faces": {
				"north": {"uv": [0, 14, 4, 15], "texture": "#1"},
				"east": {"uv": [0, 14, 4, 15], "texture": "#1"},
				"south": {"uv": [0, 14, 4, 15], "texture": "#1"},
				"west": {"uv": [0, 14, 4, 15], "texture": "#1"},
				"up": {"uv": [0, 12, 4, 16], "texture": "#1"},
				"down": {"uv": [3, 12, 7, 16], "texture": "#1"}
			}
		},
		{
			"name": "stalk",
			"from": [7.5, 1, 7.5],
			"to": [8.5, 6, 8.5],
			"rotation": {"angle": 0, "axis": "y", "origin": [13.5, 0, 1.5]},
			"faces": {
				"north": {"uv": [2, 14, 7, 15], "rotation": 90, "texture": "#1"},
				"east": {"uv": [2, 13, 7, 14], "rotation": 90, "texture": "#1"},
				"south": {"uv": [2, 14, 7, 15], "rotation": 90, "texture": "#1"},
				"west": {"uv": [2, 13, 7, 14], "rotation": 90, "texture": "#1"},
				"up": {"uv": [5, 12, 6, 13], "texture": "#1"},
				"down": {"uv": [5, 12, 6, 13], "texture": "#1"}
			}
		},
		{
			"from": [7, 6, 7],
			"to": [9, 7, 9],
			"rotation": {"angle": 0, "axis": "y", "origin": [7, 0, 1]},
			"faces": {
				"north": {"uv": [3, 12, 4, 14], "texture": "#1"},
				"east": {"uv": [3, 12, 4, 14], "texture": "#1"},
				"south": {"uv": [3, 12, 4, 14], "texture": "#1"},
				"west": {"uv": [3, 12, 4, 14], "texture": "#1"},
				"up": {"uv": [3, 12, 5, 14], "texture": "#1"},
				"down": {"uv": [3, 12, 5, 14], "texture": "#1"}
			}
		},
		{
			"from": [7, 6, 6],
			"to": [9, 14, 7],
			"rotation": {"angle": 0, "axis": "y", "origin": [6.5, 0, -5.5]},
			"faces": {
				"north": {"uv": [8, 13, 16, 15], "rotation": 90, "texture": "#1"},
				"east": {"uv": [8, 12, 16, 13], "rotation": 90, "texture": "#1"},
				"south": {"uv": [8, 13, 16, 15], "rotation": 90, "texture": "#1"},
				"west": {"uv": [8, 15, 16, 16], "rotation": 90, "texture": "#1"},
				"up": {"uv": [15, 13, 16, 15], "rotation": 90, "texture": "#1"},
				"down": {"uv": [8, 13, 9, 15], "rotation": 90, "texture": "#1"}
			}
		},
		{
			"from": [7, 6, 9],
			"to": [9, 14, 10],
			"rotation": {"angle": 0, "axis": "y", "origin": [6.5, 0, -5.5]},
			"faces": {
				"north": {"uv": [8, 13, 16, 15], "rotation": 90, "texture": "#1"},
				"east": {"uv": [8, 12, 16, 13], "rotation": 90, "texture": "#1"},
				"south": {"uv": [8, 13, 16, 15], "rotation": 90, "texture": "#1"},
				"west": {"uv": [8, 15, 16, 16], "rotation": 90, "texture": "#1"},
				"up": {"uv": [15, 13, 16, 15], "rotation": 90, "texture": "#1"},
				"down": {"uv": [8, 13, 9, 15], "rotation": 90, "texture": "#1"}
			}
		},
		{
			"from": [6, 6, 6],
			"to": [7, 14, 10],
			"rotation": {"angle": 0, "axis": "y", "origin": [6.5, 0, -6]},
			"faces": {
				"north": {"uv": [8, 15, 16, 16], "rotation": 90, "texture": "#1"},
				"east": {"uv": [8, 12, 16, 16], "rotation": 90, "texture": "#1"},
				"south": {"uv": [8, 12, 16, 13], "rotation": 90, "texture": "#1"},
				"west": {"uv": [8, 12, 16, 16], "rotation": 90, "texture": "#1"},
				"up": {"uv": [15, 12, 16, 16], "texture": "#1"},
				"down": {"uv": [8, 12, 9, 16], "texture": "#1"}
			}
		},
		{
			"from": [9, 6, 6],
			"to": [10, 14, 10],
			"rotation": {"angle": 0, "axis": "y", "origin": [6.5, 0, -6]},
			"faces": {
				"north": {"uv": [8, 15, 16, 16], "rotation": 90, "texture": "#1"},
				"east": {"uv": [8, 12, 16, 16], "rotation": 90, "texture": "#1"},
				"south": {"uv": [8, 12, 16, 13], "rotation": 90, "texture": "#1"},
				"west": {"uv": [8, 12, 16, 16], "rotation": 90, "texture": "#1"},
				"up": {"uv": [15, 12, 16, 16], "texture": "#1"},
				"down": {"uv": [8, 12, 9, 16], "texture": "#1"}
			}
		}
	],
	"display": {
		"thirdperson_righthand": {
			"translation": [-0.5, 1, 0.5],
			"scale": [0.7, 0.7, 0.7]
		},
		"thirdperson_lefthand": {
			"translation": [-0.5, 1, 0.5],
			"scale": [0.7, 0.7, 0.7]
		},
		"firstperson_righthand": {
			"translation": [0, -0.25, 0.25],
			"scale": [0.7, 0.7, 0.7]
		},
		"firstperson_lefthand": {
			"translation": [0, -0.25, 0.25],
			"scale": [0.7, 0.7, 0.7]
		},
		"ground": {
			"translation": [0, 2, 0],
			"scale": [0.53516, 0.53516, 0.53516]
		},
		"gui": {
			"rotation": [41, 171, 0],
			"translation": [0, 1, 0],
			"scale": [0.67773, 0.67773, 0.67773]
		},
		"head": {
			"translation": [0, -14.25, 0],
			"scale": [2.26781, 2.26781, 2.26781]
		},
		"fixed": {
			"rotation": [-90, 0, 0],
			"translation": [0, 0, -15.25],
			"scale": [1.95703, 1.95703, 1.95703]
		}
	},
	"groups": [
		{
			"name": "1",
			"origin": [8, 8, 8],
			"color": 0,
			"children": [0, 1, 2, 3, 4, 5, 6]
		}
	]
}