{
	"type": "apotheosis:attribute",
	"attribute": "minecraft:generic.movement_speed",
	"operation": "MULTIPLY_TOTAL",
	"values": {
		"common": {
			"min": 0.02,
			"steps": 2,
			"step": 0.01
		},
		"uncommon": {
			"min": 0.02,
			"steps": 3,
			"step": 0.01
		},
		"rare": {
			"min": 0.025,
			"steps": 3,
			"step": 0.01
		},
		"epic": {
			"min": 0.035,
			"steps": 4,
			"step": 0.01
		},
		"mythic": {
			"min": 0.045,
			"steps": 4,
			"step": 0.01
		},
		"ancient": {
			"min": 0.055,
			"steps": 5,
			"step": 0.01
		}
	},
	"types": [
		"leggings", "boots"
	]
}