{
	"type": "apotheosis:attribute",
	"attribute": "forge:entity_gravity",
	"operation": "MULTIPLY_TOTAL",
	"values": {
		"common": {
			"min": 0.05,
			"steps": 2,
			"step": 0.025
		},
		"uncommon": {
			"min": 0.075,
			"steps": 3,
			"step": 0.05
		},
		"rare": {
			"min": 0.125,
			"steps": 3,
			"step": 0.06
		},
		"epic": {
			"min": 0.15,
			"steps": 4,
			"step": 0.07
		},
		"mythic": {
			"min": 0.15,
			"steps": 4,
			"step": 0.08
		},
		"ancient": {
			"min": 0.2,
			"steps": 5,
			"step": 0.08
		}
	},
	"types": [
		"boots"
	]
}