{
	"format_version": "1.8.0",
	"animations": {
		"animation.ghost.ground_idle": {
			"loop": true,
			"bones": {
				"torso": {
					"rotation": [0, 0, 2.5]
				},
				"tail": {
					"rotation": [9.96271, 0.86717, -4.92442]
				},
				"tail2": {
					"rotation": [17.43745, 1.50179, -4.76968]
				},
				"tail3": {
					"rotation": [0, 0, -12.5]
				},
				"tail4": {
					"rotation": [7.38733, 1.29876, -9.91615]
				},
				"tail5": {
					"rotation": [0, 0, -12.5]
				},
				"left_hand": {
					"rotation": [53.10158, 33.61456, 47.695],
					"position": [
						"0*math.sin(q.anim_time*90*2)*0.4-2.25*math.sin(q.anim_time*90*2-30)*0.4+2.25*math.sin(q.anim_time*90*2-60)*0.4-2.25*math.sin(q.anim_time*90*2-90)*0.4",
						"2*math.sin(q.anim_time*90*2)*0.4-2.25*math.sin(q.anim_time*90*2-30)*0.4-2.25*math.sin(q.anim_time*90*2-60)*0.4+2.25*math.sin(q.anim_time*90*2-90)*0.4",
						-6
					]
				},
				"left_thumb": {
					"rotation": [52.5, 0, 0]
				},
				"left_hand2": {
					"rotation": [0, 0, 45]
				},
				"right_hand": {
					"rotation": [28.61928, -39.68013, -40.51675],
					"position": [
						"0*math.sin(q.anim_time*90*2)*0.4-2.25*math.sin(q.anim_time*90*2-30)*0.4+2.25*math.sin(q.anim_time*90*2-60)*0.4-2.25*math.sin(q.anim_time*90*2-90)*0.4",
						"1*math.sin(q.anim_time*90*2)*0.4-2.25*math.sin(q.anim_time*90*2-30)*0.4-2.25*math.sin(q.anim_time*90*2-60)*0.4+2.25*math.sin(q.anim_time*90*2-90)*0.4",
						-5
					]
				},
				"right_thumb": {
					"rotation": [62.5, 0, 0]
				},
				"right_hand2": {
					"rotation": [0, 0, -32.5]
				},
				"body": {
					"rotation": [5, 0, "0.4*math.sin(q.anim_time*90*10)"],
					"position": [
						"2.25*math.sin(q.anim_time*90*2)*0.4-2.25*math.sin(q.anim_time*90*2-30)*0.4+2.25*math.sin(q.anim_time*90*2-60)*0.4-2.25*math.sin(q.anim_time*90*2-90)*0.4",
						"0*math.sin(q.anim_time*90*2)*0.4-2.25*math.sin(q.anim_time*90*2-30)*0.4-2.25*math.sin(q.anim_time*90*2-60)*0.4+2.25*math.sin(q.anim_time*90*2-90)*0.4",
						0
					]
				}
			}
		},
		"animation.ghost.ground_walk": {
			"loop": true,
			"bones": {
				"torso": {
					"rotation": [15, 0, 2.5]
				},
				"tail": {
					"rotation": [24.96271, 0.86717, -4.92442],
					"position": [0, 1, 0]
				},
				"tail2": {
					"rotation": [17.43745, 1.50179, -4.76968]
				},
				"tail3": {
					"rotation": [0, 0, -12.5]
				},
				"tail4": {
					"rotation": [7.38733, 1.29876, -9.91615]
				},
				"tail5": {
					"rotation": [0, 0, -12.5]
				},
				"left_hand": {
					"rotation": [68.40154, 73.49012, 56.92848],
					"position": [
						"0*math.sin(q.anim_time*90*2)*0.6-2.25*math.sin(q.anim_time*90*2-30)*0.6+2.25*math.sin(q.anim_time*90*2-60)*0.6-2.25*math.sin(q.anim_time*90*2-90)*0.6",
						"2*math.sin(q.anim_time*90*2)*0.6-2.25*math.sin(q.anim_time*90*2-30)*0.6-2.25*math.sin(q.anim_time*90*2-60)*0.6+2.25*math.sin(q.anim_time*90*2-90)*0.6",
						-6
					]
				},
				"left_thumb": {
					"rotation": [52.5, 0, 0]
				},
				"left_hand2": {
					"rotation": [0, 0, 45]
				},
				"right_hand": {
					"rotation": [-6.09844, -72.37923, 7.50387],
					"position": [
						"0*math.sin(q.anim_time*90*2)*0.6-2.25*math.sin(q.anim_time*90*2-30)*0.6+2.25*math.sin(q.anim_time*90*2-60)*0.6-2.25*math.sin(q.anim_time*90*2-90)*0.6",
						"1*math.sin(q.anim_time*90*2)*0.6-2.25*math.sin(q.anim_time*90*2-30)*0.6-2.25*math.sin(q.anim_time*90*2-60)*0.6+2.25*math.sin(q.anim_time*90*2-90)*0.6",
						-6
					]
				},
				"right_thumb": {
					"rotation": [62.5, 0, 0]
				},
				"right_hand2": {
					"rotation": [0, 0, -32.5]
				},
				"body": {
					"rotation": [5, 0, "0.4*math.sin(q.anim_time*90*10)"],
					"position": [
						"2.25*math.sin(q.anim_time*90*2)*0.6-2.25*math.sin(q.anim_time*90*2-30)*0.6+2.25*math.sin(q.anim_time*90*2-60)*0.6-2.25*math.sin(q.anim_time*90*2-90)*0.6",
						"0*math.sin(q.anim_time*90*2)*0.6-2.25*math.sin(q.anim_time*90*2-30)*0.6-2.25*math.sin(q.anim_time*90*2-60)*0.6+2.25*math.sin(q.anim_time*90*2-90)*0.6",
						0
					]
				}
			}
		},
		"animation.ghost.air_idle": {
			"loop": true,
			"bones": {
				"torso": {
					"rotation": [0, 0, 2.5]
				},
				"tail": {
					"rotation": [9.96271, 0.86717, -4.92442]
				},
				"tail2": {
					"rotation": [17.43745, 1.50179, -4.76968]
				},
				"tail3": {
					"rotation": [0, 0, -12.5]
				},
				"tail4": {
					"rotation": [7.38733, 1.29876, -9.91615]
				},
				"tail5": {
					"rotation": [0, 0, -12.5]
				},
				"left_hand": {
					"rotation": [53.10158, 33.61456, 47.695],
					"position": [
						"0*math.sin(q.anim_time*90*2)*0.4-2.25*math.sin(q.anim_time*90*2-30)*0.4+2.25*math.sin(q.anim_time*90*2-60)*0.4-2.25*math.sin(q.anim_time*90*2-90)*0.4",
						"2*math.sin(q.anim_time*90*2)*0.4-2.25*math.sin(q.anim_time*90*2-30)*0.4-2.25*math.sin(q.anim_time*90*2-60)*0.4+2.25*math.sin(q.anim_time*90*2-90)*0.4",
						-6
					]
				},
				"left_thumb": {
					"rotation": [52.5, 0, 0]
				},
				"left_hand2": {
					"rotation": [0, 0, 45]
				},
				"right_hand": {
					"rotation": [28.61928, -39.68013, -40.51675],
					"position": [
						"0*math.sin(q.anim_time*90*2)*0.4-2.25*math.sin(q.anim_time*90*2-30)*0.4+2.25*math.sin(q.anim_time*90*2-60)*0.4-2.25*math.sin(q.anim_time*90*2-90)*0.4",
						"1*math.sin(q.anim_time*90*2)*0.4-2.25*math.sin(q.anim_time*90*2-30)*0.4-2.25*math.sin(q.anim_time*90*2-60)*0.4+2.25*math.sin(q.anim_time*90*2-90)*0.4",
						-5
					]
				},
				"right_thumb": {
					"rotation": [62.5, 0, 0]
				},
				"right_hand2": {
					"rotation": [0, 0, -32.5]
				},
				"body": {
					"rotation": [5, 0, "0.4*math.sin(q.anim_time*90*10)"],
					"position": [
						"2.25*math.sin(q.anim_time*90*2)*0.4-2.25*math.sin(q.anim_time*90*2-30)*0.4+2.25*math.sin(q.anim_time*90*2-60)*0.4-2.25*math.sin(q.anim_time*90*2-90)*0.4",
						"0*math.sin(q.anim_time*90*2)*0.4-2.25*math.sin(q.anim_time*90*2-30)*0.4-2.25*math.sin(q.anim_time*90*2-60)*0.4+2.25*math.sin(q.anim_time*90*2-90)*0.4",
						0
					]
				}
			}
		},
		"animation.ghost.air_fly": {
			"loop": true,
			"bones": {
				"torso": {
					"rotation": [15, 0, 2.5]
				},
				"tail": {
					"rotation": [24.96271, 0.86717, -4.92442],
					"position": [0, 1, 0]
				},
				"tail2": {
					"rotation": [17.43745, 1.50179, -4.76968]
				},
				"tail3": {
					"rotation": [0, 0, -12.5]
				},
				"tail4": {
					"rotation": [7.38733, 1.29876, -9.91615]
				},
				"tail5": {
					"rotation": [0, 0, -12.5]
				},
				"left_hand": {
					"rotation": [68.40154, 73.49012, 56.92848],
					"position": [
						"0*math.sin(q.anim_time*90*2)*0.6-2.25*math.sin(q.anim_time*90*2-30)*0.6+2.25*math.sin(q.anim_time*90*2-60)*0.6-2.25*math.sin(q.anim_time*90*2-90)*0.6",
						"2*math.sin(q.anim_time*90*2)*0.6-2.25*math.sin(q.anim_time*90*2-30)*0.6-2.25*math.sin(q.anim_time*90*2-60)*0.6+2.25*math.sin(q.anim_time*90*2-90)*0.6",
						-6
					]
				},
				"left_thumb": {
					"rotation": [52.5, 0, 0]
				},
				"left_hand2": {
					"rotation": [0, 0, 45]
				},
				"right_hand": {
					"rotation": [-6.09844, -72.37923, 7.50387],
					"position": [
						"0*math.sin(q.anim_time*90*2)*0.6-2.25*math.sin(q.anim_time*90*2-30)*0.6+2.25*math.sin(q.anim_time*90*2-60)*0.6-2.25*math.sin(q.anim_time*90*2-90)*0.6",
						"1*math.sin(q.anim_time*90*2)*0.6-2.25*math.sin(q.anim_time*90*2-30)*0.6-2.25*math.sin(q.anim_time*90*2-60)*0.6+2.25*math.sin(q.anim_time*90*2-90)*0.6",
						-6
					]
				},
				"right_thumb": {
					"rotation": [62.5, 0, 0]
				},
				"right_hand2": {
					"rotation": [0, 0, -32.5]
				},
				"body": {
					"rotation": [5, 0, "0.4*math.sin(q.anim_time*90*10)"],
					"position": [
						"2.25*math.sin(q.anim_time*90*2)*0.6-2.25*math.sin(q.anim_time*90*2-30)*0.6+2.25*math.sin(q.anim_time*90*2-60)*0.6-2.25*math.sin(q.anim_time*90*2-90)*0.6",
						"0*math.sin(q.anim_time*90*2)*0.6-2.25*math.sin(q.anim_time*90*2-30)*0.6-2.25*math.sin(q.anim_time*90*2-60)*0.6+2.25*math.sin(q.anim_time*90*2-90)*0.6",
						0
					]
				}
			}
		}
	}
}