{
  "species": "cobblemon:ghost",
  "order": 0,
  "variations": [
    {
      "aspects": [],
      "poser": "cobblemon:ghost",
      "model": "cobblemon:ghost.geo",
      "texture": "cobblemon:textures/ghost/ghost.png",
      "layers": [
        {
          "name": "emissive",
          "emissive": true,
          "texture": "cobblemon:textures/ghost/ghost_emissive.png",
          "translucent": true
        }
      ]
    },
    {
      "aspects": [
        "shiny"
      ],
      "texture": "cobblemon:textures/ghost/ghost_shiny.png",
      "layers": [
        {
          "name": "emissive",
          "emissive": true,
          "texture": "cobblemon:textures/ghost/ghost_shiny_emissive.png",
          "translucent": true
        }
      ]
    }
  ]
}