{
  "type": "minecraft:archaeology",
  "pools": [
    {
      "rolls": 1,
      "bonus_rolls": 0,
      "entries": [
        {
          "type": "minecraft:item",
          "weight": 1,
          "name": "minecraft:flint_and_steel"
        },
        {
          "type": "minecraft:item",
          "weight": 1,
          "name": "minecraft:snort_pottery_sherd"
        },
        {
          "type": "minecraft:item",
          "weight": 1,
          "name": "minecraft:shelter_pottery_sherd"
        },
        {
          "type": "minecraft:item",
          "weight": 1,
          "name": "minecraft:explorer_pottery_sherd"
        },
        {
          "type": "minecraft:item",
          "weight": 1,
          "name": "minecraft:arms_up_pottery_sherd"
        },
        {
          "type": "minecraft:item",
          "weight": 1,
          "name": "minecraft:howl_pottery_sherd"
        },
        {
          "type": "minecraft:item",
          "weight": 1,
          "name": "create:crushed_raw_copper"
        },
        {
          "type": "minecraft:item",
          "weight": 1,
          "name": "create:crushed_raw_zinc"
        },
        {
          "type": "minecraft:item",
          "weight": 1,
          "name": "create:crushed_raw_iron"
        },
        {
          "type": "minecraft:item",
          "weight": 1,
          "name": "minecraft:iron_axe"
        },
        {
          "type": "minecraft:item",
          "weight": 1,
          "name": "minecraft:pink_stained_glass_pane"
        },
        {
          "type": "minecraft:item",
          "weight": 1,
          "name": "minecraft:pink_candle"
        },
        {
          "type": "minecraft:item",
          "weight": 1,
          "name": "quark:pink_shard"
        },
        {
          "type": "minecraft:item",
          "weight": 1,
          "name": "minecraft:written_book",
          "functions": [
            {
              "function":"set_nbt",
        "tag":"{
          pages:[
              \"[
                \\\"\\\",
                {\\\"text\\\":\\\"§kREDACTED\\\"},
                {\\\"text\\\":\\\"§l’s Journal\nDay 202\n\n\\\"},
                {\\\"text\\\":\\\"I stumbled across these myserterious rocks during my travels. \\\"},
                {\\\"text\\\":\\\"There's remains of an ancient civilization in these lands...\\\"}
              ]\"
            ],
            title:Journal,
            author:Unknown,
            display:{Lore:[\"Found in a myserterious henge\"]}
            }"},
            {
              "function": "minecraft:set_name",
              "name": "Henge Journal 1/3",
              "add": false
            }
          ]
        },
        {
          "type": "minecraft:item",
          "weight": 1,
          "name": "minecraft:written_book",
          "functions": [
            {
              "function":"set_nbt",
        "tag":"{
          pages:[
              \"[
                \\\"\\\",
                {\\\"text\\\":\\\"§kREDACTED\\\"},
                {\\\"text\\\":\\\"§l’s Journal\nDay 209\n\n\\\"},
                {\\\"text\\\":\\\"I've been investigating these ruins for a few days now. \\\"},
                {\\\"text\\\":\\\"I found the secret...\\\"}
              ]\",
              \"[
                {\\\"text\\\":\\\"Create a spark of light...\\\"}
              ]\"
            ],
            title:Journal,
            author:Unknown,
            display:{Lore:[\"Found in a myserterious henge\"]}
            }"},
            {
              "function": "minecraft:set_name",
              "name": "Henge Journal 2/3",
              "add": false
            }
          ]
        },
        {
          "type": "minecraft:item",
          "weight": 1,
          "name": "minecraft:written_book",
          "functions": [
            {
              "function":"set_nbt",
        "tag":"{
          pages:[
              \"[
                \\\"\\\",
                {\\\"text\\\":\\\"Give me food, and I will live.\n\\\"},
                {\\\"text\\\":\\\"Give me water, and I will die.\n\\\"},
                {\\\"text\\\":\\\"What am I?\\\"}
              ]\"
            ],
            title:Journal,
            author:Unknown,
            display:{Lore:[\"Found in a myserterious henge\"]}
            }"},
            {
              "function": "minecraft:set_name",
              "name": "Henge Journal 3/3",
              "add": false
            }
          ]
        }
      ]
    }
  ]
}