{
	"__comment":"Designed by GeForceLegend",
	"parent":"block/block",
	"textures":{
		"particle":"#lantern"
	},
	"elements":[
		{
			"from":[5,0,5],
			"to":[11,7,11],
			"light_emission":15,
			"faces":{
				"north":{"uv":[0,2,6,9],"texture":"#lantern"},
				"east":{"uv":[0,2,6,9],"texture":"#lantern"},
				"south":{"uv":[0,2,6,9],"texture":"#lantern"},
				"west":{"uv":[0,2,6,9],"texture":"#lantern"},
				"up":{"uv":[0,9,6,15],"texture":"#lantern"},
				"down":{"uv":[0,9,6,15],"texture":"#lantern","cullface":"down"}
			}
		},
		{
			"from":[6,7,6],
			"to":[10,9,10],
			"light_emission":15,
			"faces":{
				"north":{"uv":[1,0,5,2],"texture":"#lantern"},
				"east":{"uv":[1,0,5,2],"texture":"#lantern"},
				"south":{"uv":[1,0,5,2],"texture":"#lantern"},
				"west":{"uv":[1,0,5,2],"texture":"#lantern"},
				"up":{"uv":[1,10,5,14],"texture":"#lantern"}
			}
		},
		{
			"from":[8.5,9,7.5],
			"to":[9.5,11,8.5],
			"light_emission":15,
			"rotation":{"angle":-45,"axis":"y","origin":[8,1,8]},
			"faces":{
				"north":{"uv":[11,10,12,12],"texture":"#lantern"},
				"east":{"uv":[11,10,12,12],"texture":"#lantern"},
				"south":{"uv":[11,10,12,12],"texture":"#lantern"},
				"west":{"uv":[11,10,12,12],"texture":"#lantern"},
				"up":{"uv":[11,10,12,11],"texture":"#lantern"}
			}
		},
		{
			"from":[6.5,9,7.5],
			"to":[7.5,11,8.5],
			"light_emission":15,
			"rotation":{"angle":-45,"axis":"y","origin":[8,1,8]},
			"faces":{
				"north":{"uv":[13,10,14,12],"texture":"#lantern"},
				"east":{"uv":[13,10,14,12],"texture":"#lantern"},
				"south":{"uv":[13,10,14,12],"texture":"#lantern"},
				"west":{"uv":[13,10,14,12],"texture":"#lantern"},
				"up":{"uv":[13,10,14,11],"texture":"#lantern"}
			}
		},
		{
			"from":[7.5,10,7.5],
			"to":[8.5,11,8.5],
			"light_emission":15,
			"rotation":{"angle":-45,"axis":"y","origin":[8,1,8]},
			"faces":{
				"north":{"uv":[12,10,13,11],"texture":"#lantern"},
				"south":{"uv":[12,10,13,11],"texture":"#lantern"},
				"up":{"uv":[12,10,13,11],"texture":"#lantern"},
				"down":{"uv":[12,10,13,11],"texture":"#lantern"}
			}
		}
	],
	"display":{
		"gui":{
			"rotation":[30,225,0],
			"translation":[0,2,0],
			"scale":[1,1,1]
		},
		"ground":{
			"rotation":[0,0,0],
			"translation":[0,4,0],
			"scale":[0.5,0.5,0.5]
		},
		"fixed":{
			"rotation":[0,0,0],
			"translation":[0,3,0],
			"scale":[1,1,1]
		},
		"thirdperson_righthand":{
			"rotation":[0,0,0],
			"translation":[0,2.5,0],
			"scale":[0.55,0.55,0.55]
		},
		"firstperson_righthand":{
			"rotation":[0,45,0],
			"translation":[0,3,0],
			"scale":[0.6,0.6,0.6]
		},
		"firstperson_lefthand":{
			"rotation":[0,225,0],
			"translation":[0,3,0],
			"scale":[0.6,0.6,0.6]
		}
	}
}
