{
	"__comment":"Designed by GeForceLegend",
	"ambientocclusion":false,
	"textures":{
		"particle":"#bars"
	},
	"elements":[
		{
			"from":[7.5,1,2],
			"to":[8.5,15,4],
			"faces":{
				"north":{"uv":[13,1,14,15],"texture":"#bars"},
				"east":{"uv":[12,1,14,15],"texture":"#bars"},
				"south":{"uv":[12,1,13,15],"texture":"#bars"},
				"west":{"uv":[14,1,12,15],"texture":"#bars"}
			}
		},
		{
			"from":[7.5,1,7],
			"to":[8.5,15,8],
			"faces":{
				"north":{"uv":[8,1,9,15],"texture":"#bars"},
				"east":{"uv":[8,1,9,15],"texture":"#bars"},
				"south":{"uv":[8,1,9,15],"texture":"#bars"},
				"west":{"uv":[8,1,9,15],"texture":"#bars"}
			}
		},
		{
			"from":[7.5,2,4],
			"to":[8.5,4,7],
			"faces":{
				"east":{"uv":[9,12,12,14],"texture":"#bars"},
				"west":{"uv":[12,12,9,14],"texture":"#bars"},
				"up":{"uv":[12,12,9,13],"rotation":90,"texture":"#bars"},
				"down":{"uv":[12,13,9,14],"rotation":270,"texture":"#bars"}
			}
		},
		{
			"from":[7.5,7,0],
			"to":[8.5,9,2],
			"faces":{
				"east":{"uv":[14,7,16,9],"texture":"#bars"},
				"west":{"uv":[16,7,14,9],"texture":"#bars"},
				"up":{"uv":[16,7,14,8],"rotation":90,"texture":"#bars"},
				"down":{"uv":[16,8,14,9],"texture":"#bars"}
			}
		},
		{
			"from":[7,15,0],
			"to":[9,16,7],
			"faces":{
				"north":{"uv":[12,0,14,1],"texture":"#bars","cullface":"north"},
				"east":{"uv":[12,7,13,0],"rotation":270,"texture":"#bars"},
				"west":{"uv":[13,7,14,0],"rotation":90,"texture":"#bars"},
				"up":{"uv":[14,0,12,7],"texture":"#bars"},
				"down":{"uv":[14,7,12,0],"texture":"#bars"}
			}
		},
		{
			"from":[7,0,0],
			"to":[9,1,7],
			"faces":{
				"north":{"uv":[12,15,14,16],"texture":"#bars","cullface":"north"},
				"east":{"uv":[12,9,13,16],"rotation":270,"texture":"#bars"},
				"west":{"uv":[13,9,14,16],"rotation":90,"texture":"#bars"},
				"up":{"uv":[14,16,12,9],"texture":"#bars"},
				"down":{"uv":[14,9,12,16],"texture":"#bars"}
			}
		},
		{
			"from":[7,1,0],
			"to":[9,15,1],
			"faces":{
				"north":{"uv":[12,1,14,15],"texture":"#bars","cullface":"north"},
				"east":{"uv":[12,1,13,15],"texture":"#bars","cullface":"north"},
				"south":{"uv":[14,1,12,15],"texture":"#bars","cullface":"north"},
				"west":{"uv":[13,1,14,15],"texture":"#bars","cullface":"north"}
			}
		}
	]
}