{
	"format_version": "1.21.6",
	"credit": "Made by Satisfy",
	"textures": {
		"1": "farm_and_charm:block/cooking_pot_bottom",
		"4": "farm_and_charm:block/cooking_pot_side",
		"particle": "farm_and_charm:block/cooking_pot_bottom"
	},
	"elements": [
		{
			"name": "back",
			"from": [3, 6, 12],
			"to": [13, 8, 13],
			"rotation": {"angle": 0, "axis": "y", "origin": [13, 0, 5.5]},
			"faces": {
				"north": {"uv": [2, 0, 12, 2], "texture": "#4"},
				"east": {"uv": [2, 0, 3, 2], "texture": "#4"},
				"south": {"uv": [2, 0, 12, 2], "texture": "#4"},
				"west": {"uv": [11, 0, 12, 2], "texture": "#4"},
				"up": {"uv": [2, 0, 12, 1], "texture": "#4"}
			}
		},
		{
			"name": "front",
			"from": [3, 6, 3],
			"to": [13, 8, 4],
			"rotation": {"angle": 0, "axis": "y", "origin": [13, 0, 5.5]},
			"faces": {
				"north": {"uv": [2, 0, 12, 2], "texture": "#4"},
				"east": {"uv": [11, 0, 12, 2], "texture": "#4"},
				"south": {"uv": [2, 0, 12, 2], "texture": "#4"},
				"west": {"uv": [2, 0, 3, 2], "texture": "#4"},
				"up": {"uv": [2, 0, 12, 1], "texture": "#4"}
			}
		},
		{
			"name": "left",
			"from": [12, 6, 4],
			"to": [13, 8, 12],
			"rotation": {"angle": 0, "axis": "y", "origin": [13, 0, 5.5]},
			"faces": {
				"east": {"uv": [3, 0, 11, 2], "texture": "#4"},
				"west": {"uv": [3, 0, 11, 2], "texture": "#4"},
				"up": {"uv": [3, 0, 11, 1], "rotation": 90, "texture": "#4"}
			}
		},
		{
			"name": "right",
			"from": [3, 6, 4],
			"to": [4, 8, 12],
			"rotation": {"angle": 0, "axis": "y", "origin": [13, 0, 5.5]},
			"faces": {
				"east": {"uv": [3, 0, 11, 2], "texture": "#4"},
				"west": {"uv": [3, 0, 11, 2], "texture": "#4"},
				"up": {"uv": [3, 0, 11, 1], "rotation": 90, "texture": "#4"}
			}
		},
		{
			"name": "bottom",
			"from": [3, 0, 3],
			"to": [13, 6, 13],
			"rotation": {"angle": 0, "axis": "y", "origin": [3, 0, 3]},
			"faces": {
				"north": {"uv": [2, 2, 12, 8], "texture": "#4"},
				"east": {"uv": [2, 2, 12, 8], "texture": "#4"},
				"south": {"uv": [2, 2, 12, 8], "texture": "#4"},
				"west": {"uv": [2, 2, 12, 8], "texture": "#4"},
				"up": {"uv": [10, 3, 11, 4], "texture": "#4"},
				"down": {"uv": [3, 3, 13, 13], "texture": "#1"}
			}
		},
		{
			"name": "handle_left",
			"from": [13, 5, 4],
			"to": [15, 7, 12],
			"rotation": {"angle": 0, "axis": "y", "origin": [0, -4, 16]},
			"faces": {
				"north": {"uv": [14, 0, 16, 2], "texture": "#4"},
				"east": {"uv": [14, 16, 12, 8], "rotation": 90, "texture": "#4"},
				"south": {"uv": [16, 0, 14, 2], "texture": "#4"},
				"up": {"uv": [12, 8, 14, 16], "texture": "#4"},
				"down": {"uv": [12, 8, 14, 0], "texture": "#4"}
			}
		},
		{
			"name": "handle_right",
			"from": [1, 5, 4],
			"to": [3, 7, 12],
			"rotation": {"angle": 0, "axis": "y", "origin": [0, -4, 16]},
			"faces": {
				"north": {"uv": [16, 0, 14, 2], "texture": "#4"},
				"south": {"uv": [14, 0, 16, 2], "texture": "#4"},
				"west": {"uv": [14, 16, 12, 8], "rotation": 90, "texture": "#4"},
				"up": {"uv": [14, 8, 12, 16], "texture": "#4"},
				"down": {"uv": [14, 0, 12, 8], "texture": "#4"}
			}
		}
	],
	"display": {
		"thirdperson_righthand": {
			"rotation": [19, 0, 0],
			"translation": [0, 4, 0.5],
			"scale": [0.5, 0.5, 0.5]
		},
		"thirdperson_lefthand": {
			"rotation": [19, 0, 0],
			"translation": [0, 4, 0.5],
			"scale": [0.5, 0.5, 0.5]
		},
		"firstperson_righthand": {
			"translation": [0.5, 3.5, -2.25],
			"scale": [0.7, 0.7, 0.7]
		},
		"firstperson_lefthand": {
			"translation": [0.5, 3.5, -2.25],
			"scale": [0.7, 0.7, 0.7]
		},
		"ground": {
			"translation": [0, 2, 0],
			"scale": [0.5, 0.5, 0.5]
		},
		"head": {
			"rotation": [0, -180, 0],
			"translation": [0, 14.5, -0.25]
		},
		"fixed": {
			"rotation": [-90, -180, 0],
			"translation": [0, 0.75, -8]
		}
	},
	"groups": [
		{
			"name": "cooking pot",
			"origin": [13, 0, 10.5],
			"color": 0,
			"children": [
				{
					"name": "top",
					"origin": [13, 0, 10.5],
					"color": 0,
					"children": []
				},
				0,
				1,
				2,
				3,
				4,
				5,
				6
			]
		}
	]
}