{
	"format_version": "1.21.6",
	"credit": "Made with Blockbench",
	"parent": "farm_and_charm:block/crafting_bowl_main",
	"render_type": "translucent",
	"textures": {
		"1": "farm_and_charm:block/crafting_bowl"
	},
	"elements": [
		{
			"from": [3, 0, 4],
			"to": [4, 8, 12],
			"rotation": {"angle": 0, "axis": "y", "origin": [3, 0, 7]},
			"faces": {
				"north": {"uv": [0, 0, 1, 8], "texture": "#1"},
				"east": {"uv": [3, 4, 13, 12], "texture": "#1"},
				"south": {"uv": [0, 0, 1, 8], "texture": "#1"},
				"west": {"uv": [4, 4, 12, 12], "texture": "#1"},
				"up": {"uv": [4, 4, 12, 5], "texture": "#1"},
				"down": {"uv": [3, 11, 13, 12], "texture": "#1"}
			}
		},
		{
			"from": [12, 0, 4],
			"to": [13, 8, 12],
			"rotation": {"angle": 0, "axis": "y", "origin": [11.9, 0, 7]},
			"faces": {
				"north": {"uv": [0, 0, 1, 8], "texture": "#1"},
				"east": {"uv": [4, 4, 12, 12], "texture": "#1"},
				"south": {"uv": [0, 0, 1, 8], "texture": "#1"},
				"west": {"uv": [3, 4, 13, 12], "texture": "#1"},
				"up": {"uv": [4, 4, 12, 5], "texture": "#1"},
				"down": {"uv": [3, 12, 13, 11], "texture": "#1"}
			}
		},
		{
			"from": [4, 0, 4],
			"to": [12, 1, 12],
			"rotation": {"angle": 0, "axis": "y", "origin": [10, 0, 4]},
			"faces": {
				"north": {"uv": [0, 0, 8, 1], "texture": "#1"},
				"east": {"uv": [0, 0, 8, 1], "texture": "#1"},
				"south": {"uv": [0, 0, 8, 1], "texture": "#1"},
				"west": {"uv": [0, 0, 8, 1], "texture": "#1"},
				"up": {"uv": [3, 4, 13, 12], "rotation": 90, "texture": "#1"},
				"down": {"uv": [4, 4, 12, 12], "rotation": 270, "texture": "#1"}
			}
		},
		{
			"from": [3, 0, 3],
			"to": [13, 8, 4],
			"rotation": {"angle": 0, "axis": "y", "origin": [10, 0, 3]},
			"faces": {
				"north": {"uv": [3, 4, 13, 12], "texture": "#1"},
				"east": {"uv": [3, 4, 4, 12], "texture": "#1"},
				"south": {"uv": [3, 4, 13, 12], "texture": "#1"},
				"west": {"uv": [3, 4, 4, 12], "texture": "#1"},
				"up": {"uv": [3, 4, 13, 5], "texture": "#1"},
				"down": {"uv": [3, 11, 13, 12], "rotation": 270, "texture": "#1"}
			}
		},
		{
			"from": [3, 0, 12],
			"to": [13, 8, 13],
			"rotation": {"angle": 0, "axis": "y", "origin": [10, 0, 12]},
			"faces": {
				"north": {"uv": [3, 4, 13, 12], "texture": "#1"},
				"east": {"uv": [3, 4, 4, 12], "texture": "#1"},
				"south": {"uv": [3, 4, 13, 12], "texture": "#1"},
				"west": {"uv": [3, 4, 4, 12], "texture": "#1"},
				"up": {"uv": [3, 4, 13, 5], "texture": "#1"},
				"down": {"uv": [3, 12, 13, 11], "rotation": 270, "texture": "#1"}
			}
		}
	],
	"display": {
		"thirdperson_righthand": {
			"rotation": [19, 0, 0],
			"translation": [0, 4.25, 0.25],
			"scale": [0.5, 0.5, 0.5]
		},
		"thirdperson_lefthand": {
			"rotation": [19, 0, 0],
			"translation": [0, 4.25, 0.25],
			"scale": [0.5, 0.5, 0.5]
		},
		"firstperson_righthand": {
			"translation": [0.5, 3.5, -2.5],
			"scale": [0.7, 0.7, 0.7]
		},
		"firstperson_lefthand": {
			"translation": [0.5, 3.5, -2.5],
			"scale": [0.7, 0.7, 0.7]
		},
		"ground": {
			"translation": [0, 7, 0]
		},
		"head": {
			"translation": [0, 14.25, 0]
		}
	}
}