{
	"format_version": "1.21.6",
	"credit": "Made with Blockbench",
	"parent": "pitchfork",
	"texture_size": [32, 32],
	"textures": {
		"2": "farm_and_charm:item/pitchfork_hand",
		"particle": "farm_and_charm:item/pitchfork_hand"
	},
	"elements": [
		{
			"from": [6.5, 16.6, 6.5],
			"to": [9.5, 20.6, 9.5],
			"rotation": {"angle": 0, "axis": "y", "origin": [8.9, 9.35, 8]},
			"faces": {
				"north": {"uv": [0, 6, 1.5, 8], "texture": "#2", "cullface": "up"},
				"east": {"uv": [0, 6, 1.5, 8], "texture": "#2", "cullface": "up"},
				"south": {"uv": [0, 6, 1.5, 8], "texture": "#2", "cullface": "up"},
				"west": {"uv": [0, 6, 1.5, 8], "texture": "#2", "cullface": "up"},
				"up": {"uv": [7.5, 3.5, 6, 2], "texture": "#2", "cullface": "up"},
				"down": {"uv": [5.5, 6, 4, 7.5], "texture": "#2", "cullface": "up"}
			}
		},
		{
			"from": [6.5, -9.9, 6.5],
			"to": [9.5, -5.9, 9.5],
			"rotation": {"angle": 0, "axis": "y", "origin": [8.9, -17.15, 8]},
			"faces": {
				"north": {"uv": [0, 6, 1.5, 8], "texture": "#2", "cullface": "down"},
				"east": {"uv": [0, 6, 1.5, 8], "texture": "#2", "cullface": "down"},
				"south": {"uv": [0, 6, 1.5, 8], "texture": "#2", "cullface": "down"},
				"west": {"uv": [0, 6, 1.5, 8], "texture": "#2", "cullface": "down"},
				"up": {"uv": [7.5, 3.5, 6, 2], "texture": "#2", "cullface": "down"},
				"down": {"uv": [5.5, 6, 4, 7.5], "texture": "#2", "cullface": "down"}
			}
		},
		{
			"from": [7.5, 22.6, 7],
			"to": [8.5, 30.6, 9],
			"rotation": {"angle": 0, "axis": "y", "origin": [8, 11.85, 7.7]},
			"faces": {
				"north": {"uv": [5.5, 6, 6, 10], "texture": "#2", "cullface": "up"},
				"east": {"uv": [0, 2, 1, 6], "texture": "#2", "cullface": "up"},
				"south": {"uv": [6, 6, 6.5, 10], "texture": "#2", "cullface": "up"},
				"west": {"uv": [0, 2, 1, 6], "texture": "#2", "cullface": "up"},
				"up": {"uv": [3, 12, 2.5, 11], "texture": "#2", "cullface": "up"}
			}
		},
		{
			"from": [7.5, 22.6, 3],
			"to": [8.5, 30.6, 5],
			"rotation": {"angle": 0, "axis": "y", "origin": [8, 11.85, 6.2]},
			"faces": {
				"north": {"uv": [6.5, 3.5, 7, 7.5], "texture": "#2", "cullface": "up"},
				"east": {"uv": [5, 2, 4, 6], "texture": "#2", "cullface": "up"},
				"south": {"uv": [7, 3.5, 7.5, 7.5], "texture": "#2", "cullface": "up"},
				"west": {"uv": [4, 2, 5, 6], "texture": "#2", "cullface": "up"},
				"up": {"uv": [11.5, 3.5, 11, 2.5], "texture": "#2", "cullface": "up"}
			}
		},
		{
			"from": [7.5, 22.6, 11],
			"to": [8.5, 30.6, 13],
			"rotation": {"angle": 0, "axis": "y", "origin": [8, 11.85, 9.8]},
			"faces": {
				"north": {"uv": [7.5, 0, 8, 4], "texture": "#2", "cullface": "up"},
				"east": {"uv": [4, 2, 5, 6], "texture": "#2", "cullface": "up"},
				"south": {"uv": [4, 7.5, 4.5, 11.5], "texture": "#2", "cullface": "up"},
				"west": {"uv": [5, 2, 4, 6], "texture": "#2", "cullface": "up"},
				"up": {"uv": [3.5, 12, 3, 11], "texture": "#2", "cullface": "up"}
			}
		},
		{
			"from": [7.5, 20.6, 3],
			"to": [8.5, 22.6, 13],
			"rotation": {"angle": 0, "axis": "y", "origin": [8, 11.25, 9.8]},
			"faces": {
				"north": {"uv": [3.5, 11, 4, 12], "texture": "#2", "cullface": "up"},
				"east": {"uv": [0, 0, 5, 1], "texture": "#2", "cullface": "up"},
				"south": {"uv": [11, 3.5, 11.5, 4.5], "texture": "#2", "cullface": "up"},
				"west": {"uv": [0, 0, 5, 1], "texture": "#2", "cullface": "up"},
				"up": {"uv": [3.5, 11, 3, 6], "texture": "#2", "cullface": "up"},
				"down": {"uv": [4, 6, 3.5, 11], "texture": "#2", "cullface": "up"}
			}
		},
		{
			"from": [7.5, 7.72437, 16.87843],
			"to": [8.5, 8.72437, 19.87843],
			"rotation": {"angle": -45, "axis": "x", "origin": [8, -1.85406, 7.3]},
			"faces": {
				"north": {"uv": [6, 3.5, 6.5, 4], "texture": "#2"},
				"east": {"uv": [7.5, 4, 9, 4.5], "texture": "#2"},
				"south": {"uv": [11, 9, 11.5, 9.5], "texture": "#2"},
				"west": {"uv": [7.5, 4.5, 9, 5], "texture": "#2"},
				"up": {"uv": [5, 9, 4.5, 7.5], "texture": "#2"},
				"down": {"uv": [5.5, 7.5, 5, 9], "texture": "#2"}
			}
		},
		{
			"from": [7.5, -4.97563, 16.87843],
			"to": [8.5, -3.97563, 19.87843],
			"rotation": {"angle": -45, "axis": "x", "origin": [8, -14.55406, 7.3]},
			"faces": {
				"north": {"uv": [9.5, 11, 10, 11.5], "texture": "#2", "cullface": "down"},
				"east": {"uv": [7.5, 5, 9, 5.5], "texture": "#2"},
				"south": {"uv": [10, 11, 10.5, 11.5], "texture": "#2"},
				"west": {"uv": [7.5, 5.5, 9, 6], "texture": "#2"},
				"up": {"uv": [8, 7.5, 7.5, 6], "texture": "#2"},
				"down": {"uv": [7, 7.5, 6.5, 9], "texture": "#2"}
			}
		},
		{
			"from": [7.5, -6.37563, 16.87843],
			"to": [8.5, -5.37563, 19.87843],
			"rotation": {"angle": -45, "axis": "x", "origin": [8, -15.95406, 7.3]},
			"faces": {
				"north": {"uv": [11, 10, 11.5, 10.5], "texture": "#2", "cullface": "down"},
				"east": {"uv": [7, 7.5, 8.5, 8], "texture": "#2"},
				"south": {"uv": [11, 10.5, 11.5, 11], "texture": "#2"},
				"west": {"uv": [0, 8, 1.5, 8.5], "texture": "#2"},
				"up": {"uv": [8.5, 1.5, 8, 0], "texture": "#2", "cullface": "down"},
				"down": {"uv": [2, 8, 1.5, 9.5], "texture": "#2", "cullface": "down"}
			}
		},
		{
			"from": [7.5, -10.77563, 13.87843],
			"to": [8.5, -9.77563, 16.87843],
			"rotation": {"angle": -45, "axis": "x", "origin": [8, -17.35406, 7.3]},
			"faces": {
				"east": {"uv": [8.5, 7, 10, 7.5], "texture": "#2", "cullface": "down"},
				"south": {"uv": [11.5, 4, 12, 4.5], "texture": "#2", "cullface": "down"},
				"west": {"uv": [7.5, 8.5, 9, 9], "texture": "#2", "cullface": "down"}
			}
		},
		{
			"from": [7.5, -9.77563, 14.87843],
			"to": [8.5, -8.77563, 17.87843],
			"rotation": {"angle": -45, "axis": "x", "origin": [8, -17.35406, 7.3]},
			"faces": {
				"east": {"uv": [8.5, 7.5, 10, 8], "texture": "#2", "cullface": "down"},
				"south": {"uv": [6, 11.5, 6.5, 12], "texture": "#2", "cullface": "down"},
				"west": {"uv": [9, 5.5, 10.5, 6], "texture": "#2", "cullface": "down"},
				"up": {"uv": [5, 10.5, 4.5, 9], "texture": "#2", "cullface": "down"},
				"down": {"uv": [5.5, 9, 5, 10.5], "texture": "#2", "cullface": "down"}
			}
		},
		{
			"from": [7.5, -8.77563, 15.87843],
			"to": [8.5, -7.77563, 18.87843],
			"rotation": {"angle": -45, "axis": "x", "origin": [8, -17.35406, 7.3]},
			"faces": {
				"north": {"uv": [11.5, 6, 12, 6.5], "texture": "#2", "cullface": "down"},
				"east": {"uv": [7.5, 9, 9, 9.5], "texture": "#2", "cullface": "down"},
				"south": {"uv": [11.5, 6.5, 12, 7], "texture": "#2", "cullface": "down"},
				"west": {"uv": [9, 8, 10.5, 8.5], "texture": "#2", "cullface": "down"},
				"up": {"uv": [7, 10.5, 6.5, 9], "texture": "#2", "cullface": "down"},
				"down": {"uv": [9.5, 8.5, 9, 10], "texture": "#2", "cullface": "down"}
			}
		},
		{
			"from": [7.5, -7.77563, 16.87843],
			"to": [8.5, -6.77563, 19.87843],
			"rotation": {"angle": -45, "axis": "x", "origin": [8, -17.35406, 7.3]},
			"faces": {
				"north": {"uv": [11.5, 7, 12, 7.5], "texture": "#2", "cullface": "down"},
				"east": {"uv": [9.5, 0, 11, 0.5], "texture": "#2", "cullface": "down"},
				"south": {"uv": [7.5, 11.5, 8, 12], "texture": "#2", "cullface": "down"},
				"west": {"uv": [9.5, 0.5, 11, 1], "texture": "#2", "cullface": "down"},
				"up": {"uv": [10, 2.5, 9.5, 1], "texture": "#2", "cullface": "down"},
				"down": {"uv": [2, 9.5, 1.5, 11], "texture": "#2", "cullface": "down"}
			}
		},
		{
			"from": [7.5, 6.72437, 15.87843],
			"to": [8.5, 7.72437, 18.87843],
			"rotation": {"angle": -45, "axis": "x", "origin": [8, -1.85406, 7.3]},
			"faces": {
				"north": {"uv": [11.5, 7.5, 12, 8], "texture": "#2"},
				"east": {"uv": [9.5, 2.5, 11, 3], "texture": "#2"},
				"south": {"uv": [8, 11.5, 8.5, 12], "texture": "#2"},
				"west": {"uv": [9.5, 3, 11, 3.5], "texture": "#2"},
				"up": {"uv": [2.5, 11, 2, 9.5], "texture": "#2"},
				"down": {"uv": [3, 9.5, 2.5, 11], "texture": "#2"}
			}
		},
		{
			"from": [7.5, 5.72437, 14.87843],
			"to": [8.5, 6.72437, 17.87843],
			"rotation": {"angle": -45, "axis": "x", "origin": [8, -1.85406, 7.3]},
			"faces": {
				"north": {"uv": [9, 11.5, 9.5, 12], "texture": "#2"},
				"east": {"uv": [9.5, 3.5, 11, 4], "texture": "#2"},
				"south": {"uv": [11.5, 9, 12, 9.5], "texture": "#2"},
				"west": {"uv": [9.5, 4, 11, 4.5], "texture": "#2"},
				"up": {"uv": [7.5, 11, 7, 9.5], "texture": "#2"},
				"down": {"uv": [8, 9.5, 7.5, 11], "texture": "#2"}
			}
		},
		{
			"from": [7.5, 4.72437, 13.87843],
			"to": [8.5, 5.72437, 16.87843],
			"rotation": {"angle": -45, "axis": "x", "origin": [8, -1.85406, 7.3]},
			"faces": {
				"north": {"uv": [9.5, 11.5, 10, 12], "texture": "#2"},
				"east": {"uv": [9.5, 4.5, 11, 5], "texture": "#2"},
				"south": {"uv": [10, 11.5, 10.5, 12], "texture": "#2"},
				"west": {"uv": [9.5, 5, 11, 5.5], "texture": "#2"},
				"up": {"uv": [8.5, 11, 8, 9.5], "texture": "#2"},
				"down": {"uv": [9, 9.5, 8.5, 11], "texture": "#2"}
			}
		},
		{
			"from": [7.5, 3.72437, 12.87843],
			"to": [8.5, 4.72437, 15.87843],
			"rotation": {"angle": -45, "axis": "x", "origin": [8, -1.85406, 7.3]},
			"faces": {
				"north": {"uv": [11.5, 10, 12, 10.5], "texture": "#2"},
				"east": {"uv": [9.5, 8.5, 11, 9], "texture": "#2"},
				"south": {"uv": [10.5, 11.5, 11, 12], "texture": "#2"},
				"west": {"uv": [9.5, 9, 11, 9.5], "texture": "#2"},
				"up": {"uv": [10, 11, 9.5, 9.5], "texture": "#2"},
				"down": {"uv": [0.5, 10, 0, 11.5], "texture": "#2"}
			}
		},
		{
			"from": [7.5, 2.72437, 11.87843],
			"to": [8.5, 3.72437, 14.87843],
			"rotation": {"angle": -45, "axis": "x", "origin": [8, -1.85406, 7.3]},
			"faces": {
				"north": {"uv": [11.5, 10.5, 12, 11], "texture": "#2"},
				"east": {"uv": [10, 1, 11.5, 1.5], "texture": "#2"},
				"south": {"uv": [11, 11.5, 11.5, 12], "texture": "#2"},
				"west": {"uv": [10, 1.5, 11.5, 2], "texture": "#2"},
				"up": {"uv": [1, 11.5, 0.5, 10], "texture": "#2"},
				"down": {"uv": [1.5, 10, 1, 11.5], "texture": "#2"}
			}
		},
		{
			"from": [7.5, 1.72437, 10.87843],
			"to": [8.5, 2.72437, 13.87843],
			"rotation": {"angle": -45, "axis": "x", "origin": [8, -1.85406, 7.3]},
			"faces": {
				"north": {"uv": [11.5, 11, 12, 11.5], "texture": "#2"},
				"east": {"uv": [10, 2, 11.5, 2.5], "texture": "#2"},
				"south": {"uv": [11.5, 11.5, 12, 12], "texture": "#2"},
				"west": {"uv": [10, 6, 11.5, 6.5], "texture": "#2"},
				"up": {"uv": [6, 11.5, 5.5, 10], "texture": "#2"},
				"down": {"uv": [6.5, 10, 6, 11.5], "texture": "#2"}
			}
		},
		{
			"from": [7.5, 0.72437, 9.87843],
			"to": [8.5, 1.72437, 12.87843],
			"rotation": {"angle": -45, "axis": "x", "origin": [8, -1.85406, 7.3]},
			"faces": {
				"north": {"uv": [0, 12, 0.5, 12.5], "texture": "#2"},
				"east": {"uv": [10, 6.5, 11.5, 7], "texture": "#2"},
				"south": {"uv": [0.5, 12, 1, 12.5], "texture": "#2"},
				"west": {"uv": [10, 7, 11.5, 7.5], "texture": "#2"},
				"up": {"uv": [9.5, 11.5, 9, 10], "texture": "#2"},
				"down": {"uv": [10.5, 9.5, 10, 11], "texture": "#2"}
			}
		},
		{
			"from": [7.5, -0.27563, 8.87843],
			"to": [8.5, 0.72437, 11.87843],
			"rotation": {"angle": -45, "axis": "x", "origin": [8, -1.85406, 7.3]},
			"faces": {
				"north": {"uv": [1, 12, 1.5, 12.5], "texture": "#2"},
				"east": {"uv": [10, 7.5, 11.5, 8], "texture": "#2"},
				"south": {"uv": [12, 1, 12.5, 1.5], "texture": "#2"},
				"west": {"uv": [10.5, 5.5, 12, 6], "texture": "#2"},
				"up": {"uv": [5, 12, 4.5, 10.5], "texture": "#2"},
				"down": {"uv": [5.5, 10.5, 5, 12], "texture": "#2"}
			}
		},
		{
			"from": [7.5, 9.12437, 16.87843],
			"to": [8.5, 10.12437, 19.87843],
			"rotation": {"angle": -45, "axis": "x", "origin": [8, -0.45406, 7.3]},
			"faces": {
				"north": {"uv": [12, 1.5, 12.5, 2], "texture": "#2"},
				"east": {"uv": [10.5, 8, 12, 8.5], "texture": "#2"},
				"south": {"uv": [12, 2, 12.5, 2.5], "texture": "#2"},
				"west": {"uv": [10.5, 9.5, 12, 10], "texture": "#2"},
				"up": {"uv": [7, 12, 6.5, 10.5], "texture": "#2"},
				"down": {"uv": [11, 10, 10.5, 11.5], "texture": "#2"}
			}
		},
		{
			"from": [7.5, 10.52437, 16.87843],
			"to": [8.5, 11.52437, 19.87843],
			"rotation": {"angle": -45, "axis": "x", "origin": [8, 0.94594, 7.3]},
			"faces": {
				"north": {"uv": [2.5, 12, 3, 12.5], "texture": "#2"},
				"east": {"uv": [11, 0, 12.5, 0.5], "texture": "#2"},
				"west": {"uv": [11, 0.5, 12.5, 1], "texture": "#2"},
				"up": {"uv": [2, 12.5, 1.5, 11], "texture": "#2"},
				"down": {"uv": [2.5, 11, 2, 12.5], "texture": "#2"}
			}
		},
		{
			"from": [7.5, 11.92437, 16.87843],
			"to": [8.5, 12.92437, 18.87843],
			"rotation": {"angle": -45, "axis": "x", "origin": [8, 2.34594, 7.3]},
			"faces": {
				"north": {"uv": [12, 2.5, 12.5, 3], "texture": "#2"},
				"east": {"uv": [7.5, 11, 8.5, 11.5], "texture": "#2"},
				"west": {"uv": [11, 8.5, 12, 9], "texture": "#2"},
				"up": {"uv": [9, 12, 8.5, 11], "texture": "#2", "cullface": "up"}
			}
		}
	],
	"gui_light": "front",
	"display": {
		"thirdperson_righthand": {
			"translation": [-0.5, -0.25, 1.25],
			"scale": [0.9, 0.9, 0.9]
		},
		"thirdperson_lefthand": {
			"translation": [-0.5, -0.25, 1.25],
			"scale": [0.9, 0.9, 0.9]
		},
		"firstperson_righthand": {
			"rotation": [13.81, 13.28, -2.31],
			"translation": [1, 1.25, -1],
			"scale": [0.63281, 0.63281, 0.63281]
		},
		"firstperson_lefthand": {
			"rotation": [13.81, 13.28, -2.31],
			"translation": [1, 1.25, -1],
			"scale": [0.63281, 0.63281, 0.63281]
		},
		"ground": {
			"rotation": [-6.43, 2.48, -33.05],
			"translation": [0, 6.25, 0],
			"scale": [0.30664, 0.30664, 0.30664]
		},
		"gui": {
			"rotation": [43.92, 43.2, -67.08],
			"translation": [-1.25, -1.25, 0],
			"scale": [0.54883, 0.54883, 0.54883]
		},
		"head": {
			"rotation": [-151.75, 0, 0],
			"translation": [0, 22, 8.5]
		},
		"fixed": {
			"rotation": [90, -44.25, 90],
			"translation": [2, -2, 0],
			"scale": [0.71094, 0.71094, 0.71094]
		}
	},
	"groups": [
		{
			"name": "pitchfork",
			"origin": [8.5, 8, 14.5],
			"color": 0,
			"children": [0, 1, 2, 3, 4, 5]
		},
		{
			"name": "stick",
			"origin": [8, -0.85406, 7.3],
			"color": 0,
			"children": [6, 7, 8, 9, 10, 11, 12, 13, 14, 15, 16, 17, 18, 19, 20, 21, 22, 23]
		}
	]
}