{
    "__comment": "Defines the 2D area for rendering fill level",
    "parent": "block/block",
    "elements": [ {
        "from": [ 2, 9, 0.98 ],
        "to": [ 6, 10, 16],
        "faces": {
            "north": { "uv": [ 0, 0, 16, 16 ], "texture": "#particle" }
        },
        "__comment": "slot 1 (top left)"
    }, {
        "from": [ 10, 9, 0.98 ],
        "to": [ 14, 10, 16],
        "faces": {
            "north": { "uv": [ 0, 0, 16, 16 ], "texture": "#particle" }
        },
        "__comment": "slot 2 (top right)"
    }, {
        "from": [ 2, 1, 0.98 ],
        "to": [ 6, 2, 16],
        "faces": {
            "north": { "uv": [ 0, 0, 16, 16 ], "texture": "#particle" }
        },
        "__comment": "slot 3 (bottom left)"
    }, {
        "from": [ 10, 1, 0.98 ],
        "to": [ 14, 2, 16],
        "faces": {
            "north": { "uv": [ 0, 0, 16, 16 ], "texture": "#particle" }
        },
        "__comment": "slot 4 (bottom right)"
    } ]
}