{
    "implemented": true,
    "name": "Registeel",
    "nationalPokedexNumber": 379,
    "primaryType": "steel",
    "abilities": [
      "clearbody",
      "h:lightmetal"
    ],
    "baseStats": {
      "hp": 80,
      "attack": 75,
      "defence": 150,
      "special_attack": 75,
      "special_defence": 150,
      "speed": 50
    },
    "catchRate": 3,
    "maleRatio": -1,
    "shoulderMountable": false,
    "baseExperienceYield": 290,
    "experienceGroup": "slow",
    "eggCycles": 80,
    "eggGroups": [
      "undiscovered"
    ],
    "moves": [
      "1:chargebeam",
      "1:metalclaw",
      "6:bulldoze",
      "12:ancientpower",
      "18:stomp",
      "24:flashcannon",
      "24:ironhead",
      "30:curse",
      "36:amnesia",
      "36:irondefense",
      "42:hammerarm",
      "48:heavyslam",
      "54:superpower",
      "60:lockon",
      "66:zapcannon",
      "72:hyperbeam",
      "78:explosion",
      "tm:aerialace",
      "tm:amnesia",
      "tm:bodypress",
      "tm:bodyslam",
      "tm:brickbreak",
      "tm:bulldoze",
      "tm:chargebeam",
      "tm:confide",
      "tm:curse",
      "tm:doubleedge",
      "tm:doubleteam",
      "tm:earthquake",
      "tm:endure",
      "tm:explosion",
      "tm:facade",
      "tm:flashcannon",
      "tm:fling",
      "tm:focusblast",
      "tm:focuspunch",
      "tm:frustration",
      "tm:gigaimpact",
      "tm:gravity",
      "tm:hardpress",
      "tm:heavyslam",
      "tm:hiddenpower",
      "tm:honeclaws",
      "tm:hyperbeam",
      "tm:icepunch",
      "tm:icespinner",
      "tm:irondefense",
      "tm:ironhead",
      "tm:megakick",
      "tm:megapunch",
      "tm:metalclaw",
      "tm:metalsound",
      "tm:meteorbeam",
      "tm:naturalgift",
      "tm:poweruppunch",
      "tm:protect",
      "tm:psychup",
      "tm:raindance",
      "tm:rest",
      "tm:return",
      "tm:rockclimb",
      "tm:rockpolish",
      "tm:rockslide",
      "tm:rocksmash",
      "tm:rocktomb",
      "tm:round",
      "tm:safeguard",
      "tm:sandstorm",
      "tm:sandtomb",
      "tm:secretpower",
      "tm:selfdestruct",
      "tm:shadowclaw",
      "tm:shockwave",
      "tm:sleeptalk",
      "tm:snore",
      "tm:stealthrock",
      "tm:steelbeam",
      "tm:stompingtantrum",
      "tm:strength",
      "tm:substitute",
      "tm:sunnyday",
      "tm:superpower",
      "tm:swagger",
      "tm:takedown",
      "tm:terablast",
      "tm:thunder",
      "tm:thunderbolt",
      "tm:thunderpunch",
      "tm:thunderwave",
      "tm:toxic",
      "tutor:amnesia",
      "tutor:ancientpower",
      "tutor:block",
      "tutor:bodyslam",
      "tutor:chargebeam",
      "tutor:counter",
      "tutor:curse",
      "tutor:defensecurl",
      "tutor:doubleedge",
      "tutor:dynamicpunch",
      "tutor:endure",
      "tutor:explosion",
      "tutor:flashcannon",
      "tutor:focuspunch",
      "tutor:gravity",
      "tutor:hammerarm",
      "tutor:headbutt",
      "tutor:heavyslam",
      "tutor:hyperbeam",
      "tutor:icepunch",
      "tutor:irondefense",
      "tutor:ironhead",
      "tutor:lockon",
      "tutor:magnetrise",
      "tutor:megakick",
      "tutor:megapunch",
      "tutor:metalclaw",
      "tutor:meteorbeam",
      "tutor:mimic",
      "tutor:mudslap",
      "tutor:psychup",
      "tutor:rockslide",
      "tutor:rollout",
      "tutor:seismictoss",
      "tutor:selfdestruct",
      "tutor:shockwave",
      "tutor:sleeptalk",
      "tutor:snore",
      "tutor:stealthrock",
      "tutor:steelbeam",
      "tutor:steelroller",
      "tutor:stomp",
      "tutor:stompingtantrum",
      "tutor:substitute",
      "tutor:superpower",
      "tutor:swagger",
      "tutor:thunderpunch",
      "tutor:thunderwave",
      "tutor:zapcannon"
    ],
    "labels": [
      "gen3",
      "legendary"
    ],
    "pokedex": [
      "cobblemon.species.registeel.desc"
    ],
    "evolutions": [],
    "baseScale": 1,
    "hitbox": {
      "width": 1.65,
      "height": 2.7,
      "fixed": false
    },
    "baseFriendship": 35,
    "evYield": {
      "hp": 0,
      "attack": 0,
      "defence": 2,
      "special_attack": 0,
      "special_defence": 1,
      "speed": 0
    },
    "height": 19,
    "weight": 2050,
    "aspects": [],
    "cannotDynamax": false,
    "drops": {
      "amount": 1,
      "entries": [
        {
          "item": "cobblemon:metal_coat"
        }
      ]
    }
  }
  