{
    "replace": true,

	"content": {

		"all_rew_primary_currency": {
			"type": "item",
			"content": "minecraft:emerald",
			"amount": 
			{
				"min": 1,
				"max": 4
			},
			"unitWorth": 1000,
			"weightMult": 1.3
		},

		"all_rew_primary_currency_rare_bargain": {
			"type": "item",
			"content": "minecraft:emerald",
			"amount": 
			{
				"min": 1,
				"max": 4
			},
			"unitWorth": 800,
			"weightMult": 0.2
		},

		"all_rew_decree": {
			"type": "item",
			"rarity": "UNCOMMON",
			"content": "bountiful:decree",
			"amount": 
			{
				"min": 1,
				"max": 1
			},
			"unitWorth": 800,
			"weightMult": 0.35
		},

		"all_rew_xp_bottle": {
			"type": "item",
			"rarity": "UNCOMMON",
			"content": "minecraft:experience_bottle",
			"amount": 
			{
				"min": 1,
				"max": 4
			},
			"unitWorth": 1000,
			"weightMult": 0.35
		},

		"all_rew_totem_undying": {
			"type": "item",
			"content": "minecraft:totem_of_undying",
			"rarity": "LEGENDARY",
			"amount": 
			{
				"min": 1,
				"max": 1
			},
			"unitWorth": 4000
		}

	}
}