{
    "content": {

		"cook_obj_baked_potato": {
			"type": "item",
			"content": "minecraft:baked_potato",
			"amount": 
			{
				"min": 4,
				"max": 48
			},
			"unitWorth": 75
		},

		"cook_obj_bread": {
			"type": "item",
			"content": "minecraft:bread",
			"amount": 
			{
				"min": 3,
				"max": 36
			},
			"unitWorth": 150
		},

		"cook_obj_beetroot_soup": {
			"type": "item",
			"rarity": "UNCOMMON",
			"content": "minecraft:beetroot_soup",
			"amount": 
			{
				"min": 1,
				"max": 6
			},
			"unitWorth": 375
		},

		"cook_obj_cookie": {
			"type": "item",
			"rarity": "UNCOMMON",
			"content": "minecraft:cookie",
			"amount": 
			{
				"min": 24,
				"max": 64
			},
			"unitWorth": 150
		},

		"cook_obj_pumpkin_pie": {
			"type": "item",
			"rarity": "UNCOMMON",
			"content": "minecraft:pumpkin_pie",
			"amount": 
			{
				"min": 2,
				"max": 16
			},
			"unitWorth": 250
		},

		"cook_obj_cake": {
			"type": "item",
			"rarity": "RARE",
			"content": "minecraft:cake",
			"amount": 
			{
				"min": 1,
				"max": 6
			},
			"unitWorth": 1000
		},

		"cook_obj_mushroom_stew": {
			"type": "item",
			"rarity": "RARE",
			"content": "minecraft:mushroom_stew",
			"amount": 
			{
				"min": 1,
				"max": 6
			},
			"unitWorth": 300
		},

		"cook_obj_rabbit_stew": {
			"type": "item",
			"rarity": "RARE",
			"content": "minecraft:rabbit_stew",
			"amount": 
			{
				"min": 1,
				"max": 6
			},
			"unitWorth": 1000
		}

	}


}