{
    "content": {

		"fisherman_rew_ink_sac": {
			"type": "item",
			"content": "minecraft:ink_sac",
			"amount": 
			{
				"min": 1,
				"max": 6
			},
			"unitWorth": 200
		},

		"fisherman_rew_glow_ink_sac": {
			"type": "item",
			"content": "minecraft:glow_ink_sac",
			"rarity": "EPIC",
			"amount": 
			{
				"min": 1,
				"max": 3
			},
			"unitWorth": 500
		},

		"fisherman_rew_prismarine_crystals": {
			"type": "item",
			"content": "minecraft:prismarine_crystals",
			"rarity": "EPIC",
			"amount": 
			{
				"min": 1,
				"max": 6
			},
			"unitWorth": 2000
		},

		"fisherman_rew_axolotl_bucket": {
			"type": "item",
			"content": "minecraft:axolotl_bucket",
			"rarity": "LEGENDARY",
			"amount": 
			{
				"min": 1,
				"max": 1
			},
			"unitWorth": 4000
		}


	}


}