
{
	"content": 
    {

        "miner_rew_clay_ball": {
			"type": "item",
			"content": "minecraft:experience_bottle",
			"amount": 
			{
				"min": 2,
				"max": 16
			},
			"unitWorth": 100
		},

        "miner_rew_copper_ingot": {
			"type": "item",
			"content": "minecraft:copper_ingot",
			"amount": 
			{
				"min": 1,
				"max": 8
			},
			"unitWorth": 750,
            "forbids": 
            [
                {
                    "type": "item",
                    "content": "minecraft:copper_ingot"
                },
                {
                    "type": "item",
                    "content": "minecraft:raw_copper"
                }
            ]
		},

        "miner_rew_iron_ingot": {
			"type": "item",
			"content": "minecraft:iron_ingot",
			"amount": 
			{
				"min": 1,
				"max": 8
			},
			"unitWorth": 1000,
            "forbids": 
            [
                {
                    "type": "item",
                    "content": "minecraft:iron_ingot"
                },
                {
                    "type": "item",
                    "content": "minecraft:raw_iron"
                }
            ]
		},



        "miner_rew_emerald": {
			"type": "item",
			"content": "minecraft:emerald",
            "rarity": "UNCOMMON",
			"amount": 
			{
				"min": 1,
				"max": 24
			},
			"unitWorth": 1000,
            "forbids": 
            [
                {
                    "type": "item",
                    "content": "minecraft:emerald"
                }
            ]
		},

        "miner_rew_xp_bottle": {
			"type": "item",
			"rarity": "UNCOMMON",
			"content": "minecraft:experience_bottle",
			"amount": 
			{
				"min": 1,
				"max": 4
			},
			"unitWorth": 1000
		},

        "miner_rew_gold_ingot": {
			"type": "item",
			"content": "minecraft:gold_ingot",
			"amount": 
			{
				"min": 1,
				"max": 8
			},
			"unitWorth": 1250,
            "forbids": 
            [
                {
                    "type": "item",
                    "content": "minecraft:gold_ingot"
                },
                {
                    "type": "item",
                    "content": "minecraft:raw_gold"
                }
            ]
		},

        "miner_rew_iron_pickaxe": {
            "type": "item",
			"rarity": "UNCOMMON",
            "content": "minecraft:iron_pickaxe",
            "amount": 
            {
                "min": 1,
                "max": 1
            },
            "unitWorth": 3000,
            "nbt": "{Damage:0}",
            "forbids": 
            [
                {
                    "type": "item",
                    "content": "minecraft:iron_ingot"
                }
            ]
        },

        "miner_rew_lapis_lazuli": {
			"type": "item",
			"rarity": "UNCOMMON",
			"content": "minecraft:lapis_lazuli",
			"amount": 
			{
				"min": 1,
				"max": 24
			},
			"unitWorth": 750,
            "forbids": 
            [
                {
                    "type": "item",
                    "content": "minecraft:lapis_lazuli"
                },
                {
                    "type": "item",
                    "content": "minecraft:lapis_block"
                }
            ]
		},

        "miner_rew_diamond": {
			"type": "item",
			"rarity": "EPIC",
			"content": "minecraft:diamond",
			"amount": 
			{
				"min": 1,
				"max": 4
			},
			"unitWorth": 4000,
            "forbids": 
            [
                {
                    "type": "item",
                    "content": "minecraft:diamond"
                },
                {
                    "type": "item",
                    "content": "minecraft:diamond_block"
                }
            ]
		},

        "miner_rew_diamond_pickaxe": {
            "type": "item",
            "rarity": "EPIC",
            "content": "minecraft:diamond_pickaxe",
            "amount": 
            {
                "min": 1,
                "max": 1
            },
            "unitWorth": 12000,
            "nbt": "{Damage:0}",
            "forbids": 
            [
                {
                    "type": "item",
                    "content": "minecraft:diamond"
                },
                {
                    "type": "item",
                    "content": "minecraft:diamond_block"
                }
            ]
        },

        "miner_rew_netherite_scrap": {
			"type": "item",
			"rarity": "EPIC",
			"content": "minecraft:netherite_scrap",
			"amount": 
			{
				"min": 1,
				"max": 4
			},
			"unitWorth": 4000
		},

        "miner_rew_netherite_ingot": {
			"type": "item",
			"rarity": "LEGENDARY",
			"content": "minecraft:netherite_ingot",
			"amount": 
			{
				"min": 1,
				"max": 1
			},
			"unitWorth": 21000,
            "forbids": 
            [
                {
                    "type": "item",
                    "content": "minecraft:netherite_ingot"
                }
            ]
		}

	}

}