{
	"format_version": "1.9.0",
	"credit": "LevelsCraft7",
	"texture_size": [128, 128],
	"textures": {
		"0": "cobblemon:block/pasture",
		"particle": "cobblemon:block/pasture_particle"
	},
	"elements": [
		{
			"from": [3, 16, 1],
			"to": [13, 17, 5],
			"rotation": {"angle": 0, "axis": "y", "origin": [8, 16.5, 3]},
			"faces": {
				"north": {"uv": [4.5, 4.25, 5.75, 4.375], "texture": "#0"},
				"east": {"uv": [6, 4.125, 6.5, 4.25], "texture": "#0"},
				"south": {"uv": [4.5, 4.375, 5.75, 4.5], "texture": "#0"},
				"west": {"uv": [6.5, 4.125, 7, 4.25], "texture": "#0"},
				"up": {"uv": [7.25, 1.5, 6, 1], "texture": "#0"},
				"down": {"uv": [7.25, 3.625, 6, 4.125], "texture": "#0"}
			}
		},
		{
			"from": [2, 16, 6],
			"to": [14, 19, 15],
			"rotation": {"angle": 0, "axis": "y", "origin": [2, 16, 12]},
			"faces": {
				"north": {"uv": [2.125, 7, 3.625, 7.375], "texture": "#0"},
				"east": {"uv": [7.25, 1.25, 8.375, 1.625], "texture": "#0"},
				"south": {"uv": [7, 4.125, 8.5, 4.5], "texture": "#0"},
				"west": {"uv": [7.25, 1.625, 8.375, 2], "texture": "#0"},
				"up": {"uv": [1.5, 6.125, 0, 5], "texture": "#0"},
				"down": {"uv": [3, 5, 1.5, 6.125], "texture": "#0"}
			}
		},
		{
			"from": [3, 19, 7],
			"to": [13, 27, 15],
			"rotation": {"angle": 0, "axis": "y", "origin": [2, 19, 12]},
			"faces": {
				"north": {"uv": [5.75, 4.25, 7, 5.25], "texture": "#0"},
				"east": {"uv": [1.125, 6.125, 2.125, 7.125], "texture": "#0"},
				"south": {"uv": [5.75, 5.25, 7, 6.25], "texture": "#0"},
				"west": {"uv": [5.75, 6.25, 6.75, 7.25], "texture": "#0"},
				"up": {"uv": [7.25, 1, 6, 0], "texture": "#0"},
				"down": {"uv": [7.25, 2.625, 6, 3.625], "texture": "#0"}
			}
		},
		{
			"from": [13, 19, 6],
			"to": [14, 27, 15],
			"rotation": {"angle": 0, "axis": "y", "origin": [3, 19, 12]},
			"faces": {
				"north": {"uv": [6.25, 7.5, 6.375, 8.5], "texture": "#0"},
				"east": {"uv": [3, 6, 4.125, 7], "texture": "#0"},
				"south": {"uv": [6.375, 7.5, 6.5, 8.5], "texture": "#0"},
				"west": {"uv": [0, 6.125, 1.125, 7.125], "texture": "#0"},
				"up": {"uv": [6.125, 8.625, 6, 7.5], "texture": "#0"},
				"down": {"uv": [6.25, 7.5, 6.125, 8.625], "texture": "#0"}
			}
		},
		{
			"from": [2, 19, 6],
			"to": [3, 27, 15],
			"rotation": {"angle": 0, "axis": "y", "origin": [-8, 19, 12]},
			"faces": {
				"north": {"uv": [6.25, 7.5, 6.375, 8.5], "texture": "#0"},
				"east": {"uv": [1.125, 6.125, 0, 7.125], "texture": "#0"},
				"south": {"uv": [6.375, 7.5, 6.5, 8.5], "texture": "#0"},
				"west": {"uv": [4.125, 6, 3, 7], "texture": "#0"},
				"up": {"uv": [6.125, 8.625, 6, 7.5], "texture": "#0"},
				"down": {"uv": [6.25, 7.5, 6.125, 8.625], "texture": "#0"}
			}
		},
		{
			"from": [2, 27, 6],
			"to": [14, 28, 15],
			"rotation": {"angle": 0, "axis": "y", "origin": [2, 27, 12]},
			"faces": {
				"north": {"uv": [7.25, 4, 8.75, 4.125], "texture": "#0"},
				"east": {"uv": [7.5, 4.875, 8.625, 5], "texture": "#0"},
				"south": {"uv": [7.5, 4.75, 9, 4.875], "texture": "#0"},
				"west": {"uv": [7.5, 5, 8.625, 5.125], "texture": "#0"},
				"up": {"uv": [7.25, 2.625, 5.75, 1.5], "texture": "#0"},
				"down": {"uv": [5.75, 5.75, 4.25, 6.875], "texture": "#0"}
			}
		},
		{
			"from": [15, 2, 6],
			"to": [16, 14, 10],
			"rotation": {"angle": 0, "axis": "y", "origin": [16, 2, 9]},
			"faces": {
				"north": {"uv": [9.75, 2, 9.875, 3.5], "texture": "#0"},
				"east": {"uv": [9.75, 2, 9.25, 3.5], "texture": "#0"},
				"south": {"uv": [9.125, 2, 9.25, 3.5], "texture": "#0"},
				"west": {"uv": [9.25, 2, 9.75, 3.5], "texture": "#0"},
				"up": {"uv": [9.25, 3, 9.5, 3.5], "rotation": 180, "texture": "#0"},
				"down": {"uv": [9.25, 3, 9.5, 3.5], "rotation": 180, "texture": "#0"}
			}
		},
		{
			"from": [14, 0, 0],
			"to": [16, 16, 2],
			"rotation": {"angle": 0, "axis": "y", "origin": [15, 0, 1]},
			"faces": {
				"north": {"uv": [5.125, 6.875, 5.375, 8.875], "texture": "#0"},
				"east": {"uv": [5.375, 6.875, 5.625, 8.875], "texture": "#0"},
				"south": {"uv": [3.625, 7, 3.875, 9], "texture": "#0"},
				"west": {"uv": [3.875, 7, 4.125, 9], "texture": "#0"},
				"up": {"uv": [6, 2.875, 5.75, 2.625], "texture": "#0"},
				"down": {"uv": [2.375, 6.125, 2.125, 6.375], "texture": "#0"}
			}
		},
		{
			"from": [14, 0, 14],
			"to": [16, 16, 16],
			"rotation": {"angle": 0, "axis": "y", "origin": [15, 0, 15]},
			"faces": {
				"north": {"uv": [3.875, 7, 4.125, 9], "texture": "#0"},
				"east": {"uv": [5.125, 6.875, 5.375, 8.875], "texture": "#0"},
				"south": {"uv": [5.375, 6.875, 5.625, 8.875], "texture": "#0"},
				"west": {"uv": [3.875, 7, 3.625, 9], "texture": "#0"},
				"up": {"uv": [6, 2.875, 5.75, 2.625], "rotation": 90, "texture": "#0"},
				"down": {"uv": [2.375, 6.125, 2.125, 6.375], "rotation": 270, "texture": "#0"}
			}
		},
		{
			"from": [2, 2, 1],
			"to": [14, 14, 2],
			"rotation": {"angle": 0, "axis": "y", "origin": [15, 0, 1]},
			"faces": {
				"north": {"uv": [3, 0, 4.5, 1.5], "texture": "#0"},
				"east": {"uv": [4.5, 1.5, 4.625, 3], "texture": "#0"},
				"south": {"uv": [3, 1.5, 4.5, 3], "texture": "#0"},
				"west": {"uv": [3, 4.5, 3.125, 6], "texture": "#0"},
				"up": {"uv": [6, 4.25, 7.5, 4.375], "texture": "#0"},
				"down": {"uv": [5.75, 4.5, 7.25, 4.625], "texture": "#0"}
			}
		},
		{
			"from": [3, 3, 0.9],
			"to": [13, 12, 0.9],
			"rotation": {"angle": 0, "axis": "y", "origin": [15, -1, 0.9]},
			"faces": {
				"north": {"uv": [1.5, 7.625, 2.75, 8.75], "texture": "#0"},
				"east": {"uv": [4.5, 1.5, 4.5, 2.625], "texture": "#0"},
				"south": {"uv": [1.5, 7.625, 2.75, 8.75], "texture": "#0"},
				"west": {"uv": [3, 4.5, 3, 5.625], "texture": "#0"},
				"up": {"uv": [6, 4.25, 7.25, 4.25], "texture": "#0"},
				"down": {"uv": [5.75, 4.5, 7, 4.5], "texture": "#0"}
			}
		},
		{
			"from": [2, 0, 0],
			"to": [14, 2, 2],
			"rotation": {"angle": 0, "axis": "y", "origin": [15, 0, 1]},
			"faces": {
				"north": {"uv": [7.25, 2, 8.75, 2.25], "texture": "#0"},
				"east": {"uv": [2.375, 6.125, 2.625, 6.375], "texture": "#0"},
				"south": {"uv": [7.25, 2.25, 8.75, 2.5], "texture": "#0"},
				"west": {"uv": [2.625, 6.125, 2.875, 6.375], "texture": "#0"},
				"up": {"uv": [8.75, 2.75, 7.25, 2.5], "texture": "#0"},
				"down": {"uv": [8.75, 2.75, 7.25, 3], "texture": "#0"}
			}
		},
		{
			"from": [0, 0, 2],
			"to": [2, 2, 14],
			"rotation": {"angle": 0, "axis": "y", "origin": [1, 0, 1]},
			"faces": {
				"north": {"uv": [2.375, 6.125, 2.625, 6.375], "texture": "#0"},
				"east": {"uv": [7.25, 2.25, 8.75, 2.5], "texture": "#0"},
				"south": {"uv": [2.625, 6.125, 2.875, 6.375], "texture": "#0"},
				"west": {"uv": [7.25, 2, 8.75, 2.25], "texture": "#0"},
				"up": {"uv": [8.75, 2.75, 7.25, 2.5], "rotation": 270, "texture": "#0"},
				"down": {"uv": [8.75, 2.75, 7.25, 3], "rotation": 90, "texture": "#0"}
			}
		},
		{
			"from": [14, 0, 2],
			"to": [16, 2, 14],
			"rotation": {"angle": 0, "axis": "y", "origin": [15, 0, 15]},
			"faces": {
				"north": {"uv": [2.625, 6.125, 2.875, 6.375], "texture": "#0"},
				"east": {"uv": [7.25, 2, 8.75, 2.25], "texture": "#0"},
				"south": {"uv": [2.375, 6.125, 2.625, 6.375], "texture": "#0"},
				"west": {"uv": [7.25, 2.25, 8.75, 2.5], "texture": "#0"},
				"up": {"uv": [8.75, 2.75, 7.25, 2.5], "rotation": 90, "texture": "#0"},
				"down": {"uv": [8.75, 2.75, 7.25, 3], "rotation": 270, "texture": "#0"}
			}
		},
		{
			"from": [2, 14, 0],
			"to": [14, 16, 2],
			"rotation": {"angle": 0, "axis": "y", "origin": [15, 0, 1]},
			"faces": {
				"north": {"uv": [7.25, 3, 8.75, 3.25], "texture": "#0"},
				"east": {"uv": [2.125, 6.375, 2.375, 6.625], "texture": "#0"},
				"south": {"uv": [7.25, 3.25, 8.75, 3.5], "texture": "#0"},
				"west": {"uv": [2.375, 6.375, 2.625, 6.625], "texture": "#0"},
				"up": {"uv": [8.75, 3.75, 7.25, 3.5], "texture": "#0"},
				"down": {"uv": [8.75, 3.75, 7.25, 4], "texture": "#0"}
			}
		},
		{
			"from": [0, 14, 2],
			"to": [2, 16, 14],
			"rotation": {"angle": 0, "axis": "y", "origin": [1, 0, 1]},
			"faces": {
				"north": {"uv": [2.125, 6.375, 2.375, 6.625], "texture": "#0"},
				"east": {"uv": [7.25, 3.25, 8.75, 3.5], "texture": "#0"},
				"south": {"uv": [2.375, 6.375, 2.625, 6.625], "texture": "#0"},
				"west": {"uv": [7.25, 3, 8.75, 3.25], "texture": "#0"},
				"up": {"uv": [8.75, 3.75, 7.25, 3.5], "rotation": 270, "texture": "#0"},
				"down": {"uv": [8.75, 3.75, 7.25, 4], "rotation": 90, "texture": "#0"}
			}
		},
		{
			"from": [14, 14, 2],
			"to": [16, 16, 14],
			"rotation": {"angle": 0, "axis": "y", "origin": [15, 0, 15]},
			"faces": {
				"north": {"uv": [2.375, 6.375, 2.625, 6.625], "texture": "#0"},
				"east": {"uv": [7.25, 3, 8.75, 3.25], "texture": "#0"},
				"south": {"uv": [2.125, 6.375, 2.375, 6.625], "texture": "#0"},
				"west": {"uv": [7.25, 3.25, 8.75, 3.5], "texture": "#0"},
				"up": {"uv": [8.75, 3.75, 7.25, 3.5], "rotation": 90, "texture": "#0"},
				"down": {"uv": [8.75, 3.75, 7.25, 4], "rotation": 270, "texture": "#0"}
			}
		},
		{
			"from": [0, 0, 0],
			"to": [2, 16, 2],
			"rotation": {"angle": 0, "axis": "y", "origin": [1, 0, 1]},
			"faces": {
				"north": {"uv": [0, 7.125, 0.25, 9.125], "texture": "#0"},
				"east": {"uv": [0.25, 7.125, 0.5, 9.125], "texture": "#0"},
				"south": {"uv": [0.5, 7.125, 0.75, 9.125], "texture": "#0"},
				"west": {"uv": [0.75, 7.125, 1, 9.125], "texture": "#0"},
				"up": {"uv": [2.875, 6.625, 2.625, 6.375], "texture": "#0"},
				"down": {"uv": [2.375, 6.625, 2.125, 6.875], "texture": "#0"}
			}
		},
		{
			"from": [0, 0, 14],
			"to": [2, 16, 16],
			"rotation": {"angle": 0, "axis": "y", "origin": [1, 0, 15]},
			"faces": {
				"north": {"uv": [0.25, 7.125, 0.5, 9.125], "texture": "#0"},
				"east": {"uv": [0.5, 7.125, 0.75, 9.125], "texture": "#0"},
				"south": {"uv": [0.75, 7.125, 1, 9.125], "texture": "#0"},
				"west": {"uv": [0, 7.125, 0.25, 9.125], "texture": "#0"},
				"up": {"uv": [2.875, 6.625, 2.625, 6.375], "rotation": 270, "texture": "#0"},
				"down": {"uv": [2.375, 6.625, 2.125, 6.875], "rotation": 90, "texture": "#0"}
			}
		},
		{
			"from": [2, 2, 14],
			"to": [14, 14, 15],
			"rotation": {"angle": 0, "axis": "y", "origin": [1, 0, 1]},
			"faces": {
				"north": {"uv": [3, 3, 4.5, 4.5], "texture": "#0"},
				"east": {"uv": [3.125, 7.375, 3.25, 8.875], "texture": "#0"},
				"south": {"uv": [3, 0, 4.5, 1.5], "texture": "#0"},
				"west": {"uv": [3, 7.375, 3.125, 8.875], "texture": "#0"},
				"up": {"uv": [3.375, 8.875, 3.25, 7.375], "rotation": 270, "texture": "#0"},
				"down": {"uv": [3.5, 7.375, 3.375, 8.875], "rotation": 90, "texture": "#0"}
			}
		},
		{
			"from": [1, 2, 2],
			"to": [2, 14, 14],
			"rotation": {"angle": 0, "axis": "y", "origin": [1, 0, 1]},
			"faces": {
				"north": {"uv": [3, 7.375, 3.125, 8.875], "texture": "#0"},
				"east": {"uv": [3, 3, 4.5, 4.5], "texture": "#0"},
				"south": {"uv": [3.125, 7.375, 3.25, 8.875], "texture": "#0"},
				"west": {"uv": [0, 3.5, 1.5, 5], "texture": "#0"},
				"up": {"uv": [3.375, 8.875, 3.25, 7.375], "texture": "#0"},
				"down": {"uv": [3.5, 7.375, 3.375, 8.875], "texture": "#0"}
			}
		},
		{
			"from": [2, 0, 2],
			"to": [14, 2, 16],
			"rotation": {"angle": 0, "axis": "y", "origin": [1, 0, 15]},
			"faces": {
				"north": {"uv": [5.625, 7.25, 7.125, 7.5], "texture": "#0"},
				"east": {"uv": [7, 6, 8.75, 6.25], "texture": "#0"},
				"south": {"uv": [7.25, 2, 8.75, 2.25], "texture": "#0"},
				"west": {"uv": [7.25, 0.5, 9, 0.75], "texture": "#0"},
				"up": {"uv": [1.5, 1.75, 0, 0], "texture": "#0"},
				"down": {"uv": [3, 0, 1.5, 1.75], "texture": "#0"}
			}
		},
		{
			"from": [2, 14, 2],
			"to": [14, 16, 16],
			"rotation": {"angle": 0, "axis": "y", "origin": [1, 14, 15]},
			"faces": {
				"north": {"uv": [1.5, 7.375, 3, 7.625], "texture": "#0"},
				"east": {"uv": [7.25, 0.75, 9, 1], "texture": "#0"},
				"south": {"uv": [7.25, 3.5, 8.75, 3.75], "texture": "#0"},
				"west": {"uv": [7.25, 1, 9, 1.25], "texture": "#0"},
				"up": {"uv": [1.5, 3.5, 0, 1.75], "texture": "#0"},
				"down": {"uv": [3, 1.75, 1.5, 3.5], "texture": "#0"}
			}
		},
		{
			"from": [14, 2, 2],
			"to": [15, 14, 14],
			"rotation": {"angle": 0, "axis": "y", "origin": [15, 0, 15]},
			"faces": {
				"north": {"uv": [3.5, 7.375, 3.625, 8.875], "texture": "#0"},
				"east": {"uv": [0, 3.5, 1.5, 5], "texture": "#0"},
				"south": {"uv": [5.625, 7.5, 5.75, 9], "texture": "#0"},
				"west": {"uv": [4.5, 0, 6, 1.5], "texture": "#0"},
				"up": {"uv": [5.875, 9, 5.75, 7.5], "texture": "#0"},
				"down": {"uv": [6, 7.5, 5.875, 9], "texture": "#0"}
			}
		},
		{
			"from": [2.75, 1.75, 3.75],
			"to": [13.25, 5.25, 13.25],
			"rotation": {"angle": 0, "axis": "y", "origin": [3, 1, 5]},
			"faces": {
				"north": {"uv": [13.375, 3.125, 14.625, 3.5], "texture": "#0"},
				"east": {"uv": [12.25, 3.125, 13.375, 3.5], "texture": "#0"},
				"south": {"uv": [11, 3.125, 12.25, 3.5], "texture": "#0"},
				"west": {"uv": [9.875, 3.125, 11, 3.5], "texture": "#0"},
				"up": {"uv": [9.875, 2, 11.125, 3.125], "texture": "#0"},
				"down": {"uv": [11.125, 2, 12.375, 3.125], "texture": "#0"}
			}
		},
		{
			"from": [3, 2, 4],
			"to": [13, 5, 13],
			"rotation": {"angle": 0, "axis": "y", "origin": [3, 1, 5]},
			"faces": {
				"north": {"uv": [12.5, 1.25, 13.75, 1.625], "texture": "#0"},
				"east": {"uv": [11.375, 1.25, 12.5, 1.625], "texture": "#0"},
				"south": {"uv": [10.125, 1.25, 11.375, 1.625], "texture": "#0"},
				"west": {"uv": [9, 1.25, 10.125, 1.625], "texture": "#0"},
				"up": {"uv": [9, 0.125, 10.25, 1.25], "texture": "#0"},
				"down": {"uv": [10.25, 0.125, 11.5, 1.25], "texture": "#0"}
			}
		},
		{
			"from": [3, 4, 13],
			"to": [13, 7, 13],
			"rotation": {"angle": 22.5, "axis": "x", "origin": [7, 4, 14]},
			"faces": {
				"north": {"uv": [13.375, 2.75, 14.625, 3.125], "rotation": 180, "texture": "#0"},
				"east": {"uv": [0, 0, 0.375, 0], "rotation": 90, "texture": "#0"},
				"south": {"uv": [13.375, 3.125, 14.625, 2.75], "texture": "#0"},
				"west": {"uv": [0, 0, 0.375, 0], "rotation": 270, "texture": "#0"},
				"up": {"uv": [0, 0, 1.25, 0], "texture": "#0"},
				"down": {"uv": [0, 0, 1.25, 0], "rotation": 180, "texture": "#0"}
			}
		},
		{
			"from": [3, 4, 3],
			"to": [3, 7, 13],
			"rotation": {"angle": 22.5, "axis": "z", "origin": [3, 4, 8]},
			"faces": {
				"north": {"uv": [0, 0, 0.375, 0], "rotation": 270, "texture": "#0"},
				"east": {"uv": [13.375, 2.75, 14.625, 3.125], "rotation": 180, "texture": "#0"},
				"south": {"uv": [0, 0, 0.375, 0], "rotation": 90, "texture": "#0"},
				"west": {"uv": [13.375, 3.125, 14.625, 2.75], "texture": "#0"},
				"up": {"uv": [0, 0, 1.25, 0], "rotation": 90, "texture": "#0"},
				"down": {"uv": [0, 0, 1.25, 0], "rotation": 90, "texture": "#0"}
			}
		},
		{
			"from": [13, 4, 3],
			"to": [13, 7, 13],
			"rotation": {"angle": -22.5, "axis": "z", "origin": [13, 4, 10]},
			"faces": {
				"north": {"uv": [0, 0, 0.375, 0], "rotation": 90, "texture": "#0"},
				"east": {"uv": [14.625, 3.125, 13.375, 2.75], "texture": "#0"},
				"south": {"uv": [0, 0, 0.375, 0], "rotation": 270, "texture": "#0"},
				"west": {"uv": [13.375, 2.75, 14.625, 3.125], "rotation": 180, "texture": "#0"},
				"up": {"uv": [0, 0, 1.25, 0], "rotation": 270, "texture": "#0"},
				"down": {"uv": [0, 0, 1.25, 0], "rotation": 270, "texture": "#0"}
			}
		},
		{
			"from": [3, 5, 4],
			"to": [13, 8, 4],
			"rotation": {"angle": -22.5, "axis": "x", "origin": [9, 5, 5]},
			"faces": {
				"north": {"uv": [13.375, 3.125, 14.625, 2.75], "texture": "#0"},
				"east": {"uv": [0, 0, 0.375, 0], "rotation": 270, "texture": "#0"},
				"south": {"uv": [13.375, 2.75, 14.625, 3.125], "rotation": 180, "texture": "#0"},
				"west": {"uv": [0, 0, 0.375, 0], "rotation": 90, "texture": "#0"},
				"up": {"uv": [0, 0, 1.25, 0], "rotation": 180, "texture": "#0"},
				"down": {"uv": [0, 0, 1.25, 0], "texture": "#0"}
			}
		},
		{
			"from": [4, 12, 5],
			"to": [12, 16, 13],
			"rotation": {"angle": 0, "axis": "y", "origin": [8, 14, 9]},
			"faces": {
				"north": {"uv": [8.25, 0, 7.25, 0.5], "rotation": 180, "texture": "#0"},
				"east": {"uv": [7, 4.5, 7.5, 5.5], "rotation": 270, "texture": "#0"},
				"south": {"uv": [8, 6, 7, 5.5], "texture": "#0"},
				"west": {"uv": [1, 7.125, 1.5, 8.125], "rotation": 90, "texture": "#0"},
				"up": {"uv": [6.75, 6.25, 7.75, 7.25], "rotation": 180, "texture": "#0"},
				"down": {"uv": [4.125, 6.875, 5.125, 7.875], "texture": "#0"}
			}
		}
	],
	"display": {
		"thirdperson_righthand": {
			"translation": [0, -2, -2.25],
			"scale": [0.375, 0.375, 0.375]
		},
		"thirdperson_lefthand": {
			"translation": [0, -2, -2.25],
			"scale": [0.375, 0.375, 0.375]
		},
		"firstperson_righthand": {
			"rotation": [0, 135, 0],
			"translation": [0, -1, 0],
			"scale": [0.4, 0.4, 0.4]
		},
		"firstperson_lefthand": {
			"translation": [0, -1, 0],
			"scale": [0.4, 0.4, 0.4]
		},
		"ground": {
			"translation": [0, 1, 0],
			"scale": [0.25, 0.25, 0.25]
		},
		"gui": {
			"rotation": [30, -135, 0],
			"translation": [0, -2.25, 0],
			"scale": [0.425, 0.425, 0.425]
		},
		"head": {
			"translation": [0, -1, 0]
		},
		"fixed": {
			"translation": [0, -2, -2],
			"scale": [0.425, 0.425, 0.425]
		}
	},
	"groups": [
		{
			"name": "Top",
			"origin": [2, 27, 12],
			"color": 0,
			"children": [0, 1, 2, 3, 4, 5]
		},
		{
			"name": "Bottom",
			"origin": [0, 2, 7],
			"color": 0,
			"children": [
				6,
				7,
				8,
				9,
				10,
				11,
				12,
				13,
				14,
				15,
				16,
				17,
				18,
				19,
				20,
				21,
				22,
				23,
				{
					"name": "group",
					"origin": [3, 1, 5],
					"color": 0,
					"children": [24, 25, 26, 27, 28, 29]
				},
				30
			]
		}
	]
}