{
  "type": "recipe",
  "crafter": "blacksmith_crafting",
  "inputs": [
    {
      "item": "magistuarmory:steel_nugget"
    },
    {
      "item": "magistuarmory:steel_nugget"
    },
    {
      "item": "magistuarmory:steel_nugget"
    },
    {
      "item": "magistuarmory:steel_nugget"
    },
    {
      "item": "magistuarmory:steel_nugget"
    },
    {
      "item": "magistuarmory:steel_nugget"
    }
  ],
  "min-building-level": 3,
  "result": "magistuarmory:small_steel_plate"
}
