{
  "implemented": true,
  "name": "Magneton",
  "nationalPokedexNumber": 82,
  "primaryType": "electric",
  "secondaryType": "steel",
  "abilities": [
	"levitate",
    "magnetpull",
    "sturdy",
    "h:analytic"
  ],
  "baseStats": {
    "hp": 50,
    "attack": 60,
    "defence": 95,
    "special_attack": 120,
    "special_defence": 70,
    "speed": 70
  },
  "catchRate": 60,
  "maleRatio": -1,
  "shoulderMountable": false,
  "baseExperienceYield": 163,
  "experienceGroup": "medium_fast",
  "eggCycles": 20,
  "eggGroups": [
    "mineral"
  ],
  "behaviour": {
    "moving": {
      "fly": {
        "canFly": true
      },
      "walk": {
        "canWalk": false
      }
    },
    "resting": {
      "canSleep": true,
      "willSleepOnBed": false,
      "depth": "normal",
      "light": "0-4"
    }
  },
  "drops": {
    "amount": 5,
    "entries": [
      {
        "item": "minecraft:raw_iron",
        "quantityRange": "0-2"
      },
      {
        "item": "cobblemon:magnet",
        "percentage": 5.0
      },
      {
        "item": "cobblemon:metal_coat",
        "percentage": 5.0
      },
      {
        "item": "cobblemon:shuca_berry",
        "percentage": 5.0
      }
    ]
  },
  "moves": [
    "1:electricterrain",
    "1:magnetbomb",
    "1:supersonic",
    "1:tackle",
    "1:thundershock",
    "1:thunderwave",
    "1:triattack",
    "12:electroball",
    "16:gyroball",
    "17:sonicboom",
    "20:spark",
    "23:mirrorshot",
    "24:screech",
    "28:magnetrise",
    "34:flashcannon",
    "40:discharge",
    "46:metalsound",
    "52:lightscreen",
    "58:lockon",
    "64:zapcannon",
    "tm:charge",
    "tm:chargebeam",
    "tm:confide",
    "tm:confuseray",
    "tm:doubleteam",
    "tm:eerieimpulse",
    "tm:electricterrain",
    "tm:electroball",
    "tm:electroweb",
    "tm:endure",
    "tm:explosion",
    "tm:facade",
    "tm:flash",
    "tm:flashcannon",
    "tm:frustration",
    "tm:gigaimpact",
    "tm:gravity",
    "tm:gyroball",
    "tm:heavyslam",
    "tm:helpinghand",
    "tm:hiddenpower",
    "tm:hyperbeam",
    "tm:irondefense",
    "tm:ironhead",
    "tm:lightscreen",
    "tm:metalsound",
    "tm:naturalgift",
    "tm:protect",
    "tm:psychup",
    "tm:raindance",
    "tm:recycle",
    "tm:reflect",
    "tm:rest",
    "tm:return",
    "tm:round",
    "tm:sandstorm",
    "tm:screech",
    "tm:secretpower",
    "tm:shockwave",
    "tm:sleeptalk",
    "tm:snore",
    "tm:steelbeam",
    "tm:substitute",
    "tm:sunnyday",
    "tm:swagger",
    "tm:swift",
    "tm:takedown",
    "tm:terablast",
    "tm:thunder",
    "tm:thunderbolt",
    "tm:thunderwave",
    "tm:toxic",
    "tm:triattack",
    "tm:voltswitch",
    "tm:wildcharge",
    "tutor:bide",
    "tutor:curse",
    "tutor:doubleedge",
    "tutor:doubleteam",
    "tutor:electroweb",
    "tutor:endure",
    "tutor:facade",
    "tutor:flash",
    "tutor:flashcannon",
    "tutor:frustration",
    "tutor:gravity",
    "tutor:headbutt",
    "tutor:hiddenpower",
    "tutor:hyperbeam",
    "tutor:irondefense",
    "tutor:lightscreen",
    "tutor:lockon",
    "tutor:magiccoat",
    "tutor:magnetrise",
    "tutor:mimic",
    "tutor:protect",
    "tutor:rage",
    "tutor:raindance",
    "tutor:recycle",
    "tutor:reflect",
    "tutor:refresh",
    "tutor:rest",
    "tutor:return",
    "tutor:risingvoltage",
    "tutor:rollout",
    "tutor:screech",
    "tutor:shockwave",
    "tutor:signalbeam",
    "tutor:sleeptalk",
    "tutor:snore",
    "tutor:sonicboom",
    "tutor:steelbeam",
    "tutor:substitute",
    "tutor:supersonic",
    "tutor:swagger",
    "tutor:swift",
    "tutor:tackle",
    "tutor:takedown",
    "tutor:teleport",
    "tutor:thunder",
    "tutor:thunderbolt",
    "tutor:thundershock",
    "tutor:thunderwave",
    "tutor:toxic",
    "tutor:triattack",
    "tutor:zapcannon"
  ],
  "labels": [
    "gen1"
  ],
  "pokedex": [
    "cobblemon.species.magneton.desc"
  ],
  "preEvolution": "magnemite",
  "evolutions": [
    {
      "id": "magneton_magnezone",
      "variant": "item_interact",
      "result": "magnezone",
      "consumeHeldItem": false,
      "learnableMoves": [],
      "requirements": [],
      "requiredContext": "cobblemon:thunder_stone"
    }
  ],
  "baseScale": 0.9,
  "hitbox": {
    "width": 1.1,
    "height": 1.4,
    "fixed": false
  },
  "baseFriendship": 50,
  "evYield": {
    "hp": 0,
    "attack": 0,
    "defence": 0,
    "special_attack": 2,
    "special_defence": 0,
    "speed": 0
  },
  "height": 10,
  "weight": 600,
  "aspects": [],
  "cannotDynamax": false
}
