{
    "implemented": false,
    "name": "ghost",
    "nationalPokedexNumber": 9999,
    "primaryType": "ghost",
    
    "abilities": [
        "levitate"
        
        
    ],
    "baseStats": {
        "hp": 90,
        "attack": 90,
        "defence": 90,
        "special_attack": 90,
        "special_defence": 90,
        "speed": 90
    },
    "behaviour": {
        "resting": {
            "canSleep": false,
            "depth": "normal",
            "light": "0-4"
        },
        "moving": {
            "canLook": true,
            "walk": {
                "canWalk": true,
                "avoidsLand": false
            },
            "swim": {
                "swimSpeed": 0.1,
                "canSwimInWater": false,
                "canBreatheUnderwater": true
            },
            "fly": {
              "canFly": true
	    },
            "wanderChance": 1
        }
    },
    "catchRate": 45,
    "maleRatio": -1,
    "shoulderMountable": false,
    
    "baseExperienceYield": 225,
    "experienceGroup": "medium_fast",
    "eggCycles": 20,
    "eggGroups": [
        "amorphous"
        
    ],
    "moves": [
        "1:curse",
		"1:growl",
		"1:leer",
		"5:tailwhip",
		"9:headbutt",
		"13:boneclub",
		"17:focusenergy",
		"21:bonemerang",
		"25:shadowbone"
    ],
    "labels": [
        "custom"
    ],
    "pokedex": [
        "cobblemon.species.ghost.desc1",
        "cobblemon.species.ghost.desc2"
    ],
    
    
    "baseScale": 1.2,
    "hitbox": {
        "width": 0.8,
        "height": 1.7,
        "fixed": false
    },
    "baseFriendship": 50,
    "evYield": {
        "hp": 3,
        "attack": 0,
        "defence": 0,
        "special_attack": 0,
        "special_defence": 0,
        "speed": 0
    },
    "height": 1,
    "weight": 1
}