{
  "implemented": true,
  "name": "Dialga",
  "nationalPokedexNumber": 483,
  "primaryType": "steel",
  "secondaryType": "dragon",
  "abilities": [
    "pressure",
    "h:telepathy"
  ],
  "baseStats": {
    "hp": 100,
    "attack": 120,
    "defence": 120,
    "special_attack": 150,
    "special_defence": 100,
    "speed": 90
  },
  "catchRate": 3,
  "maleRatio": -1,
  "shoulderMountable": false,
  "forms": [
    {
      "name": "Origin",
      "primaryType": "steel",
      "secondaryType": "dragon",
      "abilities": [
        "pressure",
        "h:telepathy"
      ],
      "baseStats": {
        "hp": 100,
        "attack": 100,
        "defence": 120,
        "special_attack": 150,
        "special_defence": 120,
        "speed": 90
      },
      "catchRate": 3,
      "maleRatio": -1,
      "baseExperienceYield": 340,
      "baseFriendship": 0,
      "evYield": {
        "hp": 0,
        "attack": 0,
        "defence": 0,
        "special_attack": 3,
        "special_defence": 0,
        "speed": 0
      },
      "experienceGroup": "slow",
      "eggCycles": 120,
      "eggGroups": [
        "undiscovered"
      ],
      "labels": [
        "gen8",
        "legendary"
      ],
      "aspects": [
        "origin"
      ],
      "height": 70,
      "weight": 8500,
      "evolutions": [],
      "cannotDynamax": false,
      "battleOnly": false
    }
  ],
  "baseExperienceYield": 340,
  "experienceGroup": "slow",
  "eggCycles": 120,
  "eggGroups": [
    "undiscovered"
  ],
  "moves": [
    "1:dragonbreath",
    "1:metalclaw",
    "1:scaryface",
    "6:metalclaw",
    "8:dragonbreath",
    "10:ancientpower",
    "15:slash",
    "16:ancientpower",
    "19:powergem",
    "24:metalburst",
    "24:slash",
    "28:dragonclaw",
    "32:flashcannon",
    "33:earthpower",
    "37:aurasphere",
    "40:dragonclaw",
    "40:roaroftime",
    "42:flashcannon",
    "42:irontail",
    "46:roaroftime",
    "48:aurasphere",
    "50:flashcannon",
    "50:healblock",
    "56:powergem",
    "64:metalburst",
    "72:earthpower",
    "80:irontail",
    "88:roaroftime",
    "tm:aerialace",
    "tm:aurasphere",
    "tm:blizzard",
    "tm:bodypress",
    "tm:bodyslam",
    "tm:breakingswipe",
    "tm:brickbreak",
    "tm:bulkup",
    "tm:bulldoze",
    "tm:confide",
    "tm:cut",
    "tm:doubleteam",
    "tm:dracometeor",
    "tm:dragonclaw",
    "tm:dragonpulse",
    "tm:dragontail",
    "tm:earthpower",
    "tm:earthquake",
    "tm:echoedvoice",
    "tm:endure",
    "tm:facade",
    "tm:fireblast",
    "tm:flamethrower",
    "tm:flash",
    "tm:flashcannon",
    "tm:focusblast",
    "tm:frustration",
    "tm:gigaimpact",
    "tm:heavyslam",
    "tm:hiddenpower",
    "tm:honeclaws",
    "tm:hyperbeam",
    "tm:hypervoice",
    "tm:icebeam",
    "tm:incinerate",
    "tm:irondefense",
    "tm:ironhead",
    "tm:irontail",
    "tm:metalclaw",
    "tm:naturalgift",
    "tm:outrage",
    "tm:overheat",
    "tm:powergem",
    "tm:protect",
    "tm:psychup",
    "tm:raindance",
    "tm:rest",
    "tm:return",
    "tm:roar",
    "tm:rockslide",
    "tm:rocksmash",
    "tm:rocktomb",
    "tm:round",
    "tm:safeguard",
    "tm:sandstorm",
    "tm:scaryface",
    "tm:secretpower",
    "tm:shadowclaw",
    "tm:shockwave",
    "tm:sleeptalk",
    "tm:snore",
    "tm:stealthrock",
    "tm:steelbeam",
    "tm:stompingtantrum",
    "tm:stoneedge",
    "tm:strength",
    "tm:substitute",
    "tm:sunnyday",
    "tm:swagger",
    "tm:swift",
    "tm:takedown",
    "tm:terablast",
    "tm:thunder",
    "tm:thunderbolt",
    "tm:thunderwave",
    "tm:toxic",
    "tm:trick",
    "tm:trickroom",
    "tutor:ancientpower",
    "tutor:aurasphere",
    "tutor:dracometeor",
    "tutor:dragonbreath",
    "tutor:dragonclaw",
    "tutor:dragonpulse",
    "tutor:earthpower",
    "tutor:flashcannon",
    "tutor:furycutter",
    "tutor:gravity",
    "tutor:headbutt",
    "tutor:healblock",
    "tutor:hypervoice",
    "tutor:irondefense",
    "tutor:ironhead",
    "tutor:irontail",
    "tutor:magnetrise",
    "tutor:metalburst",
    "tutor:metalclaw",
    "tutor:mudslap",
    "tutor:outrage",
    "tutor:overheat",
    "tutor:roaroftime",
    "tutor:scaleshot",
    "tutor:scaryface",
    "tutor:shockwave",
    "tutor:slash",
    "tutor:sleeptalk",
    "tutor:snore",
    "tutor:stealthrock",
    "tutor:steelbeam",
    "tutor:stompingtantrum",
    "tutor:swift",
    "tutor:twister"
  ],
  "labels": [
    "gen4",
    "legendary"
  ],
  "pokedex": [
    "cobblemon.species.dialga.desc"
  ],
  "evolutions": [],
  "baseScale": 1.6,
  "hitbox": {
    "width": 1,
    "height": 3,
    "fixed": false
  },
  "baseFriendship": 0,
  "evYield": {
    "hp": 0,
    "attack": 0,
    "defence": 0,
    "special_attack": 3,
    "special_defence": 0,
    "speed": 0
  },
  "height": 54,
  "weight": 6830,
  "aspects": [],
  "cannotDynamax": false
}