{
  "implemented": true,
    "name": "Uxie",
    "nationalPokedexNumber": 480,
    "primaryType": "psychic",
    "abilities": [
      "levitate"
    ],
    "baseStats": {
      "hp": 75,
      "attack": 75,
      "defence": 130,
      "special_attack": 75,
      "special_defence": 130,
      "speed": 95
    },
    "catchRate": 3,
    "maleRatio": -1,
    "shoulderMountable": false,
    "baseExperienceYield": 290,
    "experienceGroup": "slow",
    "eggCycles": 80,
    "eggGroups": [
      "undiscovered"
    ],
    "moves": [
      "1:allyswitch",
      "1:confusion",
      "1:expandingforce",
      "1:flail",
      "1:irontail",
      "1:magicroom",
      "1:memento",
      "1:naturalgift",
      "1:psychocut",
      "1:rest",
      "1:round",
      "1:safeguard",
      "1:snore",
      "1:triattack",
      "1:wonderroom",
      "6:imprison",
      "7:swift",
      "14:endure",
      "16:endure",
      "21:psybeam",
      "21:swift",
      "28:imprison",
      "31:yawn",
      "35:extrasensory",
      "36:futuresight",
      "42:amnesia",
      "46:amnesia",
      "49:psychic",
      "50:extrasensory",
      "51:extrasensory",
      "56:yawn",
      "61:flail",
      "63:futuresight",
      "66:naturalgift",
      "70:flail",
      "76:memento",
      "77:memento",
      "84:mysticalpower",
      "tm:acrobatics",
      "tm:allyswitch",
      "tm:amnesia",
      "tm:batonpass",
      "tm:calmmind",
      "tm:chargebeam",
      "tm:confide",
      "tm:confuseray",
      "tm:dazzlinggleam",
      "tm:doubleteam",
      "tm:drainingkiss",
      "tm:drainpunch",
      "tm:dreameater",
      "tm:encore",
      "tm:endure",
      "tm:energyball",
      "tm:expandingforce",
      "tm:facade",
      "tm:firepunch",
      "tm:flash",
      "tm:fling",
      "tm:foulplay",
      "tm:frustration",
      "tm:futuresight",
      "tm:gigadrain",
      "tm:gigaimpact",
      "tm:grassknot",
      "tm:helpinghand",
      "tm:hiddenpower",
      "tm:hyperbeam",
      "tm:icepunch",
      "tm:imprison",
      "tm:irontail",
      "tm:knockoff",
      "tm:lightscreen",
      "tm:magicroom",
      "tm:metronome",
      "tm:mudslap",
      "tm:nastyplot",
      "tm:naturalgift",
      "tm:painsplit",
      "tm:playrough",
      "tm:poweruppunch",
      "tm:protect",
      "tm:psybeam",
      "tm:psychic",
      "tm:psychicnoise",
      "tm:psychocut",
      "tm:psychup",
      "tm:psyshock",
      "tm:raindance",
      "tm:recycle",
      "tm:reflect",
      "tm:rest",
      "tm:return",
      "tm:round",
      "tm:safeguard",
      "tm:sandstorm",
      "tm:secretpower",
      "tm:shadowball",
      "tm:shockwave",
      "tm:skillswap",
      "tm:sleeptalk",
      "tm:snore",
      "tm:solarbeam",
      "tm:stealthrock",
      "tm:storedpower",
      "tm:substitute",
      "tm:sunnyday",
      "tm:swagger",
      "tm:swift",
      "tm:telekinesis",
      "tm:terablast",
      "tm:thunder",
      "tm:thunderbolt",
      "tm:thunderpunch",
      "tm:thunderwave",
      "tm:toxic",
      "tm:triattack",
      "tm:trick",
      "tm:trickroom",
      "tm:uturn",
      "tm:waterpulse",
      "tm:wonderroom",
      "tm:zenheadbutt",
      "tutor:allyswitch",
      "tutor:amnesia",
      "tutor:confusion",
      "tutor:expandingforce",
      "tutor:extrasensory",
      "tutor:firepunch",
      "tutor:flail",
      "tutor:foulplay",
      "tutor:futuresight",
      "tutor:gigadrain",
      "tutor:headbutt",
      "tutor:healbell",
      "tutor:helpinghand",
      "tutor:icepunch",
      "tutor:irontail",
      "tutor:knockoff",
      "tutor:laserfocus",
      "tutor:magiccoat",
      "tutor:magicroom",
      "tutor:mudslap",
      "tutor:psychic",
      "tutor:recycle",
      "tutor:roleplay",
      "tutor:shadowball",
      "tutor:shockwave",
      "tutor:signalbeam",
      "tutor:skillswap",
      "tutor:sleeptalk",
      "tutor:snore",
      "tutor:stealthrock",
      "tutor:swift",
      "tutor:telekinesis",
      "tutor:thunderpunch",
      "tutor:trick",
      "tutor:waterpulse",
      "tutor:wonderroom",
      "tutor:yawn",
      "tutor:zenheadbutt"
    ],
    "labels": [
      "gen4",
      "legendary"
    ],
    "pokedex": [
      "cobblemon.species.uxie.desc"
    ],
    "evolutions": [],
    "baseScale": 1,
    "hitbox": {
      "width": 1,
      "height": 1,
      "fixed": false
    },
    "baseFriendship": 140,
    "evYield": {
      "hp": 0,
      "attack": 0,
      "defence": 2,
      "special_attack": 0,
      "special_defence": 1,
      "speed": 0
    },
    "height": 3,
    "weight": 3,
    "aspects": [],
    "cannotDynamax": false
  }
  