{
	"conditions": [{
		"type": "forge:mod_loaded",
		"modid": "twilightforest"
	}],
	"entity": "twilightforest:kobold",
	"weight": 100,
	"size": {
		"width": 1,
		"height": 1
	},
	"valid_gear_sets": [
		"#twilight"
	],
	"dimensions": [
		"twilightforest:twilight_forest"
	],
	"min_rarity": "common",
	"max_rarity": "rare",
	"stats": {
		"common": {
			"enchant_chance": 0.5,
			"enchantment_levels": [15, 12, 18, 15],
			"effects": [{
				"effect": "minecraft:fire_resistance",
				"chance": 0.38
			}],
			"attribute_modifiers": [{
					"attribute": "minecraft:generic.max_health",
					"operation": "ADDITION",
					"value": {
						"min": 4,
						"steps": 20,
						"step": 1
					}
				},
				{
					"attribute": "minecraft:generic.movement_speed",
					"operation": "MULTIPLY_BASE",
					"value": {
						"min": 0.04,
						"steps": 18,
						"step": 0.002
					}
				},
				{
					"attribute": "minecraft:generic.attack_damage",
					"operation": "MULTIPLY_BASE",
					"value": {
						"min": 0.04,
						"steps": 30,
						"step": 0.002
					}
				},
				{
					"attribute": "minecraft:generic.knockback_resistance",
					"operation": "ADDITION",
					"value": 0.15
				}
			]
		},
		"uncommon": {
			"enchant_chance": 0.5,
			"enchantment_levels": [19, 12, 22, 19],
			"effects": [{
				"effect": "minecraft:fire_resistance",
				"chance": 0.5
			}],
			"attribute_modifiers": [{
					"attribute": "minecraft:generic.max_health",
					"operation": "ADDITION",
					"value": {
						"min": 6,
						"steps": 30,
						"step": 1
					}
				},
				{
					"attribute": "minecraft:generic.movement_speed",
					"operation": "MULTIPLY_BASE",
					"value": {
						"min": 0.045,
						"steps": 18,
						"step": 0.002
					}
				},
				{
					"attribute": "minecraft:generic.attack_damage",
					"operation": "MULTIPLY_BASE",
					"value": {
						"min": 0.045,
						"steps": 30,
						"step": 0.002
					}
				},
				{
					"attribute": "minecraft:generic.knockback_resistance",
					"operation": "ADDITION",
					"value": 0.25
				}
			]
		},
		"rare": {
			"enchant_chance": 0.5,
			"enchantment_levels": [19, 12, 27, 22],
			"effects": [{
				"effect": "minecraft:fire_resistance",
				"chance": 0.6
			}],
			"attribute_modifiers": [{
					"attribute": "minecraft:generic.max_health",
					"operation": "ADDITION",
					"value": {
						"min": 8,
						"steps": 40,
						"step": 1
					}
				},
				{
					"attribute": "minecraft:generic.movement_speed",
					"operation": "MULTIPLY_BASE",
					"value": {
						"min": 0.05,
						"steps": 18,
						"step": 0.002
					}
				},
				{
					"attribute": "minecraft:generic.attack_damage",
					"operation": "MULTIPLY_BASE",
					"value": {
						"min": 0.05,
						"steps": 30,
						"step": 0.002
					}
				},
				{
					"attribute": "minecraft:generic.knockback_resistance",
					"operation": "ADDITION",
					"value": 0.3
				}
			]
		}
	}
}