{
	"conditions": [{
		"type": "forge:mod_loaded",
		"modid": "twilightforest"
	}],
	"entity": "twilightforest:skeleton_druid",
	"weight": 100,
	"size": {
		"width": 1,
		"height": 2
	},
	"valid_gear_sets": [
		"#twilight_bow"
	],
	"dimensions": [
		"twilightforest:twilight_forest"
	],
	"min_rarity": "common",
	"max_rarity": "rare",
	"stats": {
		"common": {
			"enchant_chance": 0.3,
			"enchantment_levels": [13, 5, 20, 14],
			"effects": [{
				"effect": "attributeslib:vitality",
				"chance": 1.0
			}],
			"attribute_modifiers": [{
					"attribute": "minecraft:generic.max_health",
					"operation": "ADDITION",
					"value": {
						"min": 4,
						"steps": 20,
						"step": 1
					}
				},
				{
					"attribute": "minecraft:generic.movement_speed",
					"operation": "MULTIPLY_BASE",
					"value": {
						"min": 0.015,
						"steps": 15,
						"step": 0.002
					}
				},
				{
					"attribute": "minecraft:generic.attack_damage",
					"operation": "MULTIPLY_BASE",
					"value": {
						"min": 0.025,
						"steps": 30,
						"step": 0.01
					}
				},
				{
					"attribute": "attributeslib:life_steal",
					"operation": "ADDITION",
					"value": {
						"min": 0.01,
						"steps": 30,
						"step": 0.0016
					}
				},
				{
					"attribute": "attributeslib:crit_chance",
					"operation": "ADDITION",
					"value": {
						"min": 0.03,
						"steps": 30,
						"step": 0.0035
					}
				},
				{
					"attribute": "attributeslib:crit_damage",
					"operation": "ADDITION",
					"value": {
						"min": 0.03,
						"steps": 30,
						"step": 0.0035
					}
				},
				{
					"attribute": "minecraft:generic.knockback_resistance",
					"operation": "ADDITION",
					"value": 0.15
				}
			]
		},
		"uncommon": {
			"enchant_chance": 0.4,
			"enchantment_levels": [16, 9, 23, 17],
			"effects": [{
				"effect": "attributeslib:vitality",
				"chance": 1.0
			}],
			"attribute_modifiers": [{
					"attribute": "minecraft:generic.max_health",
					"operation": "ADDITION",
					"value": {
						"min": 4,
						"steps": 20,
						"step": 1
					}
				},
				{
					"attribute": "minecraft:generic.movement_speed",
					"operation": "MULTIPLY_BASE",
					"value": {
						"min": 0.015,
						"steps": 15,
						"step": 0.002
					}
				},
				{
					"attribute": "minecraft:generic.attack_damage",
					"operation": "MULTIPLY_BASE",
					"value": {
						"min": 0.03,
						"steps": 30,
						"step": 0.01
					}
				},
				{
					"attribute": "attributeslib:life_steal",
					"operation": "ADDITION",
					"value": {
						"min": 0.01,
						"steps": 40,
						"step": 0.0016
					}
				},
				{
					"attribute": "attributeslib:crit_chance",
					"operation": "ADDITION",
					"value": {
						"min": 0.03,
						"steps": 40,
						"step": 0.0035
					}
				},
				{
					"attribute": "attributeslib:crit_damage",
					"operation": "ADDITION",
					"value": {
						"min": 0.03,
						"steps": 40,
						"step": 0.0035
					}
				},
				{
					"attribute": "minecraft:generic.knockback_resistance",
					"operation": "ADDITION",
					"value": 0.3
				}
			]
		},
		"rare": {
			"enchant_chance": 0.5,
			"enchantment_levels": [19, 12, 27, 22],
			"effects": [{
				"effect": "attributeslib:vitality",
				"chance": 1.0
			}],
			"attribute_modifiers": [{
					"attribute": "minecraft:generic.max_health",
					"operation": "ADDITION",
					"value": {
						"min": 4,
						"steps": 20,
						"step": 1
					}
				},
				{
					"attribute": "minecraft:generic.movement_speed",
					"operation": "MULTIPLY_BASE",
					"value": {
						"min": 0.02,
						"steps": 15,
						"step": 0.002
					}
				},
				{
					"attribute": "minecraft:generic.attack_damage",
					"operation": "MULTIPLY_BASE",
					"value": {
						"min": 0.04,
						"steps": 30,
						"step": 0.01
					}
				},
				{
					"attribute": "attributeslib:life_steal",
					"operation": "ADDITION",
					"value": {
						"min": 0.01,
						"steps": 40,
						"step": 0.002
					}
				},
				{
					"attribute": "attributeslib:crit_chance",
					"operation": "ADDITION",
					"value": {
						"min": 0.03,
						"steps": 40,
						"step": 0.005
					}
				},
				{
					"attribute": "attributeslib:crit_damage",
					"operation": "ADDITION",
					"value": {
						"min": 0.03,
						"steps": 40,
						"step": 0.005
					}
				},
				{
					"attribute": "minecraft:generic.knockback_resistance",
					"operation": "ADDITION",
					"value": 0.4
				}
			]
		}
	}
}