{
  "musket_load0": {
    "sounds": [
      "musketmod:musket_load0"
    ]
  },
  "musket_load1": {
    "sounds": [
      "musketmod:musket_load1"
    ]
  },
  "musket_load2": {
    "sounds": [
      "musketmod:musket_load2"
    ]
  },
  "musket_ready": {
    "sounds": [
      "musketmod:musket_ready"
    ]
  },
  "musket_fire": {
    "sounds": [
      "musketmod:musket_fire",
      "musketmod:musket_fire1",
      "musketmod:musket_fire2"
    ]
  },
  "blunderbuss_fire": {
    "sounds": [
      "musketmod:blunderbuss_fire",
      "musketmod:blunderbuss_fire1",
      "musketmod:blunderbuss_fire2"
    ]
  },
  "blunderbuss_fire_flame": {
    "sounds": [
      "musketmod:blunderbuss_fire_flame",
      "musketmod:blunderbuss_fire_flame1",
      "musketmod:blunderbuss_fire_flame2"
    ]
  },
  "pistol_fire": {
    "sounds": [
      "musketmod:pistol_fire",
      "musketmod:pistol_fire1",
      "musketmod:pistol_fire2"
    ]
  },
  "dispenser_fire": {
    "sounds": [
      "musketmod:dispenser_fire",
      "musketmod:dispenser_fire1",
      "musketmod:dispenser_fire2"
    ]
  },
  "bullet_fly_by": {
    "sounds": [
      "musketmod:bullet_fly_by1",
      "musketmod:bullet_fly_by2",
      "musketmod:bullet_fly_by3"
    ]
  },
  "bullet_water_hit": {
    "sounds": [
      "musketmod:bullet_water_hit1",
      "musketmod:bullet_water_hit2"
    ]
  }
}
