{
	"credit": "Made with Blockbench",
	"texture_size": [64, 64],
	"textures": {
		"2": "musketmod:item/blunderbuss",
		"particle": "musketmod:item/blunderbuss"
	},
	"elements": [
		{
			"from": [7.999, 0.999, 11.999],
			"to": [8.001, 3.001, 15.001],
			"rotation": {"angle": 0, "axis": "y", "origin": [8, 2, 12]},
			"faces": {
				"north": {"uv": [0, 0, 0, 1], "texture": "#2"},
				"east": {"uv": [9.5, 5, 11, 6], "texture": "#2"},
				"south": {"uv": [0, 0, 0, 1], "texture": "#2"},
				"west": {"uv": [7, 9.5, 8.5, 10.5], "texture": "#2"},
				"up": {"uv": [0, 1, 0, 0], "texture": "#2"},
				"down": {"uv": [0, 0, 0, 1], "texture": "#2"}
			}
		},
		{
			"from": [6.999, 3, 2],
			"to": [9.001, 6, 15],
			"rotation": {"angle": 0, "axis": "y", "origin": [1, 1, -5]},
			"faces": {
				"north": {"uv": [8.5, 9.5, 9.5, 11], "texture": "#2"},
				"east": {"uv": [0, 0, 9, 1.5], "texture": "#2"},
				"south": {"uv": [9.5, 9.5, 10.5, 11], "texture": "#2"},
				"west": {"uv": [0, 1.5, 9, 3], "texture": "#2"},
				"up": {"uv": [1, 12, 0, 3], "texture": "#2"},
				"down": {"uv": [2, 3, 1, 12], "texture": "#2"}
			}
		},
		{
			"from": [7, 3, 15],
			"to": [9, 6, 19],
			"rotation": {"angle": 22.5, "axis": "x", "origin": [8, 6, 15]},
			"faces": {
				"north": {"uv": [10, 0, 11, 1.5], "texture": "#2"},
				"east": {"uv": [2, 7, 4.5, 8.5], "texture": "#2"},
				"south": {"uv": [10, 7.5, 11, 9], "texture": "#2"},
				"west": {"uv": [7, 5, 9.5, 6.5], "texture": "#2"},
				"up": {"uv": [3, 11, 2, 8.5], "texture": "#2"},
				"down": {"uv": [4, 8.5, 3, 11], "texture": "#2"}
			}
		},
		{
			"from": [7, 1.31494, 17.47135],
			"to": [9, 5.31494, 23.47135],
			"rotation": {"angle": 22.5, "axis": "x", "origin": [8, 1.31494, 18.47135]},
			"faces": {
				"north": {"uv": [4, 8.5, 5, 10.5], "texture": "#2"},
				"east": {"uv": [2, 3, 5, 5], "texture": "#2"},
				"south": {"uv": [9, 0, 10, 2], "texture": "#2"},
				"west": {"uv": [2, 5, 5, 7], "texture": "#2"},
				"up": {"uv": [8, 9.5, 7, 6.5], "texture": "#2"},
				"down": {"uv": [9, 6.5, 8, 9.5], "texture": "#2"}
			}
		},
		{
			"from": [7, 4, 1],
			"to": [9, 6, 2],
			"rotation": {"angle": 0, "axis": "y", "origin": [7, 4, 3]},
			"faces": {
				"north": {"uv": [4, 10.5, 5, 11.5], "texture": "#2"},
				"east": {"uv": [9, 2, 11, 3], "texture": "#2"},
				"south": {"uv": [4, 10.5, 5, 11.5], "texture": "#2"},
				"west": {"uv": [9, 6.5, 11, 7.5], "texture": "#2"},
				"up": {"uv": [10, 9.5, 9, 7.5], "texture": "#2"},
				"down": {"uv": [10.5, 3, 9.5, 5], "texture": "#2"}
			}
		},
		{
			"from": [9.01, 4, 13],
			"to": [9.011, 8, 15],
			"rotation": {"angle": -45, "axis": "x", "origin": [9, 4.5, 13.5]},
			"faces": {
				"north": {"uv": [0, 0, 0, 2], "texture": "#2"},
				"east": {"uv": [5, 9.5, 6, 11.5], "texture": "#2"},
				"south": {"uv": [0, 0, 0, 2], "texture": "#2"},
				"west": {"uv": [6, 9.5, 7, 11.5], "texture": "#2"},
				"up": {"uv": [0, 1, 0, 0], "texture": "#2"},
				"down": {"uv": [0, 0, 0, 1], "texture": "#2"}
			}
		},
		{
			"from": [9.02, 4, 8],
			"to": [9.021, 6, 11],
			"rotation": {"angle": 22.5, "axis": "x", "origin": [9, 4.5, 10.5]},
			"faces": {
				"north": {"uv": [0, 0, 0, 1], "texture": "#2"},
				"east": {"uv": [10.5, 3, 12, 4], "texture": "#2"},
				"south": {"uv": [0, 0, 0, 1], "texture": "#2"},
				"west": {"uv": [10.5, 4, 12, 5], "texture": "#2"},
				"up": {"uv": [0, 2, 0, 0], "texture": "#2"},
				"down": {"uv": [0, 0, 0, 2], "texture": "#2"}
			}
		},
		{
			"from": [9.5, 3.5, -1],
			"to": [9.5, 6.5, 1],
			"rotation": {"angle": 0, "axis": "y", "origin": [7.5, 3.5, -1]},
			"faces": {
				"north": {"uv": [0, 0, 0, 0.75], "texture": "#2"},
				"east": {"uv": [5.75, 6.5, 6.25, 7.25], "texture": "#2"},
				"south": {"uv": [0, 0, 0, 0.75], "texture": "#2"},
				"west": {"uv": [5.25, 6.5, 5.75, 7.25], "texture": "#2"},
				"up": {"uv": [0, 0, 0, 0.5], "texture": "#2"},
				"down": {"uv": [0, 0, 0, 0.5], "texture": "#2"}
			}
		},
		{
			"from": [6.48, 3.48, -0.25],
			"to": [9.48, 6.48, 1],
			"rotation": {"angle": 0, "axis": "y", "origin": [7, 3, -1]},
			"faces": {
				"north": {"uv": [5.5, 3.75, 6.25, 4.5], "texture": "#2"},
				"east": {"uv": [7, 3.75, 7.3125, 4.5], "texture": "#2"},
				"south": {"uv": [6.25, 3.75, 7, 4.5], "texture": "#2"},
				"west": {"uv": [5.1875, 3.75, 5.5, 4.5], "texture": "#2"},
				"up": {"uv": [5.5, 3.4375, 6.25, 3.75], "texture": "#2"},
				"down": {"uv": [5.5, 4.5, 6.25, 4.8125], "texture": "#2"}
			}
		},
		{
			"from": [6.49, 3.5, -1],
			"to": [6.49, 6.5, 1],
			"rotation": {"angle": 0, "axis": "y", "origin": [6.5, 3.5, -1]},
			"faces": {
				"north": {"uv": [0, 0, 0, 0.75], "texture": "#2"},
				"east": {"uv": [5.75, 5.25, 6.25, 6], "texture": "#2"},
				"south": {"uv": [0, 0, 0, 0.75], "texture": "#2"},
				"west": {"uv": [5.25, 5.25, 5.75, 6], "texture": "#2"},
				"up": {"uv": [0, 0, 0, 0.5], "texture": "#2"},
				"down": {"uv": [0, 0, 0, 0.5], "texture": "#2"}
			}
		},
		{
			"from": [6.5, 6.5, -1],
			"to": [9.5, 6.5, 1],
			"rotation": {"angle": 0, "axis": "y", "origin": [6.5, 4.5, -1]},
			"faces": {
				"north": {"uv": [0, 0, 0.75, 0], "texture": "#2"},
				"east": {"uv": [0, 0, 0.5, 0], "texture": "#2"},
				"south": {"uv": [0, 0, 0.75, 0], "texture": "#2"},
				"west": {"uv": [0, 0, 0.5, 0], "texture": "#2"},
				"up": {"uv": [7.5, 3, 8.25, 3.5], "texture": "#2"},
				"down": {"uv": [7.5, 3.5, 8.25, 4], "texture": "#2"}
			}
		},
		{
			"from": [6.5, 3.49, -1],
			"to": [9.5, 3.49, 1],
			"rotation": {"angle": 0, "axis": "y", "origin": [6.5, 3.5, -1]},
			"faces": {
				"north": {"uv": [0, 0, 0.75, 0], "texture": "#2"},
				"east": {"uv": [0, 0, 0.5, 0], "texture": "#2"},
				"south": {"uv": [0, 0, 0.75, 0], "texture": "#2"},
				"west": {"uv": [0, 0, 0.5, 0], "texture": "#2"},
				"up": {"uv": [5.5, 8, 6.25, 8.5], "texture": "#2"},
				"down": {"uv": [5.5, 7.5, 6.25, 8], "texture": "#2"}
			}
		}
	],
	"gui_light": "front",
	"overrides": [
		{"predicate": {"musketmod:loaded": 1}, "model": "musketmod:item/blunderbuss_loaded"},
		{
      "predicate": {
        "musketmod:loading": 1
      },
      "model": "musketmod:item/blunderbuss_loading"
    }
	],
	"display": {
		"thirdperson_righthand": {
			"rotation": [83, 0, 0],
			"translation": [0.25, 6.25, 4],
			"scale": [0.85, 0.85, 0.85]
		},
		"thirdperson_lefthand": {
			"rotation": [183, 0, 173],
			"translation": [0, 4.5, 14.5],
			"scale": [0.85, 0.85, 0.85]
		},
		"firstperson_righthand": {
			"translation": [1, 2, -5],
			"scale": [0.58, 0.58, 0.54]
		},
		"firstperson_lefthand": {
			"rotation": [48, 0, 180],
			"translation": [0.75, 2.5, -4],
			"scale": [0.58, 0.58, 0.54]
		},
		"ground": {
			"translation": [0, 5, -2.5],
			"scale": [0.8, 0.8, 0.8]
		},
		"gui": {
			"rotation": [30, 130, 0],
			"translation": [-0.5, 1.5, 0],
			"scale": [0.56, 0.56, 0.56]
		},
		"fixed": {
			"rotation": [0, 90, 0],
			"translation": [-4, 5, -2.5],
			"scale": [1.5, 1.5, 1.5]
		}
	}
}