
{
  "portraitScale": 2,
  "portraitTranslation": [ -0.25, 0.6, 0 ],
  "profileScale": 1,
  "profileTranslation": [ 0, 0.6, 0 ],
  "poses": {
    "standing": {
      "poseName": "standing",
      "transformTicks": 10,
      "poseTypes": [
        "STAND",
        "NONE",
        "PORTRAIT",
        "PROFILE"
      ],
      "animations": [
        "bedrock(ghost, ground_idle)"
      ]
    },
    "walking": {
      "poseName": "walking",
      "transformTicks": 10,
      "poseTypes": [ "WALK" ],
      "animations": [ "bedrock(ghost, ground_walk)" ]
    },
    "hover": {
      "poseName": "hover",
      "transformTicks": 10,
      "poseTypes": [ "HOVER" ],
      "animations": [ "bedrock(ghost, air_idle)" ]
    },
    "fly": {
      "poseName": "fly",
      "transformTicks": 10,
      "poseTypes": [ "FLY" ],
      "animations": [ "bedrock(ghost, air_fly)" ]
    }
  }
}