{
  "requires": ["cobblemon"],
  "content": {
      
    "trainer_rew_cobblemon_azure_ball": {
      "type": "item",
      "content": "cobblemon:azure_ball",
      "amount": 
      {
				"min": 1,
				"max": 12
      },
      "unitWorth": 250,
			"forbids": 
      [
				{
					"type": "item",
					"content": "cobblemon:poke_ball"
				}
			]
    },

    "trainer_rew_cobblemon_citrine_ball": {
      "type": "item",
      "content": "cobblemon:citrine_ball",
      "amount": 
      {
				"min": 1,
				"max": 12
      },
      "unitWorth": 250,
			"forbids": 
      [
				{
					"type": "item",
					"content": "cobblemon:poke_ball"
				}
			]
    },

    "trainer_rew_cobblemon_poke_ball": {
      "type": "item",
      "content": "cobblemon:poke_ball",
      "amount": 
      {
				"min": 1,
				"max": 12
      },
      "unitWorth": 250,
			"forbids": 
      [
				{
					"type": "item",
					"content": "cobblemon:poke_ball"
				}
			]
    },

    "trainer_rew_cobblemon_premier_ball": {
      "type": "item",
      "content": "cobblemon:premier_ball",
      "amount": 
      {
				"min": 1,
				"max": 12
      },
      "unitWorth": 250,
			"forbids": 
      [
				{
					"type": "item",
					"content": "cobblemon:poke_ball"
				}
			]
    },

    "trainer_rew_cobblemon_roseate_ball": {
      "type": "item",
      "content": "cobblemon:roseate_ball",
      "amount": 
      {
				"min": 1,
				"max": 12
      },
      "unitWorth": 250,
			"forbids": 
      [
				{
					"type": "item",
					"content": "cobblemon:poke_ball"
				}
			]
    },

    "trainer_rew_cobblemon_slate_ball": {
      "type": "item",
      "content": "cobblemon:slate_ball",
      "amount": 
      {
				"min": 1,
				"max": 12
      },
      "unitWorth": 250,
			"forbids": 
      [
				{
					"type": "item",
					"content": "cobblemon:poke_ball"
				}
			]
    },

    "trainer_rew_cobblemon_verdant_ball": {
      "type": "item",
      "content": "cobblemon:verdant_ball",
      "amount": 
      {
				"min": 1,
				"max": 12
      },
      "unitWorth": 250,
			"forbids": 
      [
				{
					"type": "item",
					"content": "cobblemon:poke_ball"
				}
			]
    },

    "trainer_rew_cobblemon_cherish_ball": {
      "type": "item",
      "content": "cobblemon:cherish_ball",
      "amount": 
      {
				"min": 1,
				"max": 10
      },
      "unitWorth": 275,
			"forbids": 
      [
				{
					"type": "item",
					"content": "cobblemon:poke_ball"
				}
			]
    },

    "trainer_rew_cobblemon_heal_ball": {
      "type": "item",
      "content": "cobblemon:heal_ball",
      "amount": 
      {
				"min": 1,
				"max": 10
      },
      "unitWorth": 275,
			"forbids": 
      [
				{
					"type": "item",
					"content": "cobblemon:poke_ball"
				}
			]
    },

    "trainer_rew_cobblemon_safari_ball": {
      "type": "item",
      "content": "cobblemon:safari_ball",
      "amount": 
      {
				"min": 1,
				"max": 10
      },
      "unitWorth": 275,
			"forbids": 
      [
				{
					"type": "item",
					"content": "cobblemon:poke_ball"
				}
			]
    },

    "trainer_rew_cobblemon_great_ball": {
      "type": "item",
      "rarity": "UNCOMMON",
      "content": "cobblemon:great_ball",
      "amount": 
      {
        "min": 1,
        "max": 8
      },
      "unitWorth": 375
    },

    "trainer_rew_cobblemon_dive_ball": {
      "type": "item",
      "rarity": "UNCOMMON",
      "content": "cobblemon:dive_ball",
      "amount": 
      {
        "min": 1,
        "max": 8
      },
      "unitWorth": 375
    },

    "trainer_rew_cobblemon_fast_ball": {
      "type": "item",
      "rarity": "UNCOMMON",
      "content": "cobblemon:fast_ball",
      "amount": 
      {
        "min": 1,
        "max": 8
      },
      "unitWorth": 375
    },

    "trainer_rew_cobblemon_friend_ball": {
      "type": "item",
      "rarity": "UNCOMMON",
      "content": "cobblemon:friend_ball",
      "amount": 
      {
        "min": 1,
        "max": 8
      },
      "unitWorth": 375
    },

    "trainer_rew_cobblemon_heavy_ball": {
      "type": "item",
      "rarity": "UNCOMMON",
      "content": "cobblemon:heavy_ball",
      "amount": 
      {
        "min": 1,
        "max": 8
      },
      "unitWorth": 375
    },

    "trainer_rew_cobblemon_level_ball": {
      "type": "item",
      "rarity": "UNCOMMON",
      "content": "cobblemon:level_ball",
      "amount": 
      {
        "min": 1,
        "max": 8
      },
      "unitWorth": 375
    },

    "trainer_rew_cobblemon_lure_ball": {
      "type": "item",
      "rarity": "UNCOMMON",
      "content": "cobblemon:lure_ball",
      "amount": 
      {
        "min": 1,
        "max": 8
      },
      "unitWorth": 375
    },
    
    "trainer_rew_cobblemon_moon_ball": {
      "type": "item",
      "rarity": "UNCOMMON",
      "content": "cobblemon:moon_ball",
      "amount": 
      {
        "min": 1,
        "max": 8
      },
      "unitWorth": 375
    },

    "trainer_rew_cobblemon_nest_ball": {
      "type": "item",
      "rarity": "UNCOMMON",
      "content": "cobblemon:nest_ball",
      "amount": 
      {
        "min": 1,
        "max": 8
      },
      "unitWorth": 375
    },

    "trainer_rew_cobblemon_net_ball": {
      "type": "item",
      "rarity": "UNCOMMON",
      "content": "cobblemon:net_ball",
      "amount": 
      {
        "min": 1,
        "max": 8
      },
      "unitWorth": 375
    },

    "trainer_rew_cobblemon_park_ball": {
      "type": "item",
      "rarity": "UNCOMMON",
      "content": "cobblemon:park_ball",
      "amount": 
      {
        "min": 1,
        "max": 8
      },
      "unitWorth": 375
    },

    "trainer_rew_cobblemon_sport_ball": {
      "type": "item",
      "rarity": "UNCOMMON",
      "content": "cobblemon:sport_ball",
      "amount": 
      {
        "min": 1,
        "max": 8
      },
      "unitWorth": 375
    },

    "trainer_rew_cobblemon_dusk_ball": {
      "type": "item",
      "rarity": "RARE",
      "content": "cobblemon:dusk_ball",
      "amount": 
      {
        "min": 1,
        "max": 4
      },
      "unitWorth": 500
    },

    "trainer_rew_cobblemon_love_ball": {
      "type": "item",
      "rarity": "RARE",
      "content": "cobblemon:love_ball",
      "amount": 
      {
        "min": 1,
        "max": 4
      },
      "unitWorth": 500
    },

    "trainer_rew_cobblemon_luxury_ball": {
      "type": "item",
      "rarity": "RARE",
      "content": "cobblemon:luxury_ball",
      "amount": 
      {
        "min": 1,
        "max": 4
      },
      "unitWorth": 500
    },

    "trainer_rew_cobblemon_quick_ball": {
      "type": "item",
      "rarity": "RARE",
      "content": "cobblemon:quick_ball",
      "amount": 
      {
        "min": 1,
        "max": 4
      },
      "unitWorth": 500
    },

    "trainer_rew_cobblemon_repeat_ball": {
      "type": "item",
      "rarity": "RARE",
      "content": "cobblemon:repeat_ball",
      "amount": 
      {
        "min": 1,
        "max": 4
      },
      "unitWorth": 500
    },

    "trainer_rew_cobblemon_timer_ball": {
      "type": "item",
      "rarity": "RARE",
      "content": "cobblemon:timer_ball",
      "amount": 
      {
        "min": 1,
        "max": 4
      },
      "unitWorth": 500
    },

    "trainer_rew_cobblemon_ultra_ball": {
      "type": "item",
      "rarity": "RARE",
      "content": "cobblemon:ultra_ball",
      "amount": 
      {
        "min": 1,
        "max": 4
      },
      "unitWorth": 500
    },

    "trainer_rew_cobblemon_dream_ball": {
      "type": "item",
      "rarity": "EPIC",
      "content": "cobblemon:dream_ball",
      "amount": 
      {
        "min": 1,
        "max": 3
      },
      "unitWorth": 1125
    },

    "trainer_rew_cobblemon_beast_ball": {
      "type": "item",
      "rarity": "EPIC",
      "content": "cobblemon:beast_ball",
      "amount": 
      {
        "min": 1,
        "max": 1
      },
      "unitWorth": 2000
    },

    "trainer_rew_cobblemon_light_ball": {
      "type": "item",
      "rarity": "EPIC",
      "content": "cobblemon:light_ball",
      "amount": 
      {
        "min": 1,
        "max": 1
      },
      "unitWorth": 4000
    },

    "trainer_rew_cobblemon_powder_anklet": {
      "type": "item",
      "content": "cobblemon:power_anklet",
      "rarity": "EPIC",
      "amount": 
      {
        "min": 1,
        "max": 1
      },
      "unitWorth": 9000
    },

    "trainer_rew_cobblemon_power_band": {
      "type": "item",
      "content": "cobblemon:power_band",
      "rarity": "EPIC",
      "amount": 
      {
        "min": 1,
        "max": 1
      },
      "unitWorth": 9000
    },

    "trainer_rew_cobblemon_power_belt": {
      "type": "item",
      "content": "cobblemon:power_belt",
      "rarity": "EPIC",
      "amount": 
      {
        "min": 1,
        "max": 1
      },
      "unitWorth": 9000
    },

    "trainer_rew_cobblemon_power_bracer": {
      "type": "item",
      "content": "cobblemon:power_bracer",
      "rarity": "EPIC",
      "amount": 
      {
        "min": 1,
        "max": 1
      },
      "unitWorth": 9000
    },

    "trainer_rew_cobblemon_power_lens": {
      "type": "item",
      "content": "cobblemon:power_lens",
      "rarity": "EPIC",
      "amount": 
      {
        "min": 1,
        "max": 1
      },
      "unitWorth": 9000
    },

    "trainer_rew_cobblemon_power_weight": {
      "type": "item",
      "content": "cobblemon:power_weight",
      "rarity": "EPIC",
      "amount": 
      {
        "min": 1,
        "max": 1
      },
      "unitWorth": 9000
    },

    "trainer_rew_cobblemon_shell_bell": {
      "type": "item",
      "content": "cobblemon:shell_bell",
      "rarity": "EPIC",
      "amount": 
      {
        "min": 1,
        "max": 1
      },
      "unitWorth": 4000
    },

    "trainer_rew_cobblemon_soothe_bell": {
      "type": "item",
      "content": "cobblemon:soothe_bell",
      "rarity": "EPIC",
      "amount": 
      {
        "min": 1,
        "max": 1
      },
      "unitWorth": 3250
    },

    "trainer_rew_cobblemon_life_orb": {
      "type": "item",
      "content": "cobblemon:life_orb",
      "rarity": "LEGENDARY",
      "amount": 
      {
        "min": 1,
        "max": 1
      },
      "unitWorth": 25000
    },

    "trainer_rew_cobblemon_loaded_dice": {
      "type": "item",
      "content": "cobblemon:loaded_dice",
      "rarity": "LEGENDARY",
      "amount": 
      {
        "min": 1,
        "max": 1
      },
      "unitWorth": 23000
    },
    
    "trainer_rew_cobblemon_master_ball": {
      "type": "item",
      "content": "cobblemon:master_ball",
      "rarity": "LEGENDARY",
      "amount": 
      {
        "min": 1,
        "max": 1
      },
      "unitWorth": 20000
    }

  }
}
