{
    "enabled": true,
    "neededInstalledMods": [],
    "neededUninstalledMods": [],
    "spawns": [
        {
            "id": "ghost-1",
            "pokemon": "ghost",
            "presets": [
                "natural"
            ],
            "type": "pokemon",
            "context": "grounded",
            "bucket": "uncommon",
            "level": "10-30",
            "weight": 9.0,
            "condition": {
                "biomes": [
                    "#cobblemon:is_spooky"
                ],
		"timeRange": "night"
            }
        }
    ]
}
