{
	"credit": "Made with Blockbench",
	"parent": "minecraft:block/cross",
	"render_type": "minecraft:cutout",
	"textures": {
		"1": "farmersdelight:block/onions_berry",
		"particle": "farmersdelight:block/onions_berry"
	},
	"elements": [
		{
			"from": [2, 0, 2],
			"to": [6, 2, 6],
			"shade": false,
			"rotation": {"angle": 0, "axis": "y", "origin": [-8, 0, -8]},
			"faces": {
				"north": {"uv": [1, 5, 5, 7], "texture": "#1"},
				"east": {"uv": [1, 5, 5, 7], "texture": "#1"},
				"south": {"uv": [1, 5, 5, 7], "texture": "#1"},
				"west": {"uv": [1, 5, 5, 7], "texture": "#1"},
				"up": {"uv": [1, 2, 5, 6], "texture": "#1"},
				"down": {"uv": [1, 2, 5, 6], "texture": "#1"}
			}
		},
		{
			"from": [10, 0, 8],
			"to": [14, 2, 12],
			"shade": false,
			"rotation": {"angle": 0, "axis": "y", "origin": [-8, 0, -8]},
			"faces": {
				"north": {"uv": [1, 5, 5, 7], "texture": "#1"},
				"east": {"uv": [1, 5, 5, 7], "texture": "#1"},
				"south": {"uv": [1, 5, 5, 7], "texture": "#1"},
				"west": {"uv": [1, 5, 5, 7], "texture": "#1"},
				"up": {"uv": [1, 2, 5, 6], "texture": "#1"},
				"down": {"uv": [1, 2, 5, 6], "texture": "#1"}
			}
		},
		{
			"from": [4, 0, 10],
			"to": [8, 2, 14],
			"shade": false,
			"rotation": {"angle": 0, "axis": "y", "origin": [-8, 0, -8]},
			"faces": {
				"north": {"uv": [1, 5, 5, 7], "texture": "#1"},
				"east": {"uv": [1, 5, 5, 7], "texture": "#1"},
				"south": {"uv": [1, 5, 5, 7], "texture": "#1"},
				"west": {"uv": [1, 5, 5, 7], "texture": "#1"},
				"up": {"uv": [1, 2, 5, 6], "texture": "#1"},
				"down": {"uv": [1, 2, 5, 6], "texture": "#1"}
			}
		},
		{
			"from": [9, 0, 1],
			"to": [13, 2, 5],
			"rotation": {"angle": 0, "axis": "y", "origin": [7, -9, -1]},
			"faces": {
				"north": {"uv": [1, 5, 5, 7], "texture": "#1"},
				"east": {"uv": [1, 5, 5, 7], "texture": "#1"},
				"south": {"uv": [1, 5, 5, 7], "texture": "#1"},
				"west": {"uv": [1, 5, 5, 7], "texture": "#1"},
				"up": {"uv": [1, 2, 5, 6], "texture": "#1"},
				"down": {"uv": [1, 2, 5, 6], "texture": "#1"}
			}
		},
		{
			"from": [9.75, 7.75, 1.75],
			"to": [12.25, 10.25, 4.25],
			"rotation": {"angle": 0, "axis": "y", "origin": [7, -1, -1]},
			"faces": {
				"north": {"uv": [0, 14, 2, 16], "texture": "#1"},
				"east": {"uv": [0, 14, 2, 16], "texture": "#1"},
				"south": {"uv": [0, 14, 2, 16], "texture": "#1"},
				"west": {"uv": [0, 14, 2, 16], "texture": "#1"},
				"up": {"uv": [0, 14, 2, 16], "texture": "#1"},
				"down": {"uv": [0, 14, 2, 16], "texture": "#1"}
			}
		},
		{
			"from": [10, 8, 2],
			"to": [12, 10, 4],
			"rotation": {"angle": 0, "axis": "y", "origin": [7, -1, -1]},
			"faces": {
				"north": {"uv": [0, 12, 2, 14], "texture": "#1"},
				"east": {"uv": [0, 12, 2, 14], "texture": "#1"},
				"south": {"uv": [0, 12, 2, 14], "texture": "#1"},
				"west": {"uv": [0, 12, 2, 14], "texture": "#1"},
				"up": {"uv": [0, 12, 2, 14], "texture": "#1"},
				"down": {"uv": [0, 12, 2, 14], "texture": "#1"}
			}
		},
		{
			"from": [5, 10, 11],
			"to": [7, 12, 13],
			"rotation": {"angle": 0, "axis": "y", "origin": [2, 1, 8]},
			"faces": {
				"north": {"uv": [0, 12, 2, 14], "texture": "#1"},
				"east": {"uv": [0, 12, 2, 14], "texture": "#1"},
				"south": {"uv": [0, 12, 2, 14], "texture": "#1"},
				"west": {"uv": [0, 12, 2, 14], "texture": "#1"},
				"up": {"uv": [0, 12, 2, 14], "texture": "#1"},
				"down": {"uv": [0, 12, 2, 14], "texture": "#1"}
			}
		},
		{
			"from": [11, 9, 9],
			"to": [13, 11, 11],
			"rotation": {"angle": 0, "axis": "y", "origin": [8, 0, 6]},
			"faces": {
				"north": {"uv": [0, 12, 2, 14], "texture": "#1"},
				"east": {"uv": [0, 12, 2, 14], "texture": "#1"},
				"south": {"uv": [0, 12, 2, 14], "texture": "#1"},
				"west": {"uv": [0, 12, 2, 14], "texture": "#1"},
				"up": {"uv": [0, 12, 2, 14], "texture": "#1"},
				"down": {"uv": [0, 12, 2, 14], "texture": "#1"}
			}
		},
		{
			"from": [10.75, 8.75, 8.75],
			"to": [13.25, 11.25, 11.25],
			"rotation": {"angle": 0, "axis": "y", "origin": [8, 0, 6]},
			"faces": {
				"north": {"uv": [0, 14, 2, 16], "texture": "#1"},
				"east": {"uv": [0, 14, 2, 16], "texture": "#1"},
				"south": {"uv": [0, 14, 2, 16], "texture": "#1"},
				"west": {"uv": [0, 14, 2, 16], "texture": "#1"},
				"up": {"uv": [0, 14, 2, 16], "texture": "#1"},
				"down": {"uv": [0, 14, 2, 16], "texture": "#1"}
			}
		},
		{
			"from": [2.75, 8.75, 2.75],
			"to": [5.25, 11.25, 5.25],
			"faces": {
				"north": {"uv": [0, 14, 2, 16], "texture": "#1"},
				"east": {"uv": [0, 14, 2, 16], "texture": "#1"},
				"south": {"uv": [0, 14, 2, 16], "texture": "#1"},
				"west": {"uv": [0, 14, 2, 16], "texture": "#1"},
				"up": {"uv": [0, 14, 2, 16], "texture": "#1"},
				"down": {"uv": [0, 14, 2, 16], "texture": "#1"}
			}
		},
		{
			"from": [3, 9, 3],
			"to": [5, 11, 5],
			"faces": {
				"north": {"uv": [0, 12, 2, 14], "texture": "#1"},
				"east": {"uv": [0, 12, 2, 14], "texture": "#1"},
				"south": {"uv": [0, 12, 2, 14], "texture": "#1"},
				"west": {"uv": [0, 12, 2, 14], "texture": "#1"},
				"up": {"uv": [0, 12, 2, 14], "texture": "#1"},
				"down": {"uv": [0, 12, 2, 14], "texture": "#1"}
			}
		},
		{
			"from": [2.5, 1, 4],
			"to": [5.5, 11, 4],
			"rotation": {"angle": 45, "axis": "y", "origin": [4, 1, 4]},
			"faces": {
				"north": {"uv": [12, 3, 15, 14], "texture": "#1"},
				"east": {"uv": [0, 1, 0, 10], "texture": "#1"},
				"south": {"uv": [12, 3, 15, 14], "texture": "#1"},
				"west": {"uv": [0, 1, 0, 10], "texture": "#1"},
				"up": {"uv": [0, 1, 0, 1], "rotation": 90, "texture": "#1"},
				"down": {"uv": [0, 1, 0, 1], "rotation": 270, "texture": "#1"}
			}
		},
		{
			"from": [4, 1, 2.5],
			"to": [4, 11, 5.5],
			"rotation": {"angle": 45, "axis": "y", "origin": [4, 1, 4]},
			"faces": {
				"north": {"uv": [0, 1, 0, 10], "texture": "#1"},
				"east": {"uv": [12, 3, 15, 14], "texture": "#1"},
				"south": {"uv": [0, 1, 0, 10], "texture": "#1"},
				"west": {"uv": [12, 3, 15, 14], "texture": "#1"},
				"up": {"uv": [0, 1, 0, 1], "texture": "#1"},
				"down": {"uv": [0, 1, 0, 1], "texture": "#1"}
			}
		},
		{
			"from": [9.5, 0, 3],
			"to": [12.5, 10, 3],
			"rotation": {"angle": 45, "axis": "y", "origin": [11, 0, 3]},
			"faces": {
				"north": {"uv": [7, 2, 10, 13], "texture": "#1"},
				"east": {"uv": [1, 0, 1, 9], "texture": "#1"},
				"south": {"uv": [10, 2, 7, 13], "texture": "#1"},
				"west": {"uv": [1, 0, 1, 9], "texture": "#1"},
				"up": {"uv": [0, 1, 0, 1], "rotation": 90, "texture": "#1"},
				"down": {"uv": [0, 1, 0, 1], "rotation": 270, "texture": "#1"}
			}
		},
		{
			"from": [11, 0, 1.5],
			"to": [11, 10, 4.5],
			"rotation": {"angle": 45, "axis": "y", "origin": [11, 0, 3]},
			"faces": {
				"north": {"uv": [1, 0, 1, 9], "texture": "#1"},
				"east": {"uv": [7, 2, 10, 13], "texture": "#1"},
				"south": {"uv": [1, 0, 1, 9], "texture": "#1"},
				"west": {"uv": [7, 2, 10, 13], "texture": "#1"},
				"up": {"uv": [0, 1, 0, 1], "texture": "#1"},
				"down": {"uv": [0, 1, 0, 1], "texture": "#1"}
			}
		},
		{
			"from": [4.5, 2, 12],
			"to": [7.5, 12, 12],
			"rotation": {"angle": 45, "axis": "y", "origin": [6, 2, 12]},
			"faces": {
				"north": {"uv": [7, 1, 10, 12], "texture": "#1"},
				"east": {"uv": [0, 0, 0, 9], "texture": "#1"},
				"south": {"uv": [7, 1, 10, 12], "texture": "#1"},
				"west": {"uv": [0, 0, 0, 9], "texture": "#1"},
				"up": {"uv": [0, 1, 0, 1], "rotation": 90, "texture": "#1"},
				"down": {"uv": [0, 1, 0, 1], "rotation": 270, "texture": "#1"}
			}
		},
		{
			"from": [6, 2, 10.5],
			"to": [6, 12, 13.5],
			"rotation": {"angle": 45, "axis": "y", "origin": [6, 2, 12]},
			"faces": {
				"north": {"uv": [0, 0, 0, 9], "texture": "#1"},
				"east": {"uv": [7, 1, 10, 12], "texture": "#1"},
				"south": {"uv": [0, 0, 0, 9], "texture": "#1"},
				"west": {"uv": [10, 1, 7, 12], "texture": "#1"},
				"up": {"uv": [0, 1, 0, 1], "texture": "#1"},
				"down": {"uv": [0, 1, 0, 1], "texture": "#1"}
			}
		},
		{
			"from": [12, 1, 8.5],
			"to": [12, 11, 11.5],
			"rotation": {"angle": 45, "axis": "y", "origin": [12, 1, 10]},
			"faces": {
				"north": {"uv": [5, 1, 5, 10], "texture": "#1"},
				"east": {"uv": [12, 2, 15, 13], "texture": "#1"},
				"south": {"uv": [5, 1, 5, 10], "texture": "#1"},
				"west": {"uv": [15, 2, 12, 13], "texture": "#1"},
				"up": {"uv": [0, 1, 0, 1], "texture": "#1"},
				"down": {"uv": [0, 1, 0, 1], "texture": "#1"}
			}
		},
		{
			"from": [10.5, 1, 10],
			"to": [13.5, 11, 10],
			"rotation": {"angle": 45, "axis": "y", "origin": [12, 1, 10]},
			"faces": {
				"north": {"uv": [12, 2, 15, 13], "texture": "#1"},
				"east": {"uv": [5, 1, 5, 10], "texture": "#1"},
				"south": {"uv": [12, 2, 15, 13], "texture": "#1"},
				"west": {"uv": [5, 1, 5, 10], "texture": "#1"},
				"up": {"uv": [0, 1, 0, 1], "rotation": 90, "texture": "#1"},
				"down": {"uv": [0, 1, 0, 1], "rotation": 270, "texture": "#1"}
			}
		},
		{
			"from": [4.75, 9.75, 10.75],
			"to": [7.25, 12.25, 13.25],
			"rotation": {"angle": 0, "axis": "y", "origin": [2, 1, 8]},
			"faces": {
				"north": {"uv": [0, 14, 2, 16], "texture": "#1"},
				"east": {"uv": [0, 14, 2, 16], "texture": "#1"},
				"south": {"uv": [0, 14, 2, 16], "texture": "#1"},
				"west": {"uv": [0, 14, 2, 16], "texture": "#1"},
				"up": {"uv": [0, 14, 2, 16], "texture": "#1"},
				"down": {"uv": [0, 14, 2, 16], "texture": "#1"}
			}
		}
	],
	"groups": [
		0,
		1,
		2,
		3,
		{
			"name": "group",
			"origin": [8, 8, 8],
			"color": 0,
			"children": [4, 5, 6, 7, 8, 9, 10, 11, 12, 13, 14, 15, 16, 17, 18, 19]
		}
	]
}