{
	"format_version": "1.21.6",
	"credit": "Made by Satisfy",
	"textures": {
		"1": "herbalbrews:block/black_tea",
		"particle": "herbalbrews:block/black_tea"
	},
	"elements": [
		{
			"from": [7.90569, 3.1, 2.56982],
			"to": [12.90569, 7.1, 7.56982],
			"rotation": {"angle": 0, "axis": "y", "origin": [10.40569, 4, 7.06982]},
			"faces": {
				"north": {"uv": [0, 12, 6, 16], "texture": "#1"},
				"east": {"uv": [0, 12, 6, 16], "texture": "#1"},
				"south": {"uv": [0, 12, 6, 16], "texture": "#1"},
				"west": {"uv": [0, 12, 6, 16], "texture": "#1"},
				"up": {"uv": [6, 11, 11, 16], "rotation": 270, "texture": "#1"},
				"down": {"uv": [6, 11, 11, 16], "rotation": 90, "texture": "#1"}
			}
		},
		{
			"from": [8.40569, 2, 3.06982],
			"to": [12.40569, 3, 7.06982],
			"rotation": {"angle": 0, "axis": "y", "origin": [10.40569, 4, 7.06982]},
			"faces": {
				"north": {"uv": [1, 5, 5, 6], "texture": "#1"},
				"east": {"uv": [1, 5, 5, 6], "texture": "#1"},
				"south": {"uv": [1, 5, 5, 6], "texture": "#1"},
				"west": {"uv": [1, 5, 5, 6], "texture": "#1"},
				"up": {"uv": [1, 6, 5, 10], "rotation": 270, "texture": "#1"},
				"down": {"uv": [1, 6, 5, 10], "rotation": 90, "texture": "#1"}
			}
		},
		{
			"from": [7.40569, 3, 2.06982],
			"to": [13.40569, 8, 8.06982],
			"rotation": {"angle": 0, "axis": "y", "origin": [10.40569, 4, 7.06982]},
			"faces": {
				"north": {"uv": [0, 0, 6, 5], "texture": "#1"},
				"east": {"uv": [0, 0, 6, 5], "texture": "#1"},
				"south": {"uv": [0, 0, 6, 5], "texture": "#1"},
				"west": {"uv": [0, 0, 6, 5], "texture": "#1"},
				"up": {"uv": [6, 0, 12, 6], "rotation": 270, "texture": "#1"},
				"down": {"uv": [6, 0, 12, 6], "rotation": 90, "texture": "#1"}
			}
		},
		{
			"from": [10.40569, 3, 8.06982],
			"to": [10.40569, 8, 10.06982],
			"rotation": {"angle": 0, "axis": "y", "origin": [10.40569, 4, 7.06982]},
			"faces": {
				"east": {"uv": [0, 0, 2, 5], "texture": "#1"},
				"west": {"uv": [4, 0, 6, 5], "texture": "#1"}
			}
		}
	],
	"display": {
		"thirdperson_righthand": {
			"rotation": [28.92, -6.11, 7.61],
			"translation": [-3, 2, 0]
		},
		"thirdperson_lefthand": {
			"rotation": [28.92, -6.11, 7.61],
			"translation": [2.25, 2, 0]
		},
		"firstperson_righthand": {
			"rotation": [-6.76, 6.58, 20.45],
			"translation": [-2.75, 4.25, 4.75]
		},
		"firstperson_lefthand": {
			"rotation": [-8.95, 2.69, 24.87],
			"translation": [0.75, 6.5, 4.25]
		},
		"head": {
			"translation": [-2.25, 12.75, 2.25]
		}
	},
	"groups": [
		{
			"name": "group",
			"origin": [0, 0, 0],
			"color": 0,
			"children": [0, 1, 2, 3]
		}
	]
}