{
	"credit": "Made by Satisfy",
	"textures": {
		"0": "herbalbrews:block/jug",
		"particle": "herbalbrews:block/jug"
	},
	"elements": [
		{
			"from": [4, 0, 4],
			"to": [12, 12, 12],
			"rotation": {"angle": 0, "axis": "y", "origin": [8, 6, 8]},
			"faces": {
				"north": {"uv": [8, 4, 16, 16], "texture": "#0"},
				"east": {"uv": [8, 4, 16, 16], "texture": "#0"},
				"south": {"uv": [8, 4, 16, 16], "texture": "#0"},
				"west": {"uv": [8, 4, 16, 16], "texture": "#0"},
				"down": {"uv": [0, 8, 8, 16], "rotation": 270, "texture": "#0"}
			}
		},
		{
			"from": [4, 0, 12],
			"to": [12, 12, 4],
			"rotation": {"angle": 0, "axis": "y", "origin": [8, 6, 8]},
			"faces": {
				"north": {"uv": [8, 4, 16, 16], "texture": "#0"},
				"east": {"uv": [8, 4, 16, 16], "texture": "#0"},
				"south": {"uv": [8, 4, 16, 16], "texture": "#0"},
				"west": {"uv": [8, 4, 16, 16], "texture": "#0"},
				"down": {"uv": [0, 8, 8, 16], "rotation": 270, "texture": "#0"}
			}
		},
		{
			"from": [7.5, 3, 11.5],
			"to": [8.5, 10, 14.5],
			"rotation": {"angle": 0, "axis": "y", "origin": [8, 6, 8]},
			"faces": {
				"north": {"uv": [0, 1, 1, 8], "texture": "#0"},
				"east": {"uv": [3, 1, 0, 8], "texture": "#0"},
				"south": {"uv": [2, 1, 3, 8], "texture": "#0"},
				"west": {"uv": [0, 1, 3, 8], "texture": "#0"},
				"up": {"uv": [0, 1, 3, 2], "rotation": 90, "texture": "#0"},
				"down": {"uv": [0, 1, 3, 2], "rotation": 270, "texture": "#0"}
			}
		},
		{
			"from": [7.5, 4, 13.5],
			"to": [8.5, 9, 11.5],
			"rotation": {"angle": 0, "axis": "y", "origin": [8, 6, 8]},
			"faces": {
				"north": {"uv": [2, 2, 3, 7], "texture": "#0"},
				"up": {"uv": [0, 1, 2, 2], "rotation": 90, "texture": "#0"},
				"down": {"uv": [0, 7, 2, 8], "rotation": 270, "texture": "#0"}
			}
		}
	],
	"display": {
		"thirdperson_righthand": {
			"rotation": [25.75, 0, 0],
			"translation": [0, 1.75, -2],
			"scale": [0.6, 0.6, 0.6]
		},
		"thirdperson_lefthand": {
			"rotation": [25.75, 0, 0],
			"translation": [0, 1.75, -2],
			"scale": [0.6, 0.6, 0.6]
		},
		"firstperson_righthand": {
			"translation": [0, 2.25, 1],
			"scale": [0.6, 0.6, 0.6]
		},
		"firstperson_lefthand": {
			"translation": [0, 2.25, 1],
			"scale": [0.6, 0.6, 0.6]
		}
	}
}