{
	"format_version": "1.21.6",
	"credit": "Made by Satisfy",
	"textures": {
		"0": "herbalbrews:block/tea_kettle_cap",
		"1": "herbalbrews:block/tea_kettle_top",
		"3": "herbalbrews:block/tea_kettle_side",
		"4": "herbalbrews:block/tea_kettle_bottom",
		"particle": "herbalbrews:block/tea_kettle_cap"
	},
	"elements": [
		{
			"from": [3, 0, 3],
			"to": [13, 8, 13],
			"rotation": {"angle": 0, "axis": "y", "origin": [3, 0, 3]},
			"faces": {
				"north": {"uv": [6, 8, 16, 16], "texture": "#3"},
				"east": {"uv": [6, 8, 16, 16], "texture": "#3"},
				"south": {"uv": [6, 8, 16, 16], "texture": "#3"},
				"west": {"uv": [6, 0, 16, 8], "texture": "#3"},
				"up": {"uv": [3, 3, 13, 13], "rotation": 180, "texture": "#1"},
				"down": {"uv": [3, 3, 13, 13], "texture": "#4"}
			}
		},
		{
			"from": [1, 2, 7],
			"to": [3, 8, 9],
			"faces": {
				"north": {"uv": [15, 2, 13, 9], "texture": "#0"},
				"east": {"uv": [10, 9, 12, 16], "texture": "#missing"},
				"south": {"uv": [13, 2, 15, 9], "texture": "#0"},
				"west": {"uv": [11, 0, 13, 7], "texture": "#0"},
				"up": {"uv": [8, 13, 10, 15], "texture": "#missing"},
				"down": {"uv": [11, 5, 13, 7], "texture": "#0"}
			}
		},
		{
			"from": [5, 8, 5],
			"to": [11, 9, 11],
			"rotation": {"angle": 0, "axis": "y", "origin": [5, 0, 5]},
			"faces": {
				"north": {"uv": [0, 5, 6, 6], "texture": "#0"},
				"east": {"uv": [0, 0, 6, 1], "texture": "#0"},
				"south": {"uv": [0, 0, 1, 6], "rotation": 90, "texture": "#0"},
				"west": {"uv": [5, 0, 6, 6], "rotation": 90, "texture": "#0"},
				"up": {"uv": [0, 0, 6, 6], "texture": "#0"},
				"down": {"uv": [0, 0, 6, 6], "texture": "#0"}
			}
		},
		{
			"from": [10, 3, 8],
			"to": [16, 10, 8],
			"rotation": {"angle": 0, "axis": "y", "origin": [0, 0, 1]},
			"faces": {
				"north": {"uv": [0, 9, 6, 16], "texture": "#0"},
				"east": {"uv": [0, 0, 0, 8], "texture": "#missing"},
				"south": {"uv": [6, 9, 0, 16], "texture": "#0"},
				"west": {"uv": [0, 0, 0, 8], "texture": "#missing"},
				"up": {"uv": [0, 0, 6, 0], "texture": "#missing"},
				"down": {"uv": [0, 0, 6, 0], "texture": "#missing"}
			}
		},
		{
			"from": [14, 5, 7],
			"to": [16, 9, 9],
			"faces": {
				"north": {"uv": [12, 12, 14, 16], "texture": "#0"},
				"east": {"uv": [12, 12, 14, 16], "texture": "#0"},
				"south": {"uv": [12, 12, 14, 16], "texture": "#0"},
				"west": {"uv": [12, 12, 14, 16], "texture": "#0"},
				"up": {"uv": [14, 12, 16, 14], "texture": "#0"},
				"down": {"uv": [14, 14, 16, 16], "texture": "#0"}
			}
		},
		{
			"from": [7, 9, 7],
			"to": [9, 10, 9],
			"faces": {
				"north": {"uv": [14, 12, 16, 13], "texture": "#0"},
				"east": {"uv": [12, 12, 14, 13], "texture": "#0"},
				"south": {"uv": [14, 13, 16, 14], "texture": "#0"},
				"west": {"uv": [14, 12, 16, 13], "texture": "#0"},
				"up": {"uv": [14, 12, 16, 14], "texture": "#0"},
				"down": {"uv": [0, 0, 2, 2], "texture": "#missing"}
			}
		},
		{
			"from": [0, 8, 7],
			"to": [3, 10, 9],
			"faces": {
				"north": {"uv": [15, 0, 12, 2], "texture": "#0"},
				"east": {"uv": [11, 5, 13, 7], "texture": "#0"},
				"south": {"uv": [12, 0, 15, 2], "texture": "#0"},
				"west": {"uv": [9, 9, 11, 11], "texture": "#0"},
				"up": {"uv": [13, 0, 15, 3], "rotation": 90, "texture": "#0"},
				"down": {"uv": [14, 6, 16, 9], "rotation": 90, "texture": "#0"}
			}
		}
	],
	"display": {
		"thirdperson_righthand": {
			"rotation": [0, -90, 0],
			"translation": [-0.25, 0, -4],
			"scale": [0.7, 0.7, 0.7]
		},
		"thirdperson_lefthand": {
			"rotation": [0, 90, 0],
			"translation": [-0.25, 0, -4],
			"scale": [0.7, 0.7, 0.7]
		},
		"firstperson_righthand": {
			"rotation": [0, -90, 0],
			"translation": [-1, 3.75, 0.75],
			"scale": [0.7, 0.7, 0.7]
		},
		"firstperson_lefthand": {
			"rotation": [0, 90, 0],
			"translation": [-1, 3.75, 0.75],
			"scale": [0.7, 0.7, 0.7]
		},
		"head": {
			"rotation": [0, -90, 0],
			"translation": [0, 15, 0]
		}
	}
}