
{
    "requires": ["cobblemon"],
	"content": 
    {

        "miner_cm_rew_slate_ball": {
            "type": "item",
            "content": "cobblemon:slate_ball",
            "amount": 
            {
                "min": 1,
                "max": 4
            },
            "unitWorth": 1000
        },

        "miner_cm_rew_heavy_ball": {
            "type": "item",
            "content": "cobblemon:heavy_ball",
            "rarity": "UNCOMMON",
            "amount": 
            {
                "min": 1,
                "max": 4
            },
            "unitWorth": 1500
        },

        "miner_cm_rew_dusk_ball": {
            "type": "item",
            "content": "cobblemon:dusk_ball",
            "rarity": "RARE",
            "amount": 
            {
                "min": 1,
                "max": 4
            },
            "unitWorth": 1500
        }

	}

}