{
    "requires": ["cobblemon"],
	"content": 

	{

        "miner_obj_cm_catch_rock": {
            "type": "criteria",
            "rarity": "RARE",
            "timeMult": 3.0,
            "icon": "minecraft:knowledge_book",
            "content": "cobblemon:catch_pokemon",
            "conditions": 
              {
                "type": "rock"
              },
            "amount": 
              {
                "min": 1,
                "max": 4
              },
            "unitWorth": 1000
          },

          "miner_obj_cm_catch_ground": {
            "type": "criteria",
            "rarity": "RARE",
            "timeMult": 3.0,
            "icon": "minecraft:knowledge_book",
            "content": "cobblemon:catch_pokemon",
            "conditions": 
              {
                "type": "ground"
              },
            "amount": 
              {
                "min": 1,
                "max": 4
              },
            "unitWorth": 1000
          },

          "miner_obj_cm_catch_steel": {
            "type": "criteria",
            "rarity": "RARE",
            "timeMult": 3.0,
            "icon": "minecraft:knowledge_book",
            "content": "cobblemon:catch_pokemon",
            "conditions": 
              {
                "type": "steel"
              },
            "amount": 
              {
                "min": 1,
                "max": 4
              },
            "unitWorth": 1000
          }

	}

}