{
	"credit": "Made with Blockbench",
	"parent": "block/block",
	"textures": {
		"1": "torchmaster:block/feral_flare_lantern_top",
		"2": "minecraft:block/chain",
		"particle": "torchmaster:block/feral_flare_lantern_top",
		"tex": "torchmaster:block/feral_flare_lantern"
	},
	"elements": [
		{
			"name": "cap",
			"from": [4, 13, 4],
			"to": [12, 14, 12],
			"faces": {
				"north": {"uv": [1, 1, 9, 2], "texture": "#1"},
				"east": {"uv": [1, 1, 9, 2], "texture": "#1"},
				"south": {"uv": [1, 1, 9, 2], "texture": "#1"},
				"west": {"uv": [1, 1, 9, 2], "texture": "#1"},
				"up": {"uv": [1, 1, 9, 9], "texture": "#1"},
				"down": {"uv": [1, 1, 9, 9], "texture": "#1"}
			}
		},
		{
			"name": "top",
			"from": [3, 11, 3],
			"to": [13, 13, 13],
			"faces": {
				"north": {"uv": [3, 2, 13, 4], "texture": "#tex"},
				"east": {"uv": [3, 2, 13, 4], "texture": "#tex"},
				"south": {"uv": [3, 2, 13, 4], "texture": "#tex"},
				"west": {"uv": [3, 2, 13, 4], "texture": "#tex"},
				"up": {"uv": [0, 0, 10, 10], "texture": "#1"},
				"down": {"uv": [0, 0, 10, 10], "texture": "#1"}
			}
		},
		{
			"name": "lantern",
			"from": [4, 2, 4],
			"to": [12, 12, 12],
			"faces": {
				"north": {"uv": [4, 3, 12, 13], "texture": "#tex"},
				"east": {"uv": [4, 3, 12, 13], "texture": "#tex"},
				"south": {"uv": [4, 3, 12, 13], "texture": "#tex"},
				"west": {"uv": [4, 3, 12, 13], "texture": "#tex"},
				"up": {"uv": [1, 1, 9, 9], "texture": "#1"},
				"down": {"uv": [1, 1, 9, 9], "texture": "#1"}
			}
		},
		{
			"name": "bottom",
			"from": [3, 1, 3],
			"to": [13, 3, 13],
			"faces": {
				"north": {"uv": [3, 12, 13, 14], "texture": "#tex"},
				"east": {"uv": [3, 12, 13, 14], "texture": "#tex"},
				"south": {"uv": [3, 12, 13, 14], "texture": "#tex"},
				"west": {"uv": [3, 12, 13, 14], "texture": "#tex"},
				"up": {"uv": [0, 0, 10, 10], "texture": "#1"},
				"down": {"uv": [0, 0, 10, 10], "texture": "#1"}
			}
		},
		{
			"from": [6.5, 14, 8],
			"to": [9.5, 16, 8],
			"rotation": {"angle": -45, "axis": "y", "origin": [8, 16, 8]},
			"faces": {
				"north": {"uv": [0, 1, 3, 3], "texture": "#2"},
				"south": {"uv": [0, 1, 3, 3], "texture": "#2"},
				"west": {"uv": [0, 0, 0, 2], "texture": "#missing"},
				"up": {"uv": [0, 0, 3, 0], "texture": "#missing"},
				"down": {"uv": [0, 0, 3, 0], "texture": "#missing"}
			}
		},
		{
			"from": [6.5, 14, 8],
			"to": [9.5, 16, 8],
			"rotation": {"angle": 45, "axis": "y", "origin": [8, 16, 8]},
			"faces": {
				"north": {"uv": [3, 3, 6, 5], "texture": "#2"},
				"south": {"uv": [3, 3, 6, 5], "texture": "#2"},
				"west": {"uv": [0, 0, 0, 2], "texture": "#missing"},
				"up": {"uv": [0, 0, 3, 0], "texture": "#missing"},
				"down": {"uv": [0, 0, 3, 0], "texture": "#missing"}
			}
		}
	]
}