{
	"credit": "Made with Blockbench",
	"parent": "block/block",
	"textures": {
		"1": "torchmaster:block/feral_flare_lantern_top",
		"particle": "torchmaster:block/feral_flare_lantern_top",
		"tex": "torchmaster:block/feral_flare_lantern"
	},
	"elements": [
		{
			"name": "lantern",
			"from": [4, 1, 4],
			"to": [12, 11, 12],
			"rotation": {"angle": 0, "axis": "y", "origin": [0, -1, 0]},
			"faces": {
				"north": {"uv": [4, 3, 12, 13], "texture": "#tex"},
				"east": {"uv": [4, 3, 12, 13], "texture": "#tex"},
				"south": {"uv": [4, 3, 12, 13], "texture": "#tex"},
				"west": {"uv": [4, 3, 12, 13], "texture": "#tex"},
				"up": {"uv": [1, 1, 9, 9], "texture": "#1"},
				"down": {"uv": [1, 1, 9, 9], "texture": "#1"}
			}
		},
		{
			"from": [3, 10, 3],
			"to": [13, 12, 13],
			"rotation": {"angle": 0, "axis": "y", "origin": [0, -1, 0]},
			"faces": {
				"north": {"uv": [3, 2, 13, 4], "texture": "#tex"},
				"east": {"uv": [3, 2, 13, 4], "texture": "#tex"},
				"south": {"uv": [3, 2, 13, 4], "texture": "#tex"},
				"west": {"uv": [3, 2, 13, 4], "texture": "#tex"},
				"up": {"uv": [0, 0, 10, 10], "texture": "#1"},
				"down": {"uv": [0, 0, 10, 10], "texture": "#1"}
			}
		},
		{
			"from": [3, 0, 3],
			"to": [13, 2, 13],
			"rotation": {"angle": 0, "axis": "y", "origin": [0, -1, 0]},
			"faces": {
				"north": {"uv": [3, 12, 13, 14], "texture": "#tex"},
				"east": {"uv": [3, 12, 13, 14], "texture": "#tex"},
				"south": {"uv": [3, 12, 13, 14], "texture": "#tex"},
				"west": {"uv": [3, 12, 13, 14], "texture": "#tex"},
				"up": {"uv": [0, 0, 10, 10], "texture": "#1"},
				"down": {"uv": [0, 0, 10, 10], "texture": "#1"}
			}
		},
		{
			"from": [4, 12, 4],
			"to": [12, 13, 12],
			"rotation": {"angle": 0, "axis": "y", "origin": [0, -1, 0]},
			"faces": {
				"north": {"uv": [1, 1, 9, 2], "texture": "#1"},
				"east": {"uv": [1, 1, 9, 2], "texture": "#1"},
				"south": {"uv": [1, 1, 9, 2], "texture": "#1"},
				"west": {"uv": [1, 1, 9, 2], "texture": "#1"},
				"up": {"uv": [1, 1, 9, 9], "texture": "#1"},
				"down": {"uv": [1, 1, 9, 9], "texture": "#1"}
			}
		},
		{
			"from": [6.5, 13, 8],
			"to": [9.5, 15, 8],
			"rotation": {"angle": -45, "axis": "y", "origin": [8, -1, 8]},
			"faces": {
				"north": {"uv": [11, 10, 14, 12], "texture": "#1"},
				"south": {"uv": [11, 10, 14, 12], "texture": "#1"}
			}
		}
	]
}