{
	"credit": "Made with Blockbench",
	"parent": "block/block",
	"textures": {
		"particle": "torchmaster:block/megatorch",
		"torch": "torchmaster:block/megatorch",
		"torch_top": "torchmaster:block/megatorch_top"
	},
	"elements": [
		{
			"from": [6, 0, 6],
			"to": [10, 16, 10],
			"faces": {
				"north": {"uv": [6, 0, 10, 16], "texture": "#torch"},
				"east": {"uv": [6, 0, 10, 16], "texture": "#torch"},
				"south": {"uv": [6, 0, 10, 16], "texture": "#torch"},
				"west": {"uv": [6, 0, 10, 16], "texture": "#torch"},
				"up": {"uv": [6, 6, 10, 10], "texture": "#torch_top", "cullface": "up"},
				"down": {"uv": [6, 7, 10, 11], "texture": "#torch", "cullface": "down"}
			}
		},
		{
			"from": [5, 11, 5],
			"to": [11, 13, 11],
			"faces": {
				"north": {"uv": [5, 3, 11, 5], "texture": "#torch"},
				"east": {"uv": [5, 3, 11, 5], "texture": "#torch"},
				"south": {"uv": [5, 3, 11, 5], "texture": "#torch"},
				"west": {"uv": [5, 3, 11, 5], "texture": "#torch"},
				"up": {"uv": [5, 5, 11, 11], "texture": "#torch_top"},
				"down": {"uv": [5, 5, 11, 11], "texture": "#torch_top"}
			}
		},
		{
			"from": [5, 13, 5],
			"to": [6, 14, 6],
			"faces": {
				"north": {"uv": [5, 2, 6, 3], "texture": "#torch"},
				"east": {"uv": [5, 2, 6, 3], "texture": "#torch"},
				"south": {"uv": [5, 2, 6, 3], "texture": "#torch"},
				"west": {"uv": [5, 2, 6, 3], "texture": "#torch"},
				"up": {"uv": [5, 2, 6, 3], "texture": "#torch"},
				"down": {"uv": [5, 2, 6, 3], "texture": "#torch"}
			}
		},
		{
			"from": [5, 13, 10],
			"to": [6, 14, 11],
			"faces": {
				"north": {"uv": [5, 2, 6, 3], "texture": "#torch"},
				"east": {"uv": [5, 2, 6, 3], "texture": "#torch"},
				"south": {"uv": [5, 2, 6, 3], "texture": "#torch"},
				"west": {"uv": [5, 2, 6, 3], "texture": "#torch"},
				"up": {"uv": [5, 2, 6, 3], "texture": "#torch"},
				"down": {"uv": [5, 2, 6, 3], "texture": "#torch"}
			}
		},
		{
			"from": [10, 13, 10],
			"to": [11, 14, 11],
			"faces": {
				"north": {"uv": [5, 2, 6, 3], "texture": "#torch"},
				"east": {"uv": [5, 2, 6, 3], "texture": "#torch"},
				"south": {"uv": [5, 2, 6, 3], "texture": "#torch"},
				"west": {"uv": [5, 2, 6, 3], "texture": "#torch"},
				"up": {"uv": [5, 2, 6, 3], "texture": "#torch"},
				"down": {"uv": [5, 2, 6, 3], "texture": "#torch"}
			}
		},
		{
			"from": [10, 13, 5],
			"to": [11, 14, 6],
			"faces": {
				"north": {"uv": [5, 2, 6, 3], "texture": "#torch"},
				"east": {"uv": [5, 2, 6, 3], "texture": "#torch"},
				"south": {"uv": [5, 2, 6, 3], "texture": "#torch"},
				"west": {"uv": [5, 2, 6, 3], "texture": "#torch"},
				"up": {"uv": [5, 2, 6, 3], "texture": "#torch"},
				"down": {"uv": [5, 2, 6, 3], "texture": "#torch"}
			}
		}
	]
}