{
    "implemented": true,
    "name": "Victini",
    "nationalPokedexNumber": 494,
    "primaryType": "psychic",
    "secondaryType": "fire",
    "abilities": [
        "victorystar"
    ],
    "baseStats": {
        "hp": 100,
        "attack": 100,
        "defence": 100,
        "special_attack": 100,
        "special_defence": 100,
        "speed": 100
    },
    "catchRate": 3,
    "maleRatio": -1,
    "shoulderMountable": false,
    "forms": [],
    "baseExperienceYield": 300,
    "experienceGroup": "slow",
    "eggCycles": 120,
    "eggGroups": [
        "undiscovered"
    ],
    "moves": [
        "1:confusion",
        "1:quickattack",
        "1:focusenergy",
        "1:flamecharge",
        "1:vcreate",
        "7:workup",
        "14:incinerate",
        "21:storedpower",
        "28:headbutt",
        "35:endure",
        "41:flameburst",
        "42:zenheadbutt",
        "49:inferno",
        "56:reversal",
        "63:searingshot",
        "70:doubleedge",
        "77:flareblitz",
        "84:overheat",
        "91:finalgambit",
        "tm:batonpass",
        "tm:blazekick",
        "tm:bounce",
        "tm:brickbreak",
        "tm:chargebeam",
        "tm:confide",
        "tm:dazzlinggleam",
        "tm:doubleteam",
        "tm:embargo",
        "tm:encore",
        "tm:endure",
        "tm:energyball",
        "tm:facade",
        "tm:fireblast",
        "tm:firepunch",
        "tm:firespin",
        "tm:flamethrower",
        "tm:flareblitz",
        "tm:flash",
        "tm:fling",
        "tm:focusblast",
        "tm:focusenergy",
        "tm:frustration",
        "tm:futuresight",
        "tm:gigaimpact",
        "tm:grassknot",
        "tm:guardswap",
        "tm:heatwave",
        "tm:helpinghand",
        "tm:hiddenpower",
        "tm:hyperbeam",
        "tm:lightscreen",
        "tm:megakick",
        "tm:megapunch",
        "tm:mysticalfire",
        "tm:overheat",
        "tm:powerswap",
        "tm:poweruppunch",
        "tm:protect",
        "tm:psychic",
        "tm:psychup",
        "tm:psyshock",
        "tm:rest",
        "tm:return",
        "tm:reversal",
        "tm:rocksmash",
        "tm:round",
        "tm:safeguard",
        "tm:secretpower",
        "tm:shadowball",
        "tm:skillswap",
        "tm:sleeptalk",
        "tm:snore",
        "tm:solarbeam",
        "tm:speedswap",
        "tm:storedpower",
        "tm:substitute",
        "tm:sunnyday",
        "tm:swagger",
        "tm:swift",
        "tm:taunt",
        "tm:thunder",
        "tm:thunderbolt",
        "tm:thunderpunch",
        "tm:thunderwave",
        "tm:toxic",
        "tm:trick",
        "tm:trickroom",
        "tm:uproar",
        "tm:uturn",
        "tm:wildcharge",
        "tm:willowisp",
        "tm:workup",
        "tm:zenheadbutt",
        "tutor:expandingforce",
        "tutor:laserfocus",
        "tutor:lastresort",
        "tutor:magiccoat",
        "tutor:roleplay",
        "tutor:scorchingsands",
        "tutor:shockwave",
        "tutor:signalbeam",
        "tutor:telekinesis"
    ],
    "labels": [
        "gen5",
        "mythical"
    ],
    "pokedex": [
        "cobblemon.species.victini.desc1",
        "cobblemon.species.victini.desc2"
    ],
    "evolutions": [],
    "baseScale": 0.4,
    "hitbox": {
        "width": 0.5,
        "height": 0.5,
        "fixed": false
    },
    "baseFriendship": 100,
    "evYield": {
        "hp": 3
    },
    "height": 4,
    "weight": 40
}