{
    "implemented": false,
    "name": "missingno",
    "nationalPokedexNumber": 9999,
    "primaryType": "flying",
    "secondaryType": "normal",
    "abilities": [
        "technician"
        
        
    ],
    "baseStats": {
        "hp": 178,
        "attack": 136,
        "defence": 11,
        "special_attack": 23,
        "special_defence": 11,
        "speed": 29
    },
    "behaviour": {
        "resting": {
            "canSleep": false,
            "depth": "normal",
            "light": "0-4"
        },
        "moving": {
            "canLook": true,
            "walk": {
                "canWalk": true,
                "avoidsLand": false
            },
            "swim": {
                "swimSpeed": 0.1,
                "canSwimInWater": false,
                "canBreatheUnderwater": true
            },
            "fly": {
                "canFly": true
            },
            "wanderChance": 1
        }
    },
    "catchRate": 100,
    "maleRatio": -1,
    "shoulderMountable": false,
    
    "baseExperienceYield": 200,
    "experienceGroup": "slow",
    "eggCycles": 60,
    "eggGroups": [
        "amorphous"
        
    ],
    "drops": {
        "amount": "1",
        "entries": [
        {"item": "minecraft:command_block", "quantityRange": "1-1", "percentage": 1}
        ]
    },
    "moves": [
        "1:watergun",
        "1:skyattack",
        "1:payday",
        "1:bind",
	"tm:megapunch",
	"tm:razorwind",
	"tm:swordsdance",
	"tm:megakick",
	"tm:toxic",
	"tm:takedown",
	"tm:doubleedge",
	"tm:bubblebeam",
	"tm:icebeam",
	"tm:blizzard",
	"tm:submission",
	"tm:seismictoss",
	"tm:rage",
	"tm:thunder",
	"tm:earthquake",
	"tm:fissure",
	"tm:psychic",
	"tm:teleport",
	"tm:skyattack",
	"tm:rest",
	"tm:thunderwave",
	"tm:triattack",
	"tm:substitute",
	"tm:cut",
	"tm:fly"
    ],
    "labels": [
        "custom"
    ],
    "pokedex": [
        "cobblemon.species.missingno.desc1",
        "cobblemon.species.missingno.desc2"
    ],
    
    
    "baseScale": 1.0,
    "hitbox": {
        "width": 1.3,
        "height": 3.0,
        "fixed": false
    },
    "baseFriendship": 50,
    "evYield": {
        "hp": 1,
        "attack": 0,
        "defence": 0,
        "special_attack": 0,
        "special_defence": 0,
        "speed": 0
    },
    "height": 1,
    "weight": 1
}