{
	"format_version": "1.9.0",
	"credit": "Made with Blockbench",
	"textures": {
		"0": "beachparty:item/beach_ball_hand",
		"particle": "beachparty:item/beach_ball_hand"
	},
	"elements": [
		{
			"from": [4, 0, 4],
			"to": [12, 8, 12],
			"rotation": {"angle": 0, "axis": "y", "origin": [4, 0, 4]},
			"faces": {
				"north": {"uv": [12, 16, 16, 12], "texture": "#0"},
				"east": {"uv": [8, 16, 12, 12], "texture": "#0"},
				"south": {"uv": [4, 16, 8, 12], "texture": "#0"},
				"west": {"uv": [0, 16, 4, 12], "texture": "#0"},
				"up": {"uv": [8, 8, 12, 12], "texture": "#0"},
				"down": {"uv": [4, 12, 8, 8], "texture": "#0"}
			}
		}
	],
	"display": {
		"thirdperson_righthand": {
			"translation": [0, 5.5, 1.25],
			"scale": [0.7, 0.7, 0.7]
		},
		"thirdperson_lefthand": {
			"translation": [0, 5.5, 1.25],
			"scale": [0.7, 0.7, 0.7]
		},
		"firstperson_righthand": {
			"translation": [-0.25, 3.75, 0]
		},
		"firstperson_lefthand": {
			"translation": [-0.25, 3.75, 0]
		},
		"gui": {
			"translation": [0, 5.75, 0]
		}
	}
}