{
	"format_version": "1.21.6",
	"credit": "Made by Satisfy",
	"textures": {
		"1": "beachparty:block/hanging_coconutnut_age_2",
		"2": "beachparty:block/coconut_cocktail",
		"particle": "beachparty:block/coconut_cocktail"
	},
	"elements": [
		{
			"from": [4, 0, 4],
			"to": [12, 8, 5],
			"faces": {
				"north": {"uv": [0, 8, 8, 16], "texture": "#1"},
				"east": {"uv": [15, 8, 16, 16], "texture": "#1"},
				"south": {"uv": [0, 13, 8, 16], "texture": "#2"},
				"west": {"uv": [8, 8, 9, 16], "texture": "#1"},
				"up": {"uv": [0, 9, 8, 10], "texture": "#1"},
				"down": {"uv": [0, 8, 8, 9], "texture": "#1"}
			}
		},
		{
			"from": [4, 0, 11],
			"to": [12, 8, 12],
			"faces": {
				"north": {"uv": [0, 13, 8, 16], "texture": "#2"},
				"east": {"uv": [8, 8, 9, 16], "texture": "#1"},
				"south": {"uv": [0, 8, 8, 16], "texture": "#1"},
				"west": {"uv": [15, 8, 16, 16], "texture": "#1"},
				"up": {"uv": [0, 8, 8, 9], "texture": "#1"},
				"down": {"uv": [0, 8, 8, 9], "texture": "#1"}
			}
		},
		{
			"from": [4, 0, 5],
			"to": [5, 8, 11],
			"faces": {
				"north": {"uv": [0, 0, 0.5, 4], "texture": "#missing"},
				"east": {"uv": [0, 7, 6, 14], "texture": "#2"},
				"south": {"uv": [0, 0, 0.5, 4], "texture": "#missing"},
				"west": {"uv": [9, 8, 15, 16], "texture": "#1"},
				"up": {"uv": [8, 10, 9, 16], "texture": "#1"},
				"down": {"uv": [15, 10, 16, 16], "texture": "#1"}
			}
		},
		{
			"from": [11, 0, 5],
			"to": [12, 8, 11],
			"faces": {
				"north": {"uv": [0, 0, 0.5, 4], "texture": "#missing"},
				"east": {"uv": [9, 8, 15, 16], "texture": "#1"},
				"south": {"uv": [0, 0, 0.5, 4], "texture": "#missing"},
				"west": {"uv": [0, 7, 6, 14], "texture": "#2"},
				"up": {"uv": [8, 10, 9, 16], "texture": "#1"},
				"down": {"uv": [8, 10, 9, 16], "texture": "#1"}
			}
		},
		{
			"from": [5, 0, 5],
			"to": [11, 7, 11],
			"faces": {
				"up": {"uv": [0, 0, 6, 6], "texture": "#2"},
				"down": {"uv": [1, 9, 7, 15], "texture": "#1"}
			}
		},
		{
			"from": [5, 1, 8],
			"to": [6, 12, 9],
			"rotation": {"angle": 22.5, "axis": "z", "origin": [0.5, 7.25, 0]},
			"faces": {
				"north": {"uv": [4, 0, 5, 9], "texture": "#1"},
				"east": {"uv": [4, 0, 5, 9], "texture": "#1"},
				"south": {"uv": [4, 0, 5, 9], "texture": "#1"},
				"west": {"uv": [4, 0, 5, 9], "texture": "#1"},
				"up": {"uv": [2, 1, 3, 2], "texture": "#1"}
			}
		},
		{
			"from": [1, 11, 4],
			"to": [10, 11, 13],
			"rotation": {"angle": 22.5, "axis": "z", "origin": [0.5, 7.25, 0]},
			"faces": {
				"up": {"uv": [7, 0, 16, 9], "texture": "#2", "tintindex": 1},
				"down": {"uv": [7, 0, 16, 9], "texture": "#2", "tintindex": 1}
			}
		},
		{
			"from": [8, 5.25, 7],
			"to": [9, 14.25, 7],
			"rotation": {"angle": -22.5, "axis": "z", "origin": [2, 4.5, 0]},
			"faces": {
				"north": {"uv": [6, 0, 7, 9], "texture": "#2"},
				"south": {"uv": [6, 0, 7, 9], "texture": "#2"}
			}
		},
		{
			"from": [9, 6, 9.5],
			"to": [12, 10, 10.5],
			"rotation": {"angle": 22.5, "axis": "z", "origin": [11.5, 12, 8]},
			"faces": {
				"north": {"uv": [6, 9, 9, 13], "texture": "#2"},
				"east": {"uv": [7, 9, 6, 13], "texture": "#2"},
				"south": {"uv": [9, 9, 6, 13], "texture": "#2"},
				"west": {"uv": [9, 9, 8, 13], "texture": "#2"},
				"up": {"uv": [9, 9, 6, 10], "texture": "#2"},
				"down": {"uv": [9, 12, 6, 13], "texture": "#2"}
			}
		}
	],
	"display": {
		"thirdperson_righthand": {
			"rotation": [23.5, -180, 0],
			"translation": [0.25, 2.75, 0.5],
			"scale": [0.6, 0.6, 0.6]
		},
		"thirdperson_lefthand": {
			"rotation": [23.5, 0, 0],
			"translation": [0.25, 2.75, 0.5],
			"scale": [0.6, 0.6, 0.6]
		},
		"firstperson_righthand": {
			"rotation": [171.29, -4.41, 179.61],
			"translation": [0.5, 3.25, 1]
		},
		"firstperson_lefthand": {
			"rotation": [-11.9, 2.62, 0.58],
			"translation": [0.5, 3, 2.25]
		},
		"ground": {
			"translation": [0, 3.5, 0],
			"scale": [0.8, 0.8, 0.8]
		},
		"gui": {
			"rotation": [27, -142, 0],
			"translation": [-0.25, 0.25, 0],
			"scale": [0.8, 0.8, 0.8]
		},
		"head": {
			"translation": [0, 14.5, 0]
		}
	}
}