{
	"format_version": "1.21.6",
	"credit": "Made by Satisfy",
	"textures": {
		"0": "beachparty:block/message_in_a_bottle",
		"particle": "beachparty:block/message_in_a_bottle"
	},
	"elements": [
		{
			"from": [7, -2, -2],
			"to": [7, 4, 8],
			"rotation": {"angle": -22.5, "axis": "y", "origin": [0, 0, 0]},
			"faces": {
				"east": {"uv": [0, 6, 6, 16], "rotation": 90, "texture": "#0"},
				"west": {"uv": [0, 6, 6, 16], "rotation": 90, "texture": "#0"}
			}
		},
		{
			"from": [13, -2, -2],
			"to": [13, 4, 8],
			"rotation": {"angle": -22.5, "axis": "y", "origin": [0, 0, 0]},
			"faces": {
				"east": {"uv": [0, 6, 6, 16], "rotation": 90, "texture": "#0"},
				"west": {"uv": [0, 6, 6, 16], "rotation": 90, "texture": "#0"}
			}
		},
		{
			"from": [9, 0, -1],
			"to": [11, 2, 6],
			"rotation": {"angle": -22.5, "axis": "y", "origin": [0, 0, 0]},
			"faces": {
				"north": {"uv": [13, 6, 15, 8], "rotation": 90, "texture": "#0"},
				"east": {"uv": [13, 6, 15, 13], "rotation": 90, "texture": "#0"},
				"south": {"uv": [13, 6, 15, 8], "rotation": 90, "texture": "#0"},
				"west": {"uv": [13, 6, 15, 13], "rotation": 90, "texture": "#0"},
				"up": {"uv": [13, 6, 15, 13], "texture": "#0"},
				"down": {"uv": [13, 6, 15, 13], "texture": "#0"}
			}
		},
		{
			"from": [7, -2, -2],
			"to": [13, 4, -2],
			"rotation": {"angle": -22.5, "axis": "y", "origin": [0, 0, 0]},
			"faces": {
				"north": {"uv": [6, 10, 12, 16], "texture": "#0"},
				"south": {"uv": [6, 10, 12, 16], "texture": "#0"}
			}
		},
		{
			"from": [7, -2, 8],
			"to": [13, 4, 8],
			"rotation": {"angle": -22.5, "axis": "y", "origin": [0, 0, 0]},
			"faces": {
				"north": {"uv": [6, 10, 12, 16], "texture": "#0"},
				"south": {"uv": [6, 10, 12, 16], "texture": "#0"}
			}
		},
		{
			"from": [7, -2, -2],
			"to": [13, -2, 8],
			"rotation": {"angle": -22.5, "axis": "y", "origin": [0, 0, 0]},
			"faces": {
				"north": {"uv": [0, 0, 6, 0], "texture": "#0"},
				"east": {"uv": [0, 0, 10, 0], "texture": "#0"},
				"south": {"uv": [0, 0, 6, 0], "texture": "#0"},
				"west": {"uv": [0, 0, 10, 0], "texture": "#0"},
				"up": {"uv": [0, 6, 6, 16], "texture": "#0"},
				"down": {"uv": [0, 6, 6, 16], "texture": "#0"}
			}
		},
		{
			"from": [7, 4, -2],
			"to": [13, 4, 8],
			"rotation": {"angle": -22.5, "axis": "y", "origin": [0, 0, 0]},
			"faces": {
				"north": {"uv": [0, 0, 6, 0], "texture": "#0"},
				"east": {"uv": [0, 0, 10, 0], "texture": "#0"},
				"south": {"uv": [0, 0, 6, 0], "texture": "#0"},
				"west": {"uv": [0, 0, 10, 0], "texture": "#0"},
				"up": {"uv": [0, 6, 6, 16], "texture": "#0"},
				"down": {"uv": [0, 6, 6, 16], "texture": "#0"}
			}
		},
		{
			"from": [9, 0, 8],
			"to": [11, 2, 14],
			"rotation": {"angle": -22.5, "axis": "y", "origin": [0, 0, 0]},
			"faces": {
				"north": {"uv": [8, 8, 10, 10], "texture": "#0"},
				"east": {"uv": [8, 10, 10, 4], "rotation": 90, "texture": "#0"},
				"south": {"uv": [8, 4, 10, 6], "texture": "#0"},
				"west": {"uv": [8, 4, 10, 10], "rotation": 90, "texture": "#0"},
				"up": {"uv": [8, 10, 10, 4], "texture": "#0"},
				"down": {"uv": [8, 4, 10, 10], "texture": "#0"}
			}
		},
		{
			"from": [8, -1, 11],
			"to": [12, 3, 12],
			"rotation": {"angle": -22.5, "axis": "y", "origin": [0, 0, 0]},
			"faces": {
				"north": {"uv": [8, 8, 9, 9], "texture": "#0"},
				"east": {"uv": [7, 6, 11, 7], "rotation": 90, "texture": "#0"},
				"south": {"uv": [8, 8, 9, 9], "texture": "#0"},
				"west": {"uv": [7, 6, 11, 7], "rotation": 90, "texture": "#0"},
				"up": {"uv": [7, 6, 11, 7], "texture": "#0"},
				"down": {"uv": [7, 6, 11, 7], "texture": "#0"}
			}
		}
	],
	"display": {
		"thirdperson_righthand": {
			"rotation": [-86.64, 25.43, -1.46],
			"translation": [0.25, -0.75, -4.75],
			"scale": [0.6, 0.6, 0.6]
		},
		"thirdperson_lefthand": {
			"rotation": [-92.88, -21.67, 0.4],
			"translation": [-0.25, -1.25, -4.75],
			"scale": [0.6, 0.6, 0.6]
		},
		"firstperson_righthand": {
			"rotation": [-86.82, 20.95, -5.12],
			"translation": [1.25, 0, -6]
		},
		"firstperson_lefthand": {
			"rotation": [-99.42, 7.19, 4.08],
			"translation": [0, 0, 4.5]
		},
		"ground": {
			"translation": [0, 3, 0],
			"scale": [0.25, 0.25, 0.25]
		},
		"gui": {
			"rotation": [30, -135, 0],
			"scale": [0.625, 0.625, 0.625]
		},
		"fixed": {
			"scale": [0.5, 0.5, 0.5]
		}
	}
}