{
	"format_version": "1.21.6",
	"credit": "Made with Blockbench",
	"textures": {
		"2": "beachparty:block/pumpkin_cocktail_0",
		"3": "beachparty:block/pumpkin_cocktail_1",
		"particle": "beachparty:block/pumpkin_cocktail_0"
	},
	"elements": [
		{
			"from": [4, 0.01, 4],
			"to": [12, 10.01, 12],
			"rotation": {"angle": 0, "axis": "y", "origin": [-1, 0, -1]},
			"faces": {
				"north": {"uv": [0, 0, 8, 10], "texture": "#2"},
				"east": {"uv": [0, 0, 8, 10], "texture": "#2"},
				"south": {"uv": [0, 0, 8, 10], "texture": "#2"},
				"west": {"uv": [0, 0, 8, 10], "texture": "#2"},
				"up": {"uv": [8, 0, 16, 8], "texture": "#2"},
				"down": {"uv": [8, 0, 16, 8], "texture": "#2"}
			}
		},
		{
			"from": [12, 0.01, 4],
			"to": [4, 10.01, 12],
			"rotation": {"angle": 0, "axis": "y", "origin": [7, 0, -1]},
			"faces": {
				"north": {"uv": [0, 0, 8, 10], "texture": "#2"},
				"east": {"uv": [0, 0, 8, 10], "texture": "#2"},
				"south": {"uv": [0, 0, 8, 10], "texture": "#2"},
				"west": {"uv": [0, 0, 8, 10], "texture": "#2"},
				"up": {"uv": [8, 0, 16, 8], "texture": "#2"},
				"down": {"uv": [8, 0, 16, 8], "texture": "#2"}
			}
		},
		{
			"from": [6, 9, 6],
			"to": [7, 18, 6],
			"rotation": {"angle": -22.5, "axis": "z", "origin": [0, 0, 0]},
			"faces": {
				"north": {"uv": [2, 5, 3, 14], "texture": "#3"},
				"south": {"uv": [2, 5, 3, 14], "texture": "#3"}
			}
		},
		{
			"from": [1.5, 8.5, 7.5],
			"to": [5.5, 11.5, 8.5],
			"rotation": {"angle": 0, "axis": "y", "origin": [6.5, 0, 6.5]},
			"faces": {
				"north": {"uv": [10, 6, 14, 9], "texture": "#3"},
				"east": {"uv": [10, 6, 11, 9], "texture": "#3"},
				"south": {"uv": [14, 6, 10, 9], "texture": "#3"},
				"west": {"uv": [13, 6, 14, 9], "texture": "#3"},
				"up": {"uv": [13, 6, 14, 9], "texture": "#3"},
				"down": {"uv": [14, 8, 10, 9], "texture": "#3"}
			}
		},
		{
			"from": [2.5, 11.5, 7.5],
			"to": [5.5, 12.5, 8.5],
			"rotation": {"angle": 0, "axis": "y", "origin": [6.5, 0, 6.5]},
			"faces": {
				"north": {"uv": [10, 5, 13, 6], "texture": "#3"},
				"east": {"uv": [10, 5, 13, 6], "texture": "#3"},
				"south": {"uv": [10, 5, 13, 6], "texture": "#3"},
				"west": {"uv": [10, 5, 13, 6], "texture": "#3"},
				"up": {"uv": [10, 5, 13, 6], "texture": "#3"}
			}
		},
		{
			"from": [5, 0.05, 5],
			"to": [11, 7.05, 11],
			"rotation": {"angle": 0, "axis": "y", "origin": [-0.25, 11, -0.25]},
			"faces": {
				"north": {"uv": [3, 5, 9, 12], "texture": "#3", "tintindex": 1},
				"east": {"uv": [3, 5, 9, 12], "texture": "#3", "tintindex": 1},
				"south": {"uv": [3, 5, 9, 12], "texture": "#3", "tintindex": 1},
				"west": {"uv": [3, 5, 9, 12], "texture": "#3", "tintindex": 1},
				"up": {"uv": [0, 10, 6, 16], "texture": "#2", "tintindex": 1},
				"down": {"uv": [0, 10, 6, 16], "texture": "#2", "tintindex": 1}
			}
		}
	],
	"display": {
		"thirdperson_righthand": {
			"rotation": [32, -180, 0],
			"translation": [0.25, 2.25, 0.5],
			"scale": [0.51, 0.51, 0.51]
		},
		"thirdperson_lefthand": {
			"rotation": [32, 0, 0],
			"translation": [0.25, 2.25, 0.5],
			"scale": [0.51, 0.51, 0.51]
		},
		"firstperson_righthand": {
			"rotation": [172.64, -7.23, 165.32],
			"translation": [2, 0.75, 0.75]
		},
		"firstperson_lefthand": {
			"rotation": [4.77, 10.07, 10.65],
			"translation": [3, 0.5, 1.75]
		},
		"ground": {
			"translation": [0, 3.5, 0],
			"scale": [0.8, 0.8, 0.8]
		},
		"gui": {
			"rotation": [30, 135, 0],
			"translation": [0, -0.75, 1.5],
			"scale": [0.68, 0.68, 0.68]
		},
		"head": {
			"translation": [0, 15, 0]
		}
	},
	"groups": [
		0,
		1,
		2,
		{
			"name": "drink",
			"origin": [8, 8, 8],
			"color": 0,
			"children": [3, 4, 5]
		}
	]
}