{
	"type": "apotheosis:attribute",
	"attribute": "minecraft:generic.knockback_resistance",
	"operation": "ADDITION",
	"values": {
		"common": {
			"min": 0.02,
			"steps": 10,
			"step": 0.002
		},
		"uncommon": {
			"min": 0.02,
			"steps": 10,
			"step": 0.002
		},
		"rare": {
			"min": 0.03,
			"steps": 10,
			"step": 0.002
		},
		"epic": {
			"min": 0.04,
			"steps": 10,
			"step": 0.002
		},
		"mythic": {
			"min": 0.05,
			"steps": 10,
			"step": 0.002
		},
		"ancient": {
			"min": 0.06,
			"steps": 15,
			"step": 0.002
		}
	},
	"types": [
		"shield"
	]
}