{
	"format_version": "1.21.6",
	"credit": "Made by berksire",
	"textures": {
		"0": "furniture:block/bin_bottom",
		"1": "furniture:block/bin_side",
		"particle": "furniture:block/bin_bottom"
	},
	"elements": [
		{
			"from": [2, 0, 2],
			"to": [14, 2, 14],
			"rotation": {"angle": 0, "axis": "y", "origin": [2, 0, 2]},
			"faces": {
				"north": {"uv": [2, 14, 14, 16], "texture": "#1"},
				"east": {"uv": [2, 14, 14, 16], "texture": "#1"},
				"south": {"uv": [2, 14, 14, 16], "texture": "#1"},
				"west": {"uv": [2, 14, 14, 16], "texture": "#1"},
				"up": {"uv": [2, 2, 14, 14], "texture": "#0"},
				"down": {"uv": [2, 2, 14, 14], "texture": "#0"}
			}
		},
		{
			"from": [2, 2, 2],
			"to": [14, 15, 14],
			"rotation": {"angle": 0, "axis": "y", "origin": [2, 2, 2]},
			"faces": {
				"north": {"uv": [2, 1, 14, 14], "texture": "#1"},
				"east": {"uv": [2, 1, 14, 14], "texture": "#1"},
				"south": {"uv": [2, 1, 14, 14], "texture": "#1"},
				"west": {"uv": [2, 1, 14, 14], "texture": "#1"}
			}
		},
		{
			"from": [14, 2, 2],
			"to": [2, 15, 14],
			"rotation": {"angle": 0, "axis": "y", "origin": [14, 2, 2]},
			"faces": {
				"north": {"uv": [2, 1, 14, 14], "texture": "#1"},
				"east": {"uv": [2, 1, 14, 14], "texture": "#1"},
				"south": {"uv": [2, 1, 14, 14], "texture": "#1"},
				"west": {"uv": [2, 1, 14, 14], "texture": "#1"}
			}
		}
	],
	"display": {
		"thirdperson_righthand": {
			"rotation": [16, 45, 0],
			"translation": [0, 3, 0],
			"scale": [0.375, 0.375, 0.375]
		},
		"thirdperson_lefthand": {
			"rotation": [16, 45, 0],
			"translation": [0, 3, 0],
			"scale": [0.375, 0.375, 0.375]
		},
		"firstperson_righthand": {
			"rotation": [0, 45, 0],
			"translation": [0.5, 3, 0],
			"scale": [0.4, 0.4, 0.4]
		},
		"firstperson_lefthand": {
			"rotation": [0, 45, 0],
			"translation": [0.5, 3, 0],
			"scale": [0.4, 0.4, 0.4]
		},
		"ground": {
			"translation": [0, 3, 0],
			"scale": [0.25, 0.25, 0.25]
		},
		"gui": {
			"rotation": [30, -135, 0],
			"scale": [0.625, 0.625, 0.625]
		},
		"fixed": {
			"scale": [0.5, 0.5, 0.5]
		}
	},
	"groups": [
		{
			"name": "bin",
			"origin": [14, 2, 2],
			"color": 0,
			"children": [0, 1, 2]
		}
	]
}