{
	"format_version": "1.21.6",
	"credit": "Made by Satisfy",
	"textures": {
		"0": "furniture:block/display_side",
		"1": "furniture:block/display_top",
		"2": "furniture:block/display_glas",
		"particle": "furniture:block/display_side"
	},
	"elements": [
		{
			"from": [1, 0, 1],
			"to": [15, 7, 15],
			"rotation": {"angle": 0, "axis": "y", "origin": [1, 0, 1]},
			"faces": {
				"north": {"uv": [1, 8, 15, 15], "texture": "#0"},
				"east": {"uv": [1, 1, 15, 8], "texture": "#0"},
				"south": {"uv": [1, 1, 15, 8], "texture": "#0"},
				"west": {"uv": [1, 1, 15, 8], "texture": "#0"},
				"up": {"uv": [1, 1, 15, 15], "texture": "#1"},
				"down": {"uv": [1, 1, 15, 15], "texture": "#1"}
			}
		},
		{
			"from": [2, 7, 2],
			"to": [14, 16, 14],
			"rotation": {"angle": 0, "axis": "y", "origin": [2, 7, 2]},
			"faces": {
				"north": {"uv": [2, 2, 14, 11], "texture": "#2"},
				"east": {"uv": [2, 2, 14, 11], "texture": "#2"},
				"south": {"uv": [2, 2, 14, 11], "texture": "#2"},
				"west": {"uv": [2, 2, 14, 11], "texture": "#2"},
				"up": {"uv": [2, 2, 14, 14], "texture": "#2"}
			}
		},
		{
			"from": [14, 7, 2],
			"to": [2, 16, 14],
			"rotation": {"angle": 0, "axis": "y", "origin": [14, 7, 2]},
			"faces": {
				"north": {"uv": [2, 2, 14, 11], "texture": "#2"},
				"east": {"uv": [2, 2, 14, 11], "texture": "#2"},
				"south": {"uv": [2, 2, 14, 11], "texture": "#2"},
				"west": {"uv": [2, 2, 14, 11], "texture": "#2"},
				"up": {"uv": [2, 2, 14, 14], "texture": "#2"}
			}
		}
	],
	"display": {
		"thirdperson_righthand": {
			"rotation": [9, 45, 0],
			"translation": [0, 3, 0],
			"scale": [0.375, 0.375, 0.375]
		},
		"thirdperson_lefthand": {
			"rotation": [9, 45, 0],
			"translation": [0, 3, 0],
			"scale": [0.375, 0.375, 0.375]
		},
		"firstperson_righthand": {
			"rotation": [0, 45, 0],
			"translation": [0, 2.5, 0],
			"scale": [0.4, 0.4, 0.4]
		},
		"firstperson_lefthand": {
			"rotation": [0, 45, 0],
			"translation": [0, 2.5, 0],
			"scale": [0.4, 0.4, 0.4]
		},
		"ground": {
			"translation": [0, 3, 0],
			"scale": [0.25, 0.25, 0.25]
		},
		"gui": {
			"rotation": [30, -135, 0],
			"scale": [0.625, 0.625, 0.625]
		},
		"fixed": {
			"scale": [0.5, 0.5, 0.5]
		}
	}
}