{
	"format_version": "1.21.6",
	"credit": "Made by Berksire",
	"textures": {
		"0": "furniture:block/street_lantern",
		"particle": "furniture:block/street_lantern"
	},
	"elements": [
		{
			"name": "lamp",
			"from": [5, 8, 5],
			"to": [11, 15, 11],
			"rotation": {"angle": 0, "axis": "y", "origin": [5, 8, 5]},
			"faces": {
				"north": {"uv": [6, 0, 12, 7], "texture": "#0"},
				"east": {"uv": [6, 0, 12, 7], "texture": "#0"},
				"south": {"uv": [6, 0, 12, 7], "texture": "#0"},
				"west": {"uv": [6, 0, 12, 7], "texture": "#0"},
				"up": {"uv": [0, 0, 6, 6], "texture": "#0"},
				"down": {"uv": [0, 0, 6, 6], "texture": "#0"}
			}
		},
		{
			"name": "metal",
			"from": [6, 7, 6],
			"to": [10, 8, 10],
			"rotation": {"angle": 0, "axis": "y", "origin": [6, 7, 6]},
			"faces": {
				"north": {"uv": [0, 11, 4, 12], "texture": "#0"},
				"east": {"uv": [0, 11, 4, 12], "texture": "#0"},
				"south": {"uv": [0, 11, 4, 12], "texture": "#0"},
				"west": {"uv": [0, 11, 4, 12], "texture": "#0"},
				"up": {"uv": [0, 12, 4, 16], "rotation": 90, "texture": "#0"},
				"down": {"uv": [0, 12, 4, 16], "rotation": 90, "texture": "#0"}
			}
		},
		{
			"name": "metal",
			"from": [7, 2, 7],
			"to": [9, 7, 9],
			"rotation": {"angle": 0, "axis": "y", "origin": [7, 2, 7]},
			"faces": {
				"north": {"uv": [14, 0, 16, 5], "texture": "#0"},
				"east": {"uv": [14, 0, 16, 5], "texture": "#0"},
				"south": {"uv": [14, 0, 16, 5], "texture": "#0"},
				"west": {"uv": [14, 0, 16, 5], "texture": "#0"},
				"up": {"uv": [14, 5, 16, 7], "rotation": 90, "texture": "#0"},
				"down": {"uv": [14, 5, 16, 7], "rotation": 90, "texture": "#0"}
			}
		},
		{
			"name": "wood",
			"from": [6, 0, 6],
			"to": [10, 2, 10],
			"rotation": {"angle": 0, "axis": "y", "origin": [6, 0, 6]},
			"faces": {
				"north": {"uv": [12, 10, 16, 12], "texture": "#0"},
				"east": {"uv": [12, 10, 16, 12], "texture": "#0"},
				"south": {"uv": [12, 10, 16, 12], "texture": "#0"},
				"west": {"uv": [12, 10, 16, 12], "texture": "#0"},
				"up": {"uv": [8, 12, 12, 16], "rotation": 90, "texture": "#0"},
				"down": {"uv": [12, 12, 16, 16], "rotation": 90, "texture": "#0"}
			}
		}
	],
	"display": {
		"thirdperson_righthand": {
			"translation": [-0.25, 1.75, 1.25],
			"scale": [0.6, 0.6, 0.6]
		},
		"thirdperson_lefthand": {
			"translation": [-0.25, 1.75, 1.25],
			"scale": [0.6, 0.6, 0.6]
		},
		"firstperson_righthand": {
			"translation": [-0.25, 2.5, 0],
			"scale": [0.8, 0.8, 0.8]
		},
		"firstperson_lefthand": {
			"translation": [-0.25, 2.5, 0],
			"scale": [0.8, 0.8, 0.8]
		}
	},
	"groups": [
		{
			"name": "single",
			"origin": [26, 0, 6],
			"color": 0,
			"children": [0, 1, 2, 3]
		}
	]
}