{
	"format_version": "1.21.6",
	"credit": "Made by Berksire",
	"textures": {
		"0": "furniture:block/toolbox_bottom",
		"1": "furniture:block/toolbox_side",
		"particle": "furniture:block/toolbox_bottom"
	},
	"elements": [
		{
			"from": [2, 0, 9],
			"to": [14, 6, 15],
			"rotation": {"angle": 0, "axis": "y", "origin": [2, 0, 9]},
			"faces": {
				"north": {"uv": [0, 0, 12, 6], "texture": "#1"},
				"east": {"uv": [0, 6, 6, 12], "texture": "#1"},
				"south": {"uv": [0, 0, 12, 6], "texture": "#1"},
				"west": {"uv": [0, 6, 6, 12], "texture": "#1"},
				"up": {"uv": [0, 0, 12, 7], "texture": "#0"},
				"down": {"uv": [0, 0, 12, 7], "texture": "#0"}
			}
		},
		{
			"from": [2, 6, 11],
			"to": [14, 10, 13],
			"rotation": {"angle": 0, "axis": "y", "origin": [2, 6, 11]},
			"faces": {
				"east": {"uv": [0, 12, 4, 14], "rotation": 90, "texture": "#1"},
				"west": {"uv": [0, 12, 4, 14], "rotation": 90, "texture": "#1"},
				"up": {"uv": [0, 12, 12, 14], "texture": "#1"}
			}
		},
		{
			"from": [14, 6, 11],
			"to": [2, 10, 13],
			"rotation": {"angle": 0, "axis": "y", "origin": [14, 6, 11]},
			"faces": {
				"east": {"uv": [0, 12, 4, 14], "rotation": 90, "texture": "#1"},
				"west": {"uv": [0, 12, 4, 14], "rotation": 90, "texture": "#1"},
				"up": {"uv": [0, 12, 12, 14], "texture": "#1"}
			}
		}
	],
	"display": {
		"thirdperson_righthand": {
			"rotation": [0, 90, 90],
			"translation": [-3, -1.75, -0.25],
			"scale": [0.7, 0.7, 0.7]
		},
		"thirdperson_lefthand": {
			"rotation": [0, 90, 90],
			"translation": [-3, -1.75, -0.25],
			"scale": [0.7, 0.7, 0.7]
		},
		"firstperson_righthand": {
			"rotation": [0, 90, 0],
			"translation": [-5.5, 4.25, 1.75],
			"scale": [0.7, 0.7, 0.7]
		},
		"firstperson_lefthand": {
			"rotation": [0, 90, 0],
			"translation": [-5.5, 4.25, 1.75],
			"scale": [0.7, 0.7, 0.7]
		},
		"head": {
			"translation": [0, 14.5, 0]
		}
	}
}