{
    "gui_light": "front",
    "textures": {
        "1": "shieldsmod:item/netherite_shield",
        "particle": "minecraft:block/netherite_block"
    },
    "elements": [
        {
            "from": [-6, -11, 1],
            "to": [6, 11, 2],
            "faces": {
                "north": {"uv": [3.5, 0.25, 6.5, 5.75], "texture": "#1"},
                "east": {"uv": [3.25, 0.25, 3.5, 5.75], "texture": "#1"},
                "south": {"uv": [0.25, 0.25, 3.25, 5.75], "texture": "#1"},
                "west": {"uv": [0, 0.25, 0.25, 5.75], "texture": "#1"},
                "up": {"uv": [0.25, 0, 3.25, 0.25], "texture": "#1"},
                "down": {"uv": [3.25, 0, 6.25, 0.25], "texture": "#1"}
            }
        },
        {
            "from": [-1, -3, -5],
            "to": [1, 3, 1],
            "faces": {
                "north": {"uv": [10, 1.5, 10.5, 3], "texture": "#1"},
                "east": {"uv": [8.5, 1.5, 10, 3], "texture": "#1"},
                "south": {"uv": [8, 1.5, 8.5, 3], "texture": "#1"},
                "west": {"uv": [6.5, 1.5, 8, 3], "texture": "#1"},
                "up": {"uv": [8, 0, 8.5, 1.5], "texture": "#1"},
                "down": {"uv": [8.5, 1.5, 9, 0], "texture": "#1"}
            }
        }
    ],
    "display": {
        "thirdperson_righthand": {
            "rotation": [ 45, 135, 0 ],
            "translation": [ 3.51, 11, -2 ],
            "scale": [ 1, 1, 1 ]
        },
        "thirdperson_lefthand": {
            "rotation": [ 45, 135, 0 ],
            "translation": [ 13.51, 3, 5 ],
            "scale": [ 1, 1, 1 ]
        },
        "firstperson_righthand": {
            "rotation": [ 0, 180, -5 ],
            "translation": [ -15, -1, -11 ],
            "scale": [ 1.25, 1.25, 1.25 ]
        },
        "firstperson_lefthand": {
            "rotation": [ 0, 180, -5 ],
            "translation": [ 5, 0.9, -11 ],
            "scale": [ 1.25, 1.25, 1.25 ]
        },
        "gui": {
            "rotation": [ 15, -25, -5 ],
            "translation": [ 2, 3, 0 ],
            "scale": [ 0.65, 0.65, 0.65 ]
        }
    }
}