{
	"format_version": "1.12.0",
	"minecraft:geometry": [
		{
			"description": {
				"identifier": "geometry.unknown",
				"texture_width": 96,
				"texture_height": 96,
				"visible_bounds_width": 4,
				"visible_bounds_height": 3.5,
				"visible_bounds_offset": [0, 1.25, 0]
			},
			"bones": [
				{
					"name": "bipedHead",
					"pivot": [0, 24, 0]
				},
				{
					"name": "armorHead",
					"parent": "bipedHead",
					"pivot": [0, 24, 0],
					"cubes": [
						{
							"origin": [-4, 24, -4],
							"size": [8, 8, 8],
							"inflate": 1,
							"uv": {
								"north": {"uv": [8, 8], "uv_size": [8, 8]},
								"east": {"uv": [0, 8], "uv_size": [8, 8]},
								"south": {"uv": [24, 8], "uv_size": [8, 8]},
								"west": {"uv": [16, 8], "uv_size": [8, 8]},
								"up": {"uv": [8, 1], "uv_size": [8, 7]},
								"down": {"uv": [28, 8], "uv_size": [8, -8]}
							}
						}
					]
				},
				{
					"name": "hood",
					"parent": "armorHead",
					"pivot": [4, 29, 4.5],
					"rotation": [-20, 0, 0],
					"cubes": [
						{
							"origin": [-4, 29.94, 4.58],
							"size": [8, 2, 2],
							"inflate": 0.99,
							"uv": {
								"north": {"uv": [26, 10], "uv_size": [8, 2]},
								"east": {"uv": [24, 12], "uv_size": [2, -2]},
								"south": {"uv": [36, 10], "uv_size": [8, 2]},
								"west": {"uv": [36, 12], "uv_size": [-2, -2]},
								"up": {"uv": [26, 10], "uv_size": [8, -2]},
								"down": {"uv": [34, 10], "uv_size": [8, -2]}
							}
						}
					]
				},
				{
					"name": "bipedBody",
					"pivot": [0, 24, 0]
				},
				{
					"name": "armorBody",
					"parent": "bipedBody",
					"pivot": [0, 24, 0],
					"cubes": [
						{
							"origin": [-4, 6, -2],
							"size": [8, 18, 4],
							"inflate": 1,
							"pivot": [0, 27, 0],
							"rotation": [-2.5, 0, 0],
							"uv": {
								"north": {"uv": [21, 20], "uv_size": [8, 18]},
								"east": {"uv": [16, 20], "uv_size": [5, 18]},
								"south": {"uv": [34, 20], "uv_size": [8, 15]},
								"west": {"uv": [29, 20], "uv_size": [5, 18]},
								"up": {"uv": [21, 16], "uv_size": [8, 4]},
								"down": {"uv": [29, 20], "uv_size": [8, -4]}
							}
						},
						{
							"origin": [-4, 6, -3.2],
							"size": [8, 16, 4],
							"inflate": 0.99,
							"pivot": [0, 27, 0],
							"rotation": [10, 0, 0],
							"uv": {
								"east": {"uv": [60, 21], "uv_size": [5, 17]},
								"south": {"uv": [72, 21], "uv_size": [8, 17]},
								"west": {"uv": [67, 21], "uv_size": [5, 17]}
							}
						},
						{
							"origin": [-4, 14, -2],
							"size": [8, 10, 4],
							"inflate": 0.6,
							"uv": {
								"north": {"uv": [20, 52], "uv_size": [8, 10]},
								"east": {"uv": [16, 52], "uv_size": [4, 10]},
								"south": {"uv": [32, 52], "uv_size": [8, 10]},
								"west": {"uv": [28, 52], "uv_size": [4, 10]},
								"up": {"uv": [20, 48], "uv_size": [8, 4]},
								"down": {"uv": [28, 52], "uv_size": [8, -4]}
							}
						},
						{"origin": [-8.42821, 9.62192, -3], "size": [4, 4, 4], "pivot": [-7.8, 12, 1], "rotation": [0, 0, 20], "uv": [48, 7]},
						{"origin": [-7.42821, 13.62192, -2], "size": [2, 2, 2], "pivot": [-7.8, 12, 1], "rotation": [0, 0, 20], "uv": [56, 3]},
						{"origin": [-3.7, 11.3, 4], "size": [4, 5, 2], "pivot": [-2.7, 14.3, 5], "rotation": [10, 0, 0], "uv": [2, 37]},
						{"origin": [-8.7, 10, -2.5], "size": [3, 3, 3], "pivot": [-7.7, 10, -0.5], "rotation": [0, 0, 20], "uv": [16, 0]},
						{
							"origin": [3.89666, 14.18853, -2.3],
							"size": [5.5, 1.5, 1.5],
							"pivot": [6.87496, 13.85022, -1.55],
							"rotation": [1.39731, 16.75974, -89.47098],
							"uv": {
								"north": {"uv": [89, 62], "uv_size": [7, 2]},
								"east": {"uv": [95, 53], "uv_size": [1, 1]},
								"south": {"uv": [89, 50], "uv_size": [7, 2]},
								"west": {"uv": [92, 56], "uv_size": [1, 1]},
								"up": {"uv": [96, 56], "uv_size": [7, 2]},
								"down": {"uv": [59, 42], "uv_size": [7, -2]}
							}
						},
						{
							"origin": [3.89666, 14.18853, 0.7],
							"size": [5.5, 1.5, 1.5],
							"pivot": [6.87496, 13.85022, 1.45],
							"rotation": [1.39731, 16.75974, -89.47098],
							"uv": {
								"north": {"uv": [89, 62], "uv_size": [7, 2]},
								"east": {"uv": [95, 53], "uv_size": [1, 1]},
								"south": {"uv": [89, 50], "uv_size": [7, 2]},
								"west": {"uv": [95, 53], "uv_size": [1, 1]},
								"up": {"uv": [96, 56], "uv_size": [7, 2]},
								"down": {"uv": [59, 42], "uv_size": [7, -2]}
							}
						}
					]
				},
				{
					"name": "armorLeggingTorsoLayer",
					"parent": "bipedBody",
					"pivot": [0, 24, 0],
					"cubes": [
						{
							"origin": [-4, 12, -2],
							"size": [8, 1, 4],
							"inflate": 0.55,
							"uv": {
								"north": {"uv": [20, 62], "uv_size": [8, 2]},
								"east": {"uv": [16, 62], "uv_size": [4, 2]},
								"south": {"uv": [32, 62], "uv_size": [8, 2]},
								"west": {"uv": [28, 62], "uv_size": [4, 2]}
							}
						}
					]
				},
				{
					"name": "bipedRightArm",
					"pivot": [-4, 22, 0]
				},
				{
					"name": "armorRightArm",
					"parent": "bipedRightArm",
					"pivot": [-4, 22, 0],
					"cubes": [
						{"origin": [-8.4, 12, -2], "size": [4, 12, 4], "inflate": 0.4, "uv": [71, 3]},
						{"origin": [-8.4, 12, -2], "size": [4, 12, 4], "inflate": 0.75, "uv": [42, 28]}
					]
				},
				{
					"name": "bipedLeftArm",
					"pivot": [4, 22, 0]
				},
				{
					"name": "armorLeftArm",
					"parent": "bipedLeftArm",
					"pivot": [4, 22, 0],
					"cubes": [
						{"origin": [4.4, 12, -2], "size": [4, 12, 4], "inflate": 0.4, "uv": [71, 3], "mirror": true},
						{"origin": [4.4, 12, -2], "size": [4, 12, 4], "inflate": 0.75, "uv": [42, 28], "mirror": true}
					]
				},
				{
					"name": "bipedLeftLeg",
					"pivot": [2, 12, 0]
				},
				{
					"name": "armorLeftLeg",
					"parent": "bipedLeftLeg",
					"pivot": [2, 12, 0],
					"cubes": [
						{
							"origin": [0, 0, -2],
							"size": [4, 12, 4],
							"inflate": 0.5,
							"uv": {
								"north": {"uv": [8, 52], "uv_size": [-4, 12]},
								"east": {"uv": [12, 52], "uv_size": [-4, 12]},
								"south": {"uv": [16, 52], "uv_size": [-4, 12]},
								"west": {"uv": [4, 52], "uv_size": [-4, 12]},
								"up": {"uv": [8, 48], "uv_size": [-4, 4]},
								"down": {"uv": [12, 52], "uv_size": [-4, -4]}
							}
						}
					]
				},
				{
					"name": "armorLeftBoot",
					"parent": "bipedLeftLeg",
					"pivot": [2, 12, 0],
					"cubes": [
						{
							"origin": [0, 0, -2],
							"size": [4, 12, 4],
							"inflate": 1,
							"uv": {
								"north": {"uv": [8, 20], "uv_size": [-4, 12]},
								"east": {"uv": [0, 20], "uv_size": [4, 12]},
								"south": {"uv": [12, 20], "uv_size": [4, 12]},
								"west": {"uv": [8, 20], "uv_size": [4, 12]},
								"up": {"uv": [4, 16], "uv_size": [4, 4]},
								"down": {"uv": [8, 20], "uv_size": [4, -4]}
							}
						}
					]
				},
				{
					"name": "bipedRightLeg",
					"pivot": [-2, 12, 0]
				},
				{
					"name": "armorRightLeg",
					"parent": "bipedRightLeg",
					"pivot": [-2, 12, 0],
					"cubes": [
						{
							"origin": [-4, 0, -2],
							"size": [4, 12, 4],
							"inflate": 0.5,
							"uv": {
								"north": {"uv": [4, 52], "uv_size": [4, 12]},
								"east": {"uv": [0, 52], "uv_size": [4, 12]},
								"south": {"uv": [12, 52], "uv_size": [4, 12]},
								"west": {"uv": [8, 52], "uv_size": [4, 12]},
								"up": {"uv": [4, 48], "uv_size": [4, 4]},
								"down": {"uv": [8, 52], "uv_size": [4, -4]}
							}
						}
					]
				},
				{
					"name": "armorRightBoot",
					"parent": "bipedRightLeg",
					"pivot": [-2, 12, 0],
					"cubes": [
						{
							"origin": [-4, 0, -2],
							"size": [4, 12, 4],
							"inflate": 1,
							"uv": {
								"north": {"uv": [4, 20], "uv_size": [4, 12]},
								"east": {"uv": [0, 20], "uv_size": [4, 12]},
								"south": {"uv": [12, 20], "uv_size": [4, 12]},
								"west": {"uv": [8, 20], "uv_size": [4, 12]},
								"up": {"uv": [4, 16], "uv_size": [4, 4]},
								"down": {"uv": [8, 20], "uv_size": [4, -4]}
							}
						}
					]
				}
			]
		}
	]
}