{
	"credit": "Made with Blockbench",
	"parent": "musketmod:item/musket",
	"textures": {
		"1": "musketmod:item/blunderbuss"
	},
	"elements": [
		{
			"from": [1, 13, 7.5],
			"to": [2, 14, 8.5],
			"faces": {
				"north": {"uv": [2, 2, 1, 3], "texture": "#1"},
				"east": {"uv": [1, 2, 2, 3], "texture": "#1"},
				"south": {"uv": [1, 2, 2, 3], "texture": "#1"},
				"west": {"uv": [1, 2, 2, 3], "texture": "#1"},
				"up": {"uv": [1, 2, 2, 3], "texture": "#1"},
				"down": {"uv": [1, 2, 2, 3], "texture": "#1"}
			}
		},
		{
			"from": [2, 11, 7.5],
			"to": [3, 15, 8.5],
			"faces": {
				"north": {"uv": [3, 1, 2, 5], "texture": "#1"},
				"east": {"uv": [2, 1, 3, 5], "texture": "#1"},
				"south": {"uv": [2, 1, 3, 5], "texture": "#1"},
				"west": {"uv": [2, 1, 3, 5], "texture": "#1"},
				"up": {"uv": [2, 1, 3, 2], "texture": "#1"},
				"down": {"uv": [2, 4, 3, 5], "texture": "#1"}
			}
		},
		{
			"from": [3, 10, 7.5],
			"to": [4, 14, 8.5],
			"faces": {
				"north": {"uv": [4, 2, 3, 6], "texture": "#1"},
				"east": {"uv": [3, 2, 4, 6], "texture": "#1"},
				"south": {"uv": [3, 2, 4, 6], "texture": "#1"},
				"west": {"uv": [3, 2, 4, 6], "texture": "#1"},
				"up": {"uv": [3, 2, 4, 3], "texture": "#1"},
				"down": {"uv": [3, 5, 4, 6], "texture": "#1"}
			}
		},
		{
			"from": [4, 9, 7.5],
			"to": [5, 13, 8.5],
			"faces": {
				"north": {"uv": [5, 3, 4, 7], "texture": "#1"},
				"east": {"uv": [4, 3, 5, 7], "texture": "#1"},
				"south": {"uv": [4, 3, 5, 7], "texture": "#1"},
				"west": {"uv": [4, 3, 5, 7], "texture": "#1"},
				"up": {"uv": [4, 3, 5, 4], "texture": "#1"},
				"down": {"uv": [4, 6, 5, 7], "texture": "#1"}
			}
		},
		{
			"from": [5, 8, 7.5],
			"to": [6, 12, 8.5],
			"faces": {
				"north": {"uv": [6, 4, 5, 8], "texture": "#1"},
				"east": {"uv": [5, 4, 6, 8], "texture": "#1"},
				"south": {"uv": [5, 4, 6, 8], "texture": "#1"},
				"west": {"uv": [5, 4, 6, 8], "texture": "#1"},
				"up": {"uv": [5, 4, 6, 5], "texture": "#1"},
				"down": {"uv": [5, 7, 6, 8], "texture": "#1"}
			}
		},
		{
			"from": [6, 7, 7.5],
			"to": [7, 11, 8.5],
			"faces": {
				"north": {"uv": [7, 5, 6, 9], "texture": "#1"},
				"east": {"uv": [6, 5, 7, 9], "texture": "#1"},
				"south": {"uv": [6, 5, 7, 9], "texture": "#1"},
				"west": {"uv": [6, 5, 7, 9], "texture": "#1"},
				"up": {"uv": [6, 5, 7, 6], "texture": "#1"},
				"down": {"uv": [6, 8, 7, 9], "texture": "#1"}
			}
		},
		{
			"from": [7, 5, 7.5],
			"to": [8, 10, 8.5],
			"faces": {
				"north": {"uv": [8, 6, 7, 11], "texture": "#1"},
				"east": {"uv": [7, 6, 8, 11], "texture": "#1"},
				"south": {"uv": [7, 6, 8, 11], "texture": "#1"},
				"west": {"uv": [7, 6, 8, 11], "texture": "#1"},
				"up": {"uv": [7, 6, 8, 7], "texture": "#1"},
				"down": {"uv": [7, 10, 8, 11], "texture": "#1"}
			}
		},
		{
			"from": [8, 3, 7.5],
			"to": [9, 9, 8.5],
			"faces": {
				"north": {"uv": [9, 7, 8, 13], "texture": "#1"},
				"east": {"uv": [8, 7, 9, 13], "texture": "#1"},
				"south": {"uv": [8, 7, 9, 13], "texture": "#1"},
				"west": {"uv": [8, 7, 9, 13], "texture": "#1"},
				"up": {"uv": [8, 7, 9, 8], "texture": "#1"},
				"down": {"uv": [8, 12, 9, 13], "texture": "#1"}
			}
		},
		{
			"from": [9, 1, 7.5],
			"to": [10, 8, 8.5],
			"faces": {
				"north": {"uv": [10, 8, 9, 15], "texture": "#1"},
				"east": {"uv": [9, 8, 10, 15], "texture": "#1"},
				"south": {"uv": [9, 8, 10, 15], "texture": "#1"},
				"west": {"uv": [9, 8, 10, 15], "texture": "#1"},
				"up": {"uv": [9, 8, 10, 9], "texture": "#1"},
				"down": {"uv": [9, 14, 10, 15], "texture": "#1"}
			}
		},
		{
			"from": [10, 0, 7.5],
			"to": [11, 6, 8.5],
			"faces": {
				"north": {"uv": [11, 10, 10, 16], "texture": "#1"},
				"east": {"uv": [10, 10, 11, 16], "texture": "#1"},
				"south": {"uv": [10, 10, 11, 16], "texture": "#1"},
				"west": {"uv": [10, 10, 11, 16], "texture": "#1"},
				"up": {"uv": [10, 10, 11, 11], "texture": "#1"},
				"down": {"uv": [10, 15, 11, 16], "texture": "#1"}
			}
		},
		{
			"from": [11, 0, 7.5],
			"to": [12, 5, 8.5],
			"faces": {
				"north": {"uv": [12, 11, 11, 16], "texture": "#1"},
				"east": {"uv": [11, 11, 12, 16], "texture": "#1"},
				"south": {"uv": [11, 11, 12, 16], "texture": "#1"},
				"west": {"uv": [11, 11, 12, 16], "texture": "#1"},
				"up": {"uv": [11, 11, 12, 12], "texture": "#1"},
				"down": {"uv": [11, 15, 12, 16], "texture": "#1"}
			}
		},
		{
			"from": [12, 1, 7.5],
			"to": [13, 4, 8.5],
			"faces": {
				"north": {"uv": [13, 12, 12, 15], "texture": "#1"},
				"east": {"uv": [12, 12, 13, 15], "texture": "#1"},
				"south": {"uv": [12, 12, 13, 15], "texture": "#1"},
				"west": {"uv": [12, 12, 13, 15], "texture": "#1"},
				"up": {"uv": [12, 12, 13, 13], "texture": "#1"},
				"down": {"uv": [12, 14, 13, 15], "texture": "#1"}
			}
		},
		{
			"from": [13, 2, 7.5],
			"to": [14, 3, 8.5],
			"faces": {
				"north": {"uv": [14, 13, 13, 14], "texture": "#1"},
				"east": {"uv": [13, 13, 14, 14], "texture": "#1"},
				"south": {"uv": [13, 13, 14, 14], "texture": "#1"},
				"west": {"uv": [13, 13, 14, 14], "texture": "#1"},
				"up": {"uv": [13, 13, 14, 14], "texture": "#1"},
				"down": {"uv": [13, 13, 14, 14], "texture": "#1"}
			}
		},
		{
			"from": [5, 5.8, 7.7],
			"to": [5.8, 8, 8.3],
			"faces": {
				"north": {"uv": [5, 8, 6, 10], "texture": "#1"},
				"east": {"uv": [5, 8, 6, 10], "texture": "#1"},
				"south": {"uv": [5, 8, 6, 10], "texture": "#1"},
				"west": {"uv": [5, 8, 6, 10], "texture": "#1"},
				"up": {"uv": [5, 8, 6, 9], "texture": "#1"},
				"down": {"uv": [5, 9, 6, 10], "texture": "#1"}
			}
		},
		{
			"from": [5.8, 5, 7.7],
			"to": [7, 5.8, 8.3],
			"faces": {
				"north": {"uv": [6, 10, 7, 11], "texture": "#1"},
				"east": {"uv": [6, 10, 7, 11], "texture": "#1"},
				"south": {"uv": [6, 10, 7, 11], "texture": "#1"},
				"west": {"uv": [6, 10, 7, 11], "texture": "#1"},
				"up": {"uv": [6, 10, 7, 11], "texture": "#1"},
				"down": {"uv": [6, 10, 7, 11], "texture": "#1"}
			}
		},
		{
			"from": [9.1, 7.1, 6.7],
			"to": [9.9, 8.9, 7.5],
			"rotation": {"angle": 22.5, "axis": "z", "origin": [9.5, 7.5, 8]},
			"faces": {
				"north": {"uv": [11, 8, 10, 9], "rotation": 90, "texture": "#1"},
				"east": {"uv": [10, 8, 11, 9], "rotation": 270, "texture": "#1"},
				"south": {"uv": [10, 8, 11, 9], "rotation": 270, "texture": "#1"},
				"west": {"uv": [10, 8, 11, 9], "rotation": 270, "texture": "#1"},
				"up": {"uv": [10, 8, 11, 9], "rotation": 270, "texture": "#1"},
				"down": {"uv": [10, 8, 11, 9], "rotation": 270, "texture": "#1"}
			}
		},
		{
			"from": [8.3, 8.1, 6.7],
			"to": [9.1, 8.9, 7.5],
			"rotation": {"angle": 22.5, "axis": "z", "origin": [9.5, 7.5, 8]},
			"faces": {
				"north": {"uv": [11, 7, 10, 8], "rotation": 90, "texture": "#1"},
				"east": {"uv": [10, 7, 11, 8], "rotation": 270, "texture": "#1"},
				"south": {"uv": [10, 7, 11, 8], "rotation": 270, "texture": "#1"},
				"west": {"uv": [10, 7, 11, 8], "rotation": 270, "texture": "#1"},
				"up": {"uv": [10, 7, 11, 8], "rotation": 270, "texture": "#1"},
				"down": {"uv": [10, 7, 11, 8], "rotation": 270, "texture": "#1"}
			}
		}
	],
	"gui_light": "front",
	"overrides": [
		{"predicate": {"musketmod:loaded": 1}, "model": "musketmod:item/blunderbuss_loaded"},
		{"predicate": {"musketmod:loading": 1}, "model": "musketmod:item/blunderbuss_loading"},
		{"predicate": {"musketmod:loading": 1, "musketmod:loaded": 1}, "model": "musketmod:item/blunderbuss_loading_loaded"},
		{"predicate": {"musketmod:aiming": 1}, "model": "musketmod:item/blunderbuss_aiming"},
		{"predicate": {"musketmod:aiming": 1, "musketmod:loaded": 1}, "model": "musketmod:item/blunderbuss_aiming_loaded"}
	],
	"display": {
		"thirdperson_righthand": {
			"rotation": [34.75, -90, 0],
			"translation": [0, 2, 1]
		},
		"thirdperson_lefthand": {
			"rotation": [117.95, -85.26, 64.6],
			"translation": [0.25, 2.25, 9]
		},
		"firstperson_righthand": {
			"rotation": [0, -90, 45],
			"translation": [0, 0.48, -0.96],
			"scale": [0.68, 0.68, 0.68]
		},
		"firstperson_lefthand": {
			"rotation": [-124, -92, -45],
			"translation": [0, 3, -2.25],
			"scale": [0.68, 0.68, 0.68]
		},
		"head": {
			"rotation": [0, 0, 180],
			"translation": [-1, 5, 0]
		}
	}
}