{
    "frontDepth": 1,
    "slots": [ {
        "statusAreaFrom": [ 0, 8 ],
        "statusAreaTo": [ 8, 16 ],
        "statusActiveFrom": [ 2.25, 9 ],
        "statusActiveTo": [ 5.75, 10 ],
        "statusActiveSteps": [ 14, 0 ],
        "labelAreaFrom": [ 2.25, 9 ],
        "labelAreaTo": [ 5.75, 10 ],
        "slotAreaFrom": [ 0, 8 ],
        "slotAreaTo": [ 8, 16 ],
        "iconSize": [ 2, 2 ],
        "textures": {
            "level1Off": "storagedrawers:block/indicator/indicator_4_off",
            "level1On": "storagedrawers:block/indicator/indicator_4_on",
            "level2Off": "storagedrawers:block/indicator/indicator_4_off",
            "level2On": "storagedrawers:block/indicator/indicator_4_on"
        }
    }, {
        "statusAreaFrom": [ 0, 0 ],
        "statusAreaTo": [ 8, 8 ],
        "statusActiveFrom": [ 2.25, 1 ],
        "statusActiveTo": [ 5.75, 2 ],
        "statusActiveSteps": [ 14, 0 ],
        "labelAreaFrom": [ 2.25, 1 ],
        "labelAreaTo": [ 5.75, 2 ],
        "slotAreaFrom": [ 0, 0 ],
        "slotAreaTo": [ 8, 8 ],
        "iconSize": [ 2, 2 ],
        "textures": {
            "level1Off": "storagedrawers:block/indicator/indicator_4_off",
            "level1On": "storagedrawers:block/indicator/indicator_4_on",
            "level2Off": "storagedrawers:block/indicator/indicator_4_off",
            "level2On": "storagedrawers:block/indicator/indicator_4_on"
        }
    }, {
        "statusAreaFrom": [ 8, 8 ],
        "statusAreaTo": [ 16, 16 ],
        "statusActiveFrom": [ 10.25, 9 ],
        "statusActiveTo": [ 13.75, 10 ],
        "statusActiveSteps": [ 14, 0 ],
        "labelAreaFrom": [ 10.25, 9 ],
        "labelAreaTo": [ 13.75, 10 ],
        "slotAreaFrom": [ 8, 8 ],
        "slotAreaTo": [ 16, 16 ],
        "iconSize": [ 2, 2 ],
        "textures": {
            "level1Off": "storagedrawers:block/indicator/indicator_4_off",
            "level1On": "storagedrawers:block/indicator/indicator_4_on",
            "level2Off": "storagedrawers:block/indicator/indicator_4_off",
            "level2On": "storagedrawers:block/indicator/indicator_4_on"
        }
    }, {
        "statusAreaFrom": [ 8, 0 ],
        "statusAreaTo": [ 16, 8 ],
        "statusActiveFrom": [ 10.25, 1 ],
        "statusActiveTo": [ 13.75, 2 ],
        "statusActiveSteps": [ 14, 0 ],
        "labelAreaFrom": [ 10.25, 1 ],
        "labelAreaTo": [ 13.75, 2 ],
        "slotAreaFrom": [ 8, 0 ],
        "slotAreaTo": [ 16, 8 ],
        "iconSize": [ 2, 2 ],
        "textures": {
            "level1Off": "storagedrawers:block/indicator/indicator_4_off",
            "level1On": "storagedrawers:block/indicator/indicator_4_on",
            "level2Off": "storagedrawers:block/indicator/indicator_4_off",
            "level2On": "storagedrawers:block/indicator/indicator_4_on"
        }
    } ]
}