{
    "frontDepth": 1,
    "slots": [ {
        "statusAreaFrom": [ 6, 0 ],
        "statusAreaTo": [ 10, 8 ],
        "statusActiveFrom": [ 7, 1 ],
        "statusActiveTo": [ 9, 7 ],
        "statusActiveSteps": [ 0, 12 ],
        "labelAreaFrom": [ 6.25, 8 ],
        "labelAreaTo": [ 9.75, 9 ],
        "slotAreaFrom": [ 0, 8 ],
        "slotAreaTo": [ 16, 15 ],
        "iconAreaFrom": [ 0, 7 ],
        "iconAreaTo": [ 16, 16 ],
        "iconSize": [ 2, 2 ],
        "textures": {
            "level1Off": "storagedrawers:block/indicator/indicator_comp_off",
            "level1On": "storagedrawers:block/indicator/indicator_comp_on",
            "level2Off": "storagedrawers:block/indicator/indicator_comp_off",
            "level2On": "storagedrawers:block/indicator/indicator_comp_on"
        }
    }, {
        "statusAreaFrom": [ 0, 0 ],
        "statusAreaTo": [ 8, 8 ],
        "labelAreaFrom": [ 2.25, 1 ],
        "labelAreaTo": [ 5.75, 2 ],
        "iconSize": [ 2, 2 ]
    }, {
        "statusAreaFrom": [ 8, 0 ],
        "statusAreaTo": [ 16, 8 ],
        "labelAreaFrom": [ 10.25, 1 ],
        "labelAreaTo": [ 13.75, 2 ],
        "iconSize": [ 2, 2 ]
    } ]
}