{
  "type": "minecraft:block",
  "functions": [
    {
      "function": "minecraft:explosion_decay"
    }
  ],
  "pools": [
    {
      "bonus_rolls": 0.0,
      "entries": [
        {
          "type": "minecraft:alternatives",
          "children": [
            {
              "type": "minecraft:item",
              "conditions": [
                {
                  "block": "doggytalents:rice_crop",
                  "condition": "minecraft:block_state_property",
                  "properties": {
                    "age": "7"
                  }
                }
              ],
              "functions": [
                {
                  "add": false,
                  "count": {
                    "type": "minecraft:uniform",
                    "max": 1.0,
                    "min": 1.0
                  },
                  "function": "minecraft:set_count"
                }
              ],
              "name": "doggytalents:rice_wheat"
            },
            {
              "type": "minecraft:item",
              "name": "doggytalents:rice_grains"
            }
          ]
        }
      ],
      "rolls": 1.0
    },
    {
      "bonus_rolls": 0.0,
      "conditions": [
        {
          "condition": "minecraft:all_of",
          "terms": [
            {
              "chance": 0.05,
              "condition": "minecraft:random_chance"
            },
            {
              "block": "doggytalents:rice_crop",
              "condition": "minecraft:block_state_property",
              "properties": {
                "age": "7"
              }
            }
          ]
        }
      ],
      "entries": [
        {
          "type": "minecraft:item",
          "name": "doggytalents:koji"
        }
      ],
      "functions": [
        {
          "enchantment": "minecraft:fortune",
          "formula": "minecraft:binomial_with_bonus_count",
          "function": "minecraft:apply_bonus",
          "parameters": {
            "extra": 3,
            "probability": 0.5714286
          }
        }
      ],
      "rolls": 1.0
    }
  ],
  "random_sequence": "doggytalents:blocks/rice_crop"
}