{
	"format_version": "1.21.6",
	"credit": "Made with Blockbench",
	"parent": "block/cross",
	"textures": {
		"cross": "culturaldelights:block/corn_supporting"
	},
	"elements": [
		{
			"from": [8, 0, 0.8],
			"to": [8, 16, 15.2],
			"shade": false,
			"rotation": {"angle": 45, "axis": "y", "origin": [8, 8, 8], "rescale": true},
			"faces": {
				"north": {"uv": [0, 0, 0, 0], "texture": "#cross"},
				"east": {"uv": [0, 0, 16, 16], "texture": "#cross"},
				"south": {"uv": [0, 0, 0, 0], "texture": "#cross"},
				"west": {"uv": [0, 0, 16, 16], "texture": "#cross"},
				"up": {"uv": [0, 0, 0, 0], "texture": "#cross"},
				"down": {"uv": [0, 0, 0, 0], "texture": "#cross"}
			}
		},
		{
			"from": [0.8, 0, 8],
			"to": [15.2, 16, 8],
			"shade": false,
			"rotation": {"angle": 45, "axis": "y", "origin": [8, 8, 8], "rescale": true},
			"faces": {
				"north": {"uv": [0, 0, 16, 16], "texture": "#cross"},
				"east": {"uv": [0, 0, 0, 0], "texture": "#cross"},
				"south": {"uv": [0, 0, 16, 16], "texture": "#cross"},
				"west": {"uv": [0, 0, 0, 0], "texture": "#cross"},
				"up": {"uv": [0, 0, 0, 0], "texture": "#cross"},
				"down": {"uv": [0, 0, 0, 0], "texture": "#cross"}
			}
		},
		{
			"from": [7, 0, 7],
			"to": [9, 16, 9],
			"rotation": {"angle": 0, "axis": "y", "origin": [7, 0, 7]},
			"faces": {
				"north": {"uv": [7, 0, 9, 16], "texture": "#cross"},
				"east": {"uv": [7, 0, 9, 16], "texture": "#cross"},
				"south": {"uv": [7, 0, 9, 16], "texture": "#cross"},
				"west": {"uv": [7, 0, 9, 16], "texture": "#cross"},
				"up": {"uv": [7, 11, 9, 13], "texture": "#cross"},
				"down": {"uv": [7, 11, 9, 13], "texture": "#cross"}
			}
		},
		{
			"from": [7, -1, 7],
			"to": [9, 0, 9],
			"rotation": {"angle": 0, "axis": "y", "origin": [7, -1, 7]},
			"faces": {
				"north": {"uv": [7, 0, 9, 1], "texture": "#cross"},
				"east": {"uv": [7, 0, 9, 1], "texture": "#cross"},
				"south": {"uv": [7, 0, 9, 1], "texture": "#cross"},
				"west": {"uv": [7, 0, 9, 1], "texture": "#cross"},
				"up": {"uv": [7, 0, 9, 2], "texture": "#cross"},
				"down": {"uv": [7, 0, 9, 2], "texture": "#cross"}
			}
		}
	]
}