{
	"credit": "Made with Blockbench",
	"parent": "minecraft:block/cross",
	"textures": {
		"1": "culturaldelights:block/corn",
		"cross": "culturaldelights:block/corn_upper_stage2",
		"particle": "culturaldelights:block/corn"
	},
	"elements": [
		{
			"from": [8, 0, 0.8],
			"to": [8, 16, 15.2],
			"shade": false,
			"rotation": {"angle": 45, "axis": "y", "origin": [8, 8, 8], "rescale": true},
			"faces": {
				"north": {"uv": [0, 0, 0, 0], "texture": "#cross"},
				"east": {"uv": [0, 0, 16, 16], "texture": "#cross"},
				"south": {"uv": [0, 0, 0, 0], "texture": "#cross"},
				"west": {"uv": [0, 0, 16, 16], "texture": "#cross"},
				"up": {"uv": [0, 0, 0, 0], "texture": "#cross"},
				"down": {"uv": [0, 0, 0, 0], "texture": "#cross"}
			}
		},
		{
			"from": [0.8, 0, 8],
			"to": [15.2, 16, 8],
			"shade": false,
			"rotation": {"angle": 45, "axis": "y", "origin": [8, 8, 8], "rescale": true},
			"faces": {
				"north": {"uv": [0, 0, 16, 16], "texture": "#cross"},
				"east": {"uv": [0, 0, 0, 0], "texture": "#cross"},
				"south": {"uv": [0, 0, 16, 16], "texture": "#cross"},
				"west": {"uv": [0, 0, 0, 0], "texture": "#cross"},
				"up": {"uv": [0, 0, 0, 0], "texture": "#cross"},
				"down": {"uv": [0, 0, 0, 0], "texture": "#cross"}
			}
		},
		{
			"from": [7, 0, 7],
			"to": [9, 8, 9],
			"rotation": {"angle": 0, "axis": "y", "origin": [7, 0, 7]},
			"faces": {
				"north": {"uv": [7, 8, 9, 16], "texture": "#cross"},
				"east": {"uv": [7, 8, 9, 16], "texture": "#cross"},
				"south": {"uv": [7, 8, 9, 16], "texture": "#cross"},
				"west": {"uv": [7, 8, 9, 16], "texture": "#cross"},
				"up": {"uv": [7, 8, 9, 10], "texture": "#cross"},
				"down": {"uv": [7, 8, 9, 10], "texture": "#cross"}
			}
		},
		{
			"from": [6.99, 0.8, 6],
			"to": [8.98, 6.8, 7.99],
			"rotation": {"angle": -22.5, "axis": "x", "origin": [10, 3, 7]},
			"faces": {
				"north": {"uv": [2, 0, 4, 5], "texture": "#1"},
				"east": {"uv": [0, 2, 2, 7], "texture": "#1"},
				"south": {"uv": [0, 1, 2, 6], "texture": "#1"},
				"west": {"uv": [4, 2, 6, 7], "texture": "#1"},
				"up": {"uv": [2, 3, 0, 1], "texture": "#1"},
				"down": {"uv": [6, 5, 4, 7], "texture": "#1"}
			}
		},
		{
			"from": [7.01, 2.8, 8],
			"to": [9.01, 8.8, 9.99],
			"rotation": {"angle": 22.5, "axis": "x", "origin": [10, 5, 9]},
			"faces": {
				"north": {"uv": [2, 0, 4, 5], "texture": "#1"},
				"east": {"uv": [4, 2, 6, 7], "texture": "#1"},
				"south": {"uv": [2, 1, 4, 6], "texture": "#1"},
				"west": {"uv": [0, 2, 2, 7], "texture": "#1"},
				"up": {"uv": [2, 3, 0, 1], "texture": "#1"},
				"down": {"uv": [6, 5, 4, 7], "texture": "#1"}
			}
		}
	]
}