{
	"credit": "Made with Blockbench",
	"parent": "minecraft:block/crop",
	"textures": {
		"crop": "culturaldelights:block/cucumbers_stage4"
	},
	"elements": [
		{
			"from": [3.5, -1, 7.5],
			"to": [4.5, 15, 7.5],
			"rotation": {"angle": 45, "axis": "y", "origin": [4, 7, 7.5]},
			"faces": {
				"north": {"uv": [7, 0, 8, 16], "texture": "#crop"},
				"east": {"uv": [7, 0, 7, 16], "texture": "#crop"},
				"south": {"uv": [7, 0, 8, 16], "texture": "#crop"},
				"west": {"uv": [7, 0, 7, 16], "texture": "#crop"},
				"up": {"uv": [7, 0, 8, 0], "texture": "#crop"},
				"down": {"uv": [7, 0, 8, 0], "texture": "#crop"}
			}
		},
		{
			"from": [3.5, -1, 7.5],
			"to": [4.5, 15, 7.5],
			"rotation": {"angle": -45, "axis": "y", "origin": [4, 7, 7.5]},
			"faces": {
				"north": {"uv": [7, 0, 8, 16], "texture": "#crop"},
				"east": {"uv": [7, 0, 7, 16], "texture": "#crop"},
				"south": {"uv": [7, 0, 8, 16], "texture": "#crop"},
				"west": {"uv": [7, 0, 7, 16], "texture": "#crop"},
				"up": {"uv": [7, 0, 8, 0], "texture": "#crop"},
				"down": {"uv": [7, 0, 8, 0], "texture": "#crop"}
			}
		},
		{
			"from": [11.5, -1, 8.5],
			"to": [12.5, 15, 8.5],
			"rotation": {"angle": 45, "axis": "y", "origin": [12, 7, 8.5]},
			"faces": {
				"north": {"uv": [7, 0, 8, 16], "texture": "#crop"},
				"east": {"uv": [7, 0, 7, 16], "texture": "#crop"},
				"south": {"uv": [7, 0, 8, 16], "texture": "#crop"},
				"west": {"uv": [7, 0, 7, 16], "texture": "#crop"},
				"up": {"uv": [7, 0, 8, 0], "texture": "#crop"},
				"down": {"uv": [7, 0, 8, 0], "texture": "#crop"}
			}
		},
		{
			"from": [11.5, -1, 8.5],
			"to": [12.5, 15, 8.5],
			"rotation": {"angle": -45, "axis": "y", "origin": [12, 7, 8.5]},
			"faces": {
				"north": {"uv": [7, 0, 8, 16], "texture": "#crop"},
				"east": {"uv": [7, 0, 7, 16], "texture": "#crop"},
				"south": {"uv": [7, 0, 8, 16], "texture": "#crop"},
				"west": {"uv": [7, 0, 7, 16], "texture": "#crop"},
				"up": {"uv": [7, 0, 8, 0], "texture": "#crop"},
				"down": {"uv": [7, 0, 8, 0], "texture": "#crop"}
			}
		},
		{
			"from": [7, -1, 12],
			"to": [8, 15, 12],
			"rotation": {"angle": 45, "axis": "y", "origin": [7.5, 7, 12]},
			"faces": {
				"north": {"uv": [7, 0, 8, 16], "texture": "#crop"},
				"east": {"uv": [7, 0, 7, 16], "texture": "#crop"},
				"south": {"uv": [7, 0, 8, 16], "texture": "#crop"},
				"west": {"uv": [7, 0, 7, 16], "texture": "#crop"},
				"up": {"uv": [7, 0, 8, 0], "texture": "#crop"},
				"down": {"uv": [7, 0, 8, 0], "texture": "#crop"}
			}
		},
		{
			"from": [7, -1, 12],
			"to": [8, 15, 12],
			"rotation": {"angle": -45, "axis": "y", "origin": [7.5, 7, 12]},
			"faces": {
				"north": {"uv": [7, 0, 8, 16], "texture": "#crop"},
				"east": {"uv": [7, 0, 7, 16], "texture": "#crop"},
				"south": {"uv": [7, 0, 8, 16], "texture": "#crop"},
				"west": {"uv": [7, 0, 7, 16], "texture": "#crop"},
				"up": {"uv": [7, 0, 8, 0], "texture": "#crop"},
				"down": {"uv": [7, 0, 8, 0], "texture": "#crop"}
			}
		},
		{
			"from": [8, -1, 4],
			"to": [9, 15, 4],
			"rotation": {"angle": 45, "axis": "y", "origin": [8.5, 7, 4]},
			"faces": {
				"north": {"uv": [7, 0, 8, 16], "texture": "#crop"},
				"east": {"uv": [7, 0, 7, 16], "texture": "#crop"},
				"south": {"uv": [7, 0, 8, 16], "texture": "#crop"},
				"west": {"uv": [7, 0, 7, 16], "texture": "#crop"},
				"up": {"uv": [7, 0, 8, 0], "texture": "#crop"},
				"down": {"uv": [7, 0, 8, 0], "texture": "#crop"}
			}
		},
		{
			"from": [8, -1, 4],
			"to": [9, 15, 4],
			"rotation": {"angle": -45, "axis": "y", "origin": [8.5, 7, 4]},
			"faces": {
				"north": {"uv": [7, 0, 8, 16], "texture": "#crop"},
				"east": {"uv": [7, 0, 7, 16], "texture": "#crop"},
				"south": {"uv": [7, 0, 8, 16], "texture": "#crop"},
				"west": {"uv": [7, 0, 7, 16], "texture": "#crop"},
				"up": {"uv": [7, 0, 8, 0], "texture": "#crop"},
				"down": {"uv": [7, 0, 8, 0], "texture": "#crop"}
			}
		},
		{
			"from": [2.5, 5, 7.5],
			"to": [5.5, 5, 13.5],
			"rotation": {"angle": -22.5, "axis": "x", "origin": [3.5, 5, 7.5]},
			"faces": {
				"north": {"uv": [8, 12, 8, 14], "rotation": 90, "texture": "#missing"},
				"east": {"uv": [8, 12, 8, 15], "rotation": 90, "texture": "#missing"},
				"south": {"uv": [8, 12, 8, 14], "rotation": 90, "texture": "#missing"},
				"west": {"uv": [8, 12, 8, 15], "rotation": 90, "texture": "#missing"},
				"up": {"uv": [9, 6, 15, 9], "rotation": 90, "texture": "#crop"},
				"down": {"uv": [15, 6, 9, 9], "rotation": 90, "texture": "#crop"}
			}
		},
		{
			"from": [3, 9, 7.5],
			"to": [5, 9, 13.5],
			"rotation": {"angle": -22.5, "axis": "x", "origin": [3, 9, 7.5]},
			"faces": {
				"north": {"uv": [8, 12, 8, 14], "rotation": 90, "texture": "#missing"},
				"east": {"uv": [8, 12, 8, 15], "rotation": 90, "texture": "#missing"},
				"south": {"uv": [8, 12, 8, 14], "rotation": 90, "texture": "#missing"},
				"west": {"uv": [8, 12, 8, 15], "rotation": 90, "texture": "#missing"},
				"up": {"uv": [9, 7, 15, 9], "rotation": 90, "texture": "#crop"},
				"down": {"uv": [15, 7, 9, 9], "rotation": 90, "texture": "#crop"}
			}
		},
		{
			"from": [2.5, 6, 1.5],
			"to": [5.5, 6, 7.5],
			"rotation": {"angle": 22.5, "axis": "x", "origin": [5.5, 6, 7.5]},
			"faces": {
				"north": {"uv": [8, 12, 8, 14], "rotation": 90, "texture": "#missing"},
				"east": {"uv": [8, 12, 8, 15], "rotation": 90, "texture": "#missing"},
				"south": {"uv": [8, 12, 8, 14], "rotation": 90, "texture": "#missing"},
				"west": {"uv": [8, 12, 8, 15], "rotation": 90, "texture": "#missing"},
				"up": {"uv": [15, 6, 9, 9], "rotation": 90, "texture": "#crop"},
				"down": {"uv": [9, 6, 15, 9], "rotation": 90, "texture": "#crop"}
			}
		},
		{
			"from": [7.5, 5, 10.5],
			"to": [13.5, 5, 13.5],
			"rotation": {"angle": 22.5, "axis": "z", "origin": [7.5, 5, 12.5]},
			"faces": {
				"north": {"uv": [8, 12, 8, 15], "rotation": 90, "texture": "#missing"},
				"east": {"uv": [8, 12, 8, 14], "rotation": 90, "texture": "#missing"},
				"south": {"uv": [8, 12, 8, 15], "rotation": 90, "texture": "#missing"},
				"west": {"uv": [8, 12, 8, 14], "rotation": 90, "texture": "#missing"},
				"up": {"uv": [9, 6, 15, 9], "texture": "#crop"},
				"down": {"uv": [15, 6, 9, 9], "rotation": 180, "texture": "#crop"}
			}
		},
		{
			"from": [7.5, 9, 11],
			"to": [13.5, 9, 13],
			"rotation": {"angle": 22.5, "axis": "z", "origin": [7.5, 9, 13]},
			"faces": {
				"north": {"uv": [8, 12, 8, 15], "rotation": 90, "texture": "#missing"},
				"east": {"uv": [8, 12, 8, 14], "rotation": 90, "texture": "#missing"},
				"south": {"uv": [8, 12, 8, 15], "rotation": 90, "texture": "#missing"},
				"west": {"uv": [8, 12, 8, 14], "rotation": 90, "texture": "#missing"},
				"up": {"uv": [9, 7, 15, 9], "texture": "#crop"},
				"down": {"uv": [15, 7, 9, 9], "rotation": 180, "texture": "#crop"}
			}
		},
		{
			"from": [1.5, 6, 10.5],
			"to": [7.5, 6, 13.5],
			"rotation": {"angle": -22.5, "axis": "z", "origin": [7.5, 6, 10.5]},
			"faces": {
				"north": {"uv": [8, 12, 8, 15], "rotation": 90, "texture": "#missing"},
				"east": {"uv": [8, 12, 8, 14], "rotation": 90, "texture": "#missing"},
				"south": {"uv": [8, 12, 8, 15], "rotation": 90, "texture": "#missing"},
				"west": {"uv": [8, 12, 8, 14], "rotation": 90, "texture": "#missing"},
				"up": {"uv": [15, 6, 9, 9], "texture": "#crop"},
				"down": {"uv": [9, 6, 15, 9], "rotation": 180, "texture": "#crop"}
			}
		},
		{
			"from": [2.5, 5, 2.5],
			"to": [8.5, 5, 5.5],
			"rotation": {"angle": -22.5, "axis": "z", "origin": [8.5, 5, 3.5]},
			"faces": {
				"north": {"uv": [8, 12, 8, 15], "rotation": 90, "texture": "#missing"},
				"east": {"uv": [8, 12, 8, 14], "rotation": 90, "texture": "#missing"},
				"south": {"uv": [8, 12, 8, 15], "rotation": 90, "texture": "#missing"},
				"west": {"uv": [8, 12, 8, 14], "rotation": 90, "texture": "#missing"},
				"up": {"uv": [9, 6, 15, 9], "rotation": 180, "texture": "#crop"},
				"down": {"uv": [15, 6, 9, 9], "texture": "#crop"}
			}
		},
		{
			"from": [2.5, 9, 3],
			"to": [8.5, 9, 5],
			"rotation": {"angle": -22.5, "axis": "z", "origin": [8.5, 9, 3]},
			"faces": {
				"north": {"uv": [8, 12, 8, 15], "rotation": 90, "texture": "#missing"},
				"east": {"uv": [8, 12, 8, 14], "rotation": 90, "texture": "#missing"},
				"south": {"uv": [8, 12, 8, 15], "rotation": 90, "texture": "#missing"},
				"west": {"uv": [8, 12, 8, 14], "rotation": 90, "texture": "#missing"},
				"up": {"uv": [9, 7, 15, 9], "rotation": 180, "texture": "#crop"},
				"down": {"uv": [15, 7, 9, 9], "texture": "#crop"}
			}
		},
		{
			"from": [8.5, 6, 2.5],
			"to": [14.5, 6, 5.5],
			"rotation": {"angle": 22.5, "axis": "z", "origin": [8.5, 6, 5.5]},
			"faces": {
				"north": {"uv": [8, 12, 8, 15], "rotation": 90, "texture": "#missing"},
				"east": {"uv": [8, 12, 8, 14], "rotation": 90, "texture": "#missing"},
				"south": {"uv": [8, 12, 8, 15], "rotation": 90, "texture": "#missing"},
				"west": {"uv": [8, 12, 8, 14], "rotation": 90, "texture": "#missing"},
				"up": {"uv": [15, 6, 9, 9], "rotation": 180, "texture": "#crop"},
				"down": {"uv": [9, 6, 15, 9], "texture": "#crop"}
			}
		},
		{
			"from": [10.5, 5, 2.5],
			"to": [13.5, 5, 8.5],
			"rotation": {"angle": 22.5, "axis": "x", "origin": [12.5, 5, 8.5]},
			"faces": {
				"north": {"uv": [8, 12, 8, 14], "rotation": 90, "texture": "#missing"},
				"east": {"uv": [8, 12, 8, 15], "rotation": 90, "texture": "#missing"},
				"south": {"uv": [8, 12, 8, 14], "rotation": 90, "texture": "#missing"},
				"west": {"uv": [8, 12, 8, 15], "rotation": 90, "texture": "#missing"},
				"up": {"uv": [9, 6, 15, 9], "rotation": 270, "texture": "#crop"},
				"down": {"uv": [15, 6, 9, 9], "rotation": 270, "texture": "#crop"}
			}
		},
		{
			"from": [10.5, 9, 2.5],
			"to": [12.5, 9, 8.5],
			"rotation": {"angle": 22.5, "axis": "x", "origin": [12.5, 9, 8.5]},
			"faces": {
				"north": {"uv": [8, 12, 8, 14], "rotation": 90, "texture": "#missing"},
				"east": {"uv": [8, 12, 8, 15], "rotation": 90, "texture": "#missing"},
				"south": {"uv": [8, 12, 8, 14], "rotation": 90, "texture": "#missing"},
				"west": {"uv": [8, 12, 8, 15], "rotation": 90, "texture": "#missing"},
				"up": {"uv": [9, 7, 15, 9], "rotation": 270, "texture": "#crop"},
				"down": {"uv": [15, 7, 9, 9], "rotation": 270, "texture": "#crop"}
			}
		},
		{
			"from": [10.5, 6, 8.5],
			"to": [13.5, 6, 14.5],
			"rotation": {"angle": -22.5, "axis": "x", "origin": [10.5, 6, 8.5]},
			"faces": {
				"north": {"uv": [8, 12, 8, 14], "rotation": 90, "texture": "#missing"},
				"east": {"uv": [8, 12, 8, 15], "rotation": 90, "texture": "#missing"},
				"south": {"uv": [8, 12, 8, 14], "rotation": 90, "texture": "#missing"},
				"west": {"uv": [8, 12, 8, 15], "rotation": 90, "texture": "#missing"},
				"up": {"uv": [15, 6, 9, 9], "rotation": 270, "texture": "#crop"},
				"down": {"uv": [9, 6, 15, 9], "rotation": 270, "texture": "#crop"}
			}
		},
		{
			"from": [3, -0.99, 2],
			"to": [6, -0.99, 4],
			"rotation": {"angle": 0, "axis": "y", "origin": [3, 0, 2]},
			"faces": {
				"north": {"uv": [0, 0, 3, 0], "texture": "#missing"},
				"east": {"uv": [0, 0, 2, 0], "texture": "#missing"},
				"south": {"uv": [0, 0, 3, 0], "texture": "#missing"},
				"west": {"uv": [0, 0, 2, 0], "texture": "#missing"},
				"up": {"uv": [14, 14, 11, 16], "texture": "#crop"},
				"down": {"uv": [14, 14, 11, 16], "texture": "#crop"}
			}
		},
		{
			"from": [12, -0.99, 3],
			"to": [14, -0.99, 6],
			"rotation": {"angle": 0, "axis": "y", "origin": [14, 0, 3]},
			"faces": {
				"north": {"uv": [0, 0, 2, 0], "texture": "#missing"},
				"east": {"uv": [0, 0, 3, 0], "texture": "#missing"},
				"south": {"uv": [0, 0, 2, 0], "texture": "#missing"},
				"west": {"uv": [0, 0, 3, 0], "texture": "#missing"},
				"up": {"uv": [14, 14, 11, 16], "rotation": 90, "texture": "#crop"},
				"down": {"uv": [14, 14, 11, 16], "rotation": 270, "texture": "#crop"}
			}
		},
		{
			"from": [10, -0.99, 12],
			"to": [13, -0.99, 14],
			"rotation": {"angle": 0, "axis": "y", "origin": [13, 0, 14]},
			"faces": {
				"north": {"uv": [0, 0, 3, 0], "texture": "#missing"},
				"east": {"uv": [0, 0, 2, 0], "texture": "#missing"},
				"south": {"uv": [0, 0, 3, 0], "texture": "#missing"},
				"west": {"uv": [0, 0, 2, 0], "texture": "#missing"},
				"up": {"uv": [14, 14, 11, 16], "rotation": 180, "texture": "#crop"},
				"down": {"uv": [14, 14, 11, 16], "rotation": 180, "texture": "#crop"}
			}
		},
		{
			"from": [2, -0.99, 10],
			"to": [4, -0.99, 13],
			"rotation": {"angle": 0, "axis": "y", "origin": [2, 0, 13]},
			"faces": {
				"north": {"uv": [0, 0, 2, 0], "texture": "#missing"},
				"east": {"uv": [0, 0, 3, 0], "texture": "#missing"},
				"south": {"uv": [0, 0, 2, 0], "texture": "#missing"},
				"west": {"uv": [0, 0, 3, 0], "texture": "#missing"},
				"up": {"uv": [14, 14, 11, 16], "rotation": 270, "texture": "#crop"},
				"down": {"uv": [14, 14, 11, 16], "rotation": 90, "texture": "#crop"}
			}
		},
		{
			"from": [4, 1, 5],
			"to": [4, 5, 10],
			"rotation": {"angle": 0, "axis": "y", "origin": [4, 1, 5]},
			"faces": {
				"north": {"uv": [5, 10, 5, 14], "texture": "#crop"},
				"east": {"uv": [10, 10, 5, 14], "texture": "#crop"},
				"south": {"uv": [5, 10, 5, 14], "texture": "#crop"},
				"west": {"uv": [5, 10, 10, 14], "texture": "#crop"},
				"up": {"uv": [5, 11, 5, 16], "texture": "#crop"},
				"down": {"uv": [5, 11, 5, 16], "texture": "#crop"}
			}
		},
		{
			"from": [3.5, 1, 9],
			"to": [4.5, 3, 10],
			"rotation": {"angle": 0, "axis": "y", "origin": [3.5, 1, 9]},
			"faces": {
				"north": {"uv": [9, 12, 10, 14], "texture": "#crop"},
				"east": {"uv": [10, 12, 9, 14], "texture": "#crop"},
				"south": {"uv": [9, 12, 10, 14], "texture": "#crop"},
				"west": {"uv": [9, 12, 10, 14], "texture": "#crop"},
				"up": {"uv": [9, 12, 10, 13], "texture": "#crop"},
				"down": {"uv": [9, 13, 10, 14], "texture": "#crop"}
			}
		},
		{
			"from": [3.5, 2, 5],
			"to": [4.5, 4, 6],
			"rotation": {"angle": 0, "axis": "y", "origin": [3.5, 2, 5]},
			"faces": {
				"north": {"uv": [9, 12, 10, 14], "texture": "#crop"},
				"east": {"uv": [10, 12, 9, 14], "texture": "#crop"},
				"south": {"uv": [9, 12, 10, 14], "texture": "#crop"},
				"west": {"uv": [9, 12, 10, 14], "texture": "#crop"},
				"up": {"uv": [9, 12, 10, 13], "texture": "#crop"},
				"down": {"uv": [9, 13, 10, 14], "texture": "#crop"}
			}
		},
		{
			"from": [5, 1, 12],
			"to": [10, 5, 12],
			"rotation": {"angle": 0, "axis": "y", "origin": [5, 1, 12]},
			"faces": {
				"north": {"uv": [10, 10, 5, 14], "texture": "#crop"},
				"east": {"uv": [5, 10, 5, 14], "texture": "#crop"},
				"south": {"uv": [5, 10, 10, 14], "texture": "#crop"},
				"west": {"uv": [5, 10, 5, 14], "texture": "#crop"},
				"up": {"uv": [5, 11, 5, 16], "rotation": 270, "texture": "#crop"},
				"down": {"uv": [5, 11, 5, 16], "rotation": 90, "texture": "#crop"}
			}
		},
		{
			"from": [9, 1, 11.5],
			"to": [10, 3, 12.5],
			"rotation": {"angle": 0, "axis": "y", "origin": [9, 1, 12.5]},
			"faces": {
				"north": {"uv": [9, 12, 10, 14], "texture": "#crop"},
				"east": {"uv": [9, 12, 10, 14], "texture": "#crop"},
				"south": {"uv": [9, 12, 10, 14], "texture": "#crop"},
				"west": {"uv": [9, 12, 10, 14], "texture": "#crop"},
				"up": {"uv": [9, 12, 10, 13], "rotation": 270, "texture": "#crop"},
				"down": {"uv": [9, 13, 10, 14], "rotation": 90, "texture": "#crop"}
			}
		},
		{
			"from": [5, 2, 11.5],
			"to": [6, 4, 12.5],
			"rotation": {"angle": 0, "axis": "y", "origin": [5, 2, 12.5]},
			"faces": {
				"north": {"uv": [9, 12, 10, 14], "texture": "#crop"},
				"east": {"uv": [9, 12, 10, 14], "texture": "#crop"},
				"south": {"uv": [9, 12, 10, 14], "texture": "#crop"},
				"west": {"uv": [9, 12, 10, 14], "texture": "#crop"},
				"up": {"uv": [9, 12, 10, 13], "rotation": 270, "texture": "#crop"},
				"down": {"uv": [9, 13, 10, 14], "rotation": 90, "texture": "#crop"}
			}
		},
		{
			"from": [12, 1, 6],
			"to": [12, 5, 11],
			"rotation": {"angle": 0, "axis": "y", "origin": [12, 1, 11]},
			"faces": {
				"north": {"uv": [5, 10, 5, 14], "texture": "#crop"},
				"east": {"uv": [5, 10, 10, 14], "texture": "#crop"},
				"south": {"uv": [5, 10, 5, 14], "texture": "#crop"},
				"west": {"uv": [10, 10, 5, 14], "texture": "#crop"},
				"up": {"uv": [5, 11, 5, 16], "rotation": 180, "texture": "#crop"},
				"down": {"uv": [5, 11, 5, 16], "rotation": 180, "texture": "#crop"}
			}
		},
		{
			"from": [11.5, 1, 6],
			"to": [12.5, 3, 7],
			"rotation": {"angle": 0, "axis": "y", "origin": [12.5, 1, 7]},
			"faces": {
				"north": {"uv": [9, 12, 10, 14], "texture": "#crop"},
				"east": {"uv": [9, 12, 10, 14], "texture": "#crop"},
				"south": {"uv": [9, 12, 10, 14], "texture": "#crop"},
				"west": {"uv": [9, 12, 10, 14], "texture": "#crop"},
				"up": {"uv": [9, 12, 10, 13], "rotation": 180, "texture": "#crop"},
				"down": {"uv": [9, 13, 10, 14], "rotation": 180, "texture": "#crop"}
			}
		},
		{
			"from": [11.5, 2, 10],
			"to": [12.5, 4, 11],
			"rotation": {"angle": 0, "axis": "y", "origin": [12.5, 2, 11]},
			"faces": {
				"north": {"uv": [9, 12, 10, 14], "texture": "#crop"},
				"east": {"uv": [9, 12, 10, 14], "texture": "#crop"},
				"south": {"uv": [9, 12, 10, 14], "texture": "#crop"},
				"west": {"uv": [9, 12, 10, 14], "texture": "#crop"},
				"up": {"uv": [9, 12, 10, 13], "rotation": 180, "texture": "#crop"},
				"down": {"uv": [9, 13, 10, 14], "rotation": 180, "texture": "#crop"}
			}
		},
		{
			"from": [6, 1, 4],
			"to": [11, 5, 4],
			"rotation": {"angle": 0, "axis": "y", "origin": [11, 1, 4]},
			"faces": {
				"north": {"uv": [5, 10, 10, 14], "texture": "#crop"},
				"east": {"uv": [5, 10, 5, 14], "texture": "#crop"},
				"south": {"uv": [10, 10, 5, 14], "texture": "#crop"},
				"west": {"uv": [5, 10, 5, 14], "texture": "#crop"},
				"up": {"uv": [5, 11, 5, 16], "rotation": 90, "texture": "#crop"},
				"down": {"uv": [5, 11, 5, 16], "rotation": 270, "texture": "#crop"}
			}
		},
		{
			"from": [6, 1, 3.5],
			"to": [7, 3, 4.5],
			"rotation": {"angle": 0, "axis": "y", "origin": [7, 1, 3.5]},
			"faces": {
				"north": {"uv": [9, 12, 10, 14], "texture": "#crop"},
				"east": {"uv": [9, 12, 10, 14], "texture": "#crop"},
				"south": {"uv": [9, 12, 10, 14], "texture": "#crop"},
				"west": {"uv": [9, 12, 10, 14], "texture": "#crop"},
				"up": {"uv": [9, 12, 10, 13], "rotation": 90, "texture": "#crop"},
				"down": {"uv": [9, 13, 10, 14], "rotation": 270, "texture": "#crop"}
			}
		},
		{
			"from": [10, 2, 3.5],
			"to": [11, 4, 4.5],
			"rotation": {"angle": 0, "axis": "y", "origin": [11, 2, 3.5]},
			"faces": {
				"north": {"uv": [9, 12, 10, 14], "texture": "#crop"},
				"east": {"uv": [9, 12, 10, 14], "texture": "#crop"},
				"south": {"uv": [9, 12, 10, 14], "texture": "#crop"},
				"west": {"uv": [9, 12, 10, 14], "texture": "#crop"},
				"up": {"uv": [9, 12, 10, 13], "rotation": 90, "texture": "#crop"},
				"down": {"uv": [9, 13, 10, 14], "rotation": 270, "texture": "#crop"}
			}
		}
	],
	"groups": [
		{
			"name": "stem",
			"origin": [4, 7, 8],
			"color": 0,
			"children": [
				{
					"name": "stem1",
					"origin": [4, 7, 8],
					"color": 0,
					"children": [0, 1]
				},
				{
					"name": "stem2",
					"origin": [12, 7, 8],
					"color": 0,
					"children": [2, 3]
				},
				{
					"name": "stem3",
					"origin": [12, 7, 8],
					"color": 0,
					"children": [4, 5]
				},
				{
					"name": "stem4",
					"origin": [12, 7, 8],
					"color": 0,
					"children": [6, 7]
				}
			]
		},
		{
			"name": "leaves",
			"origin": [10.5, 6, 8.5],
			"color": 0,
			"children": [8, 9, 10, 11, 12, 13, 14, 15, 16, 17, 18, 19]
		},
		20,
		21,
		22,
		23,
		{
			"name": "group",
			"origin": [3.5, 2, 5],
			"color": 0,
			"children": [24, 25, 26]
		},
		{
			"name": "group",
			"origin": [3.5, 2, 5],
			"color": 0,
			"children": [27, 28, 29]
		},
		{
			"name": "group",
			"origin": [3.5, 2, 5],
			"color": 0,
			"children": [30, 31, 32]
		},
		{
			"name": "group",
			"origin": [3.5, 2, 5],
			"color": 0,
			"children": [33, 34, 35]
		}
	]
}