{
	"credit": "Made with Blockbench",
	"parent": "minecraft:block/crop",
	"textures": {
		"crop": "culturaldelights:block/cucumbers_stage3"
	},
	"elements": [
		{
			"from": [3.5, -1, 7.5],
			"to": [4.5, 9, 7.5],
			"rotation": {"angle": 45, "axis": "y", "origin": [4, 7, 7.5]},
			"faces": {
				"north": {"uv": [7, 6, 8, 16], "texture": "#crop"},
				"east": {"uv": [7, 6, 7, 16], "texture": "#crop"},
				"south": {"uv": [7, 6, 8, 16], "texture": "#crop"},
				"west": {"uv": [7, 6, 7, 16], "texture": "#crop"},
				"up": {"uv": [7, 0, 8, 0], "texture": "#crop"},
				"down": {"uv": [7, 0, 8, 0], "texture": "#crop"}
			}
		},
		{
			"from": [3.5, -1, 7.5],
			"to": [4.5, 9, 7.5],
			"rotation": {"angle": -45, "axis": "y", "origin": [4, 7, 7.5]},
			"faces": {
				"north": {"uv": [7, 6, 8, 16], "texture": "#crop"},
				"east": {"uv": [7, 6, 7, 16], "texture": "#crop"},
				"south": {"uv": [7, 6, 8, 16], "texture": "#crop"},
				"west": {"uv": [7, 6, 7, 16], "texture": "#crop"},
				"up": {"uv": [7, 0, 8, 0], "texture": "#crop"},
				"down": {"uv": [7, 0, 8, 0], "texture": "#crop"}
			}
		},
		{
			"from": [11.5, -1, 8.5],
			"to": [12.5, 9, 8.5],
			"rotation": {"angle": 45, "axis": "y", "origin": [12, 7, 8.5]},
			"faces": {
				"north": {"uv": [7, 6, 8, 16], "texture": "#crop"},
				"east": {"uv": [7, 6, 7, 16], "texture": "#crop"},
				"south": {"uv": [7, 6, 8, 16], "texture": "#crop"},
				"west": {"uv": [7, 6, 7, 16], "texture": "#crop"},
				"up": {"uv": [7, 0, 8, 0], "texture": "#crop"},
				"down": {"uv": [7, 0, 8, 0], "texture": "#crop"}
			}
		},
		{
			"from": [11.5, -1, 8.5],
			"to": [12.5, 9, 8.5],
			"rotation": {"angle": -45, "axis": "y", "origin": [12, 7, 8.5]},
			"faces": {
				"north": {"uv": [7, 6, 8, 16], "texture": "#crop"},
				"east": {"uv": [7, 6, 7, 16], "texture": "#crop"},
				"south": {"uv": [7, 6, 8, 16], "texture": "#crop"},
				"west": {"uv": [7, 6, 7, 16], "texture": "#crop"},
				"up": {"uv": [7, 0, 8, 0], "texture": "#crop"},
				"down": {"uv": [7, 0, 8, 0], "texture": "#crop"}
			}
		},
		{
			"from": [7, -1, 12],
			"to": [8, 9, 12],
			"rotation": {"angle": 45, "axis": "y", "origin": [7.5, 7, 12]},
			"faces": {
				"north": {"uv": [7, 6, 8, 16], "texture": "#crop"},
				"east": {"uv": [7, 6, 7, 16], "texture": "#crop"},
				"south": {"uv": [7, 6, 8, 16], "texture": "#crop"},
				"west": {"uv": [7, 6, 7, 16], "texture": "#crop"},
				"up": {"uv": [7, 0, 8, 0], "texture": "#crop"},
				"down": {"uv": [7, 0, 8, 0], "texture": "#crop"}
			}
		},
		{
			"from": [7, -1, 12],
			"to": [8, 9, 12],
			"rotation": {"angle": -45, "axis": "y", "origin": [7.5, 7, 12]},
			"faces": {
				"north": {"uv": [7, 6, 8, 16], "texture": "#crop"},
				"east": {"uv": [7, 6, 7, 16], "texture": "#crop"},
				"south": {"uv": [7, 6, 8, 16], "texture": "#crop"},
				"west": {"uv": [7, 6, 7, 16], "texture": "#crop"},
				"up": {"uv": [7, 0, 8, 0], "texture": "#crop"},
				"down": {"uv": [7, 0, 8, 0], "texture": "#crop"}
			}
		},
		{
			"from": [8, -1, 4],
			"to": [9, 9, 4],
			"rotation": {"angle": 45, "axis": "y", "origin": [8.5, 7, 4]},
			"faces": {
				"north": {"uv": [7, 6, 8, 16], "texture": "#crop"},
				"east": {"uv": [7, 6, 7, 16], "texture": "#crop"},
				"south": {"uv": [7, 6, 8, 16], "texture": "#crop"},
				"west": {"uv": [7, 6, 7, 16], "texture": "#crop"},
				"up": {"uv": [7, 0, 8, 0], "texture": "#crop"},
				"down": {"uv": [7, 0, 8, 0], "texture": "#crop"}
			}
		},
		{
			"from": [8, -1, 4],
			"to": [9, 9, 4],
			"rotation": {"angle": -45, "axis": "y", "origin": [8.5, 7, 4]},
			"faces": {
				"north": {"uv": [7, 6, 8, 16], "texture": "#crop"},
				"east": {"uv": [7, 6, 7, 16], "texture": "#crop"},
				"south": {"uv": [7, 6, 8, 16], "texture": "#crop"},
				"west": {"uv": [7, 6, 7, 16], "texture": "#crop"},
				"up": {"uv": [7, 0, 8, 0], "texture": "#crop"},
				"down": {"uv": [7, 0, 8, 0], "texture": "#crop"}
			}
		},
		{
			"from": [3, 2, 7.5],
			"to": [5, 2, 11.5],
			"rotation": {"angle": -22.5, "axis": "x", "origin": [3, 2, 7.5]},
			"faces": {
				"north": {"uv": [8, 12, 8, 14], "rotation": 90, "texture": "#missing"},
				"east": {"uv": [8, 12, 8, 15], "rotation": 90, "texture": "#missing"},
				"south": {"uv": [8, 12, 8, 14], "rotation": 90, "texture": "#missing"},
				"west": {"uv": [8, 12, 8, 15], "rotation": 90, "texture": "#missing"},
				"up": {"uv": [9, 10, 13, 12], "rotation": 90, "texture": "#crop"},
				"down": {"uv": [13, 10, 9, 12], "rotation": 90, "texture": "#crop"}
			}
		},
		{
			"from": [2.5, 5, 7.5],
			"to": [5.5, 5, 13.5],
			"rotation": {"angle": -22.5, "axis": "x", "origin": [3.5, 5, 7.5]},
			"faces": {
				"north": {"uv": [8, 12, 8, 14], "rotation": 90, "texture": "#missing"},
				"east": {"uv": [8, 12, 8, 15], "rotation": 90, "texture": "#missing"},
				"south": {"uv": [8, 12, 8, 14], "rotation": 90, "texture": "#missing"},
				"west": {"uv": [8, 12, 8, 15], "rotation": 90, "texture": "#missing"},
				"up": {"uv": [9, 6, 15, 9], "rotation": 90, "texture": "#crop"},
				"down": {"uv": [15, 6, 9, 9], "rotation": 90, "texture": "#crop"}
			}
		},
		{
			"from": [3, 9, 7.5],
			"to": [5, 9, 13.5],
			"rotation": {"angle": -22.5, "axis": "x", "origin": [3, 9, 7.5]},
			"faces": {
				"north": {"uv": [8, 12, 8, 14], "rotation": 90, "texture": "#missing"},
				"east": {"uv": [8, 12, 8, 15], "rotation": 90, "texture": "#missing"},
				"south": {"uv": [8, 12, 8, 14], "rotation": 90, "texture": "#missing"},
				"west": {"uv": [8, 12, 8, 15], "rotation": 90, "texture": "#missing"},
				"up": {"uv": [9, 7, 15, 9], "rotation": 90, "texture": "#crop"},
				"down": {"uv": [15, 7, 9, 9], "rotation": 90, "texture": "#crop"}
			}
		},
		{
			"from": [2.5, 6, 1.5],
			"to": [5.5, 6, 7.5],
			"rotation": {"angle": 22.5, "axis": "x", "origin": [5.5, 6, 7.5]},
			"faces": {
				"north": {"uv": [8, 12, 8, 14], "rotation": 90, "texture": "#missing"},
				"east": {"uv": [8, 12, 8, 15], "rotation": 90, "texture": "#missing"},
				"south": {"uv": [8, 12, 8, 14], "rotation": 90, "texture": "#missing"},
				"west": {"uv": [8, 12, 8, 15], "rotation": 90, "texture": "#missing"},
				"up": {"uv": [15, 6, 9, 9], "rotation": 90, "texture": "#crop"},
				"down": {"uv": [9, 6, 15, 9], "rotation": 90, "texture": "#crop"}
			}
		},
		{
			"from": [3, 2, 3.5],
			"to": [5, 2, 7.5],
			"rotation": {"angle": 22.5, "axis": "x", "origin": [5, 2, 7.5]},
			"faces": {
				"north": {"uv": [8, 12, 8, 14], "rotation": 90, "texture": "#missing"},
				"east": {"uv": [8, 12, 8, 15], "rotation": 90, "texture": "#missing"},
				"south": {"uv": [8, 12, 8, 14], "rotation": 90, "texture": "#missing"},
				"west": {"uv": [8, 12, 8, 15], "rotation": 90, "texture": "#missing"},
				"up": {"uv": [13, 10, 9, 12], "rotation": 90, "texture": "#crop"},
				"down": {"uv": [9, 10, 13, 12], "rotation": 90, "texture": "#crop"}
			}
		},
		{
			"from": [10.5, 2, 4.5],
			"to": [12.5, 2, 8.5],
			"rotation": {"angle": 22.5, "axis": "x", "origin": [12.5, 2, 8.5]},
			"faces": {
				"north": {"uv": [8, 12, 8, 14], "rotation": 90, "texture": "#missing"},
				"east": {"uv": [8, 12, 8, 15], "rotation": 90, "texture": "#missing"},
				"south": {"uv": [8, 12, 8, 14], "rotation": 90, "texture": "#missing"},
				"west": {"uv": [8, 12, 8, 15], "rotation": 90, "texture": "#missing"},
				"up": {"uv": [9, 10, 13, 12], "rotation": 270, "texture": "#crop"},
				"down": {"uv": [13, 10, 9, 12], "rotation": 270, "texture": "#crop"}
			}
		},
		{
			"from": [10.5, 5, 2.5],
			"to": [13.5, 5, 8.5],
			"rotation": {"angle": 22.5, "axis": "x", "origin": [12.5, 5, 8.5]},
			"faces": {
				"north": {"uv": [8, 12, 8, 14], "rotation": 90, "texture": "#missing"},
				"east": {"uv": [8, 12, 8, 15], "rotation": 90, "texture": "#missing"},
				"south": {"uv": [8, 12, 8, 14], "rotation": 90, "texture": "#missing"},
				"west": {"uv": [8, 12, 8, 15], "rotation": 90, "texture": "#missing"},
				"up": {"uv": [9, 6, 15, 9], "rotation": 270, "texture": "#crop"},
				"down": {"uv": [15, 6, 9, 9], "rotation": 270, "texture": "#crop"}
			}
		},
		{
			"from": [10.5, 9, 2.5],
			"to": [12.5, 9, 8.5],
			"rotation": {"angle": 22.5, "axis": "x", "origin": [12.5, 9, 8.5]},
			"faces": {
				"north": {"uv": [8, 12, 8, 14], "rotation": 90, "texture": "#missing"},
				"east": {"uv": [8, 12, 8, 15], "rotation": 90, "texture": "#missing"},
				"south": {"uv": [8, 12, 8, 14], "rotation": 90, "texture": "#missing"},
				"west": {"uv": [8, 12, 8, 15], "rotation": 90, "texture": "#missing"},
				"up": {"uv": [9, 7, 15, 9], "rotation": 270, "texture": "#crop"},
				"down": {"uv": [15, 7, 9, 9], "rotation": 270, "texture": "#crop"}
			}
		},
		{
			"from": [10.5, 6, 8.5],
			"to": [13.5, 6, 14.5],
			"rotation": {"angle": -22.5, "axis": "x", "origin": [10.5, 6, 8.5]},
			"faces": {
				"north": {"uv": [8, 12, 8, 14], "rotation": 90, "texture": "#missing"},
				"east": {"uv": [8, 12, 8, 15], "rotation": 90, "texture": "#missing"},
				"south": {"uv": [8, 12, 8, 14], "rotation": 90, "texture": "#missing"},
				"west": {"uv": [8, 12, 8, 15], "rotation": 90, "texture": "#missing"},
				"up": {"uv": [15, 6, 9, 9], "rotation": 270, "texture": "#crop"},
				"down": {"uv": [9, 6, 15, 9], "rotation": 270, "texture": "#crop"}
			}
		},
		{
			"from": [10.5, 2, 8.5],
			"to": [12.5, 2, 12.5],
			"rotation": {"angle": -22.5, "axis": "x", "origin": [10.5, 2, 8.5]},
			"faces": {
				"north": {"uv": [8, 12, 8, 14], "rotation": 90, "texture": "#missing"},
				"east": {"uv": [8, 12, 8, 15], "rotation": 90, "texture": "#missing"},
				"south": {"uv": [8, 12, 8, 14], "rotation": 90, "texture": "#missing"},
				"west": {"uv": [8, 12, 8, 15], "rotation": 90, "texture": "#missing"},
				"up": {"uv": [13, 10, 9, 12], "rotation": 270, "texture": "#crop"},
				"down": {"uv": [9, 10, 13, 12], "rotation": 270, "texture": "#crop"}
			}
		},
		{
			"from": [4.5, 2, 3.5],
			"to": [8.5, 2, 5.5],
			"rotation": {"angle": -22.5, "axis": "z", "origin": [8.5, 2, 3.5]},
			"faces": {
				"north": {"uv": [8, 12, 8, 15], "rotation": 90, "texture": "#missing"},
				"east": {"uv": [8, 12, 8, 14], "rotation": 90, "texture": "#missing"},
				"south": {"uv": [8, 12, 8, 15], "rotation": 90, "texture": "#missing"},
				"west": {"uv": [8, 12, 8, 14], "rotation": 90, "texture": "#missing"},
				"up": {"uv": [9, 10, 13, 12], "rotation": 180, "texture": "#crop"},
				"down": {"uv": [13, 10, 9, 12], "texture": "#crop"}
			}
		},
		{
			"from": [2.5, 5, 2.5],
			"to": [8.5, 5, 5.5],
			"rotation": {"angle": -22.5, "axis": "z", "origin": [8.5, 5, 3.5]},
			"faces": {
				"north": {"uv": [8, 12, 8, 15], "rotation": 90, "texture": "#missing"},
				"east": {"uv": [8, 12, 8, 14], "rotation": 90, "texture": "#missing"},
				"south": {"uv": [8, 12, 8, 15], "rotation": 90, "texture": "#missing"},
				"west": {"uv": [8, 12, 8, 14], "rotation": 90, "texture": "#missing"},
				"up": {"uv": [9, 6, 15, 9], "rotation": 180, "texture": "#crop"},
				"down": {"uv": [15, 6, 9, 9], "texture": "#crop"}
			}
		},
		{
			"from": [2.5, 9, 3],
			"to": [8.5, 9, 5],
			"rotation": {"angle": -22.5, "axis": "z", "origin": [8.5, 9, 3]},
			"faces": {
				"north": {"uv": [8, 12, 8, 15], "rotation": 90, "texture": "#missing"},
				"east": {"uv": [8, 12, 8, 14], "rotation": 90, "texture": "#missing"},
				"south": {"uv": [8, 12, 8, 15], "rotation": 90, "texture": "#missing"},
				"west": {"uv": [8, 12, 8, 14], "rotation": 90, "texture": "#missing"},
				"up": {"uv": [9, 7, 15, 9], "rotation": 180, "texture": "#crop"},
				"down": {"uv": [15, 7, 9, 9], "texture": "#crop"}
			}
		},
		{
			"from": [8.5, 6, 2.5],
			"to": [14.5, 6, 5.5],
			"rotation": {"angle": 22.5, "axis": "z", "origin": [8.5, 6, 5.5]},
			"faces": {
				"north": {"uv": [8, 12, 8, 15], "rotation": 90, "texture": "#missing"},
				"east": {"uv": [8, 12, 8, 14], "rotation": 90, "texture": "#missing"},
				"south": {"uv": [8, 12, 8, 15], "rotation": 90, "texture": "#missing"},
				"west": {"uv": [8, 12, 8, 14], "rotation": 90, "texture": "#missing"},
				"up": {"uv": [15, 6, 9, 9], "rotation": 180, "texture": "#crop"},
				"down": {"uv": [9, 6, 15, 9], "texture": "#crop"}
			}
		},
		{
			"from": [8.5, 2, 3.5],
			"to": [12.5, 2, 5.5],
			"rotation": {"angle": 22.5, "axis": "z", "origin": [8.5, 2, 5.5]},
			"faces": {
				"north": {"uv": [8, 12, 8, 15], "rotation": 90, "texture": "#missing"},
				"east": {"uv": [8, 12, 8, 14], "rotation": 90, "texture": "#missing"},
				"south": {"uv": [8, 12, 8, 15], "rotation": 90, "texture": "#missing"},
				"west": {"uv": [8, 12, 8, 14], "rotation": 90, "texture": "#missing"},
				"up": {"uv": [13, 10, 9, 12], "rotation": 180, "texture": "#crop"},
				"down": {"uv": [9, 10, 13, 12], "texture": "#crop"}
			}
		},
		{
			"from": [7.5, 2, 11],
			"to": [11.5, 2, 13],
			"rotation": {"angle": 22.5, "axis": "z", "origin": [7.5, 2, 13]},
			"faces": {
				"north": {"uv": [8, 12, 8, 15], "rotation": 90, "texture": "#missing"},
				"east": {"uv": [8, 12, 8, 14], "rotation": 90, "texture": "#missing"},
				"south": {"uv": [8, 12, 8, 15], "rotation": 90, "texture": "#missing"},
				"west": {"uv": [8, 12, 8, 14], "rotation": 90, "texture": "#missing"},
				"up": {"uv": [9, 10, 13, 12], "texture": "#crop"},
				"down": {"uv": [13, 10, 9, 12], "rotation": 180, "texture": "#crop"}
			}
		},
		{
			"from": [7.5, 5, 10.5],
			"to": [13.5, 5, 13.5],
			"rotation": {"angle": 22.5, "axis": "z", "origin": [7.5, 5, 12.5]},
			"faces": {
				"north": {"uv": [8, 12, 8, 15], "rotation": 90, "texture": "#missing"},
				"east": {"uv": [8, 12, 8, 14], "rotation": 90, "texture": "#missing"},
				"south": {"uv": [8, 12, 8, 15], "rotation": 90, "texture": "#missing"},
				"west": {"uv": [8, 12, 8, 14], "rotation": 90, "texture": "#missing"},
				"up": {"uv": [9, 6, 15, 9], "texture": "#crop"},
				"down": {"uv": [15, 6, 9, 9], "rotation": 180, "texture": "#crop"}
			}
		},
		{
			"from": [7.5, 9, 11],
			"to": [13.5, 9, 13],
			"rotation": {"angle": 22.5, "axis": "z", "origin": [7.5, 9, 13]},
			"faces": {
				"north": {"uv": [8, 12, 8, 15], "rotation": 90, "texture": "#missing"},
				"east": {"uv": [8, 12, 8, 14], "rotation": 90, "texture": "#missing"},
				"south": {"uv": [8, 12, 8, 15], "rotation": 90, "texture": "#missing"},
				"west": {"uv": [8, 12, 8, 14], "rotation": 90, "texture": "#missing"},
				"up": {"uv": [9, 7, 15, 9], "texture": "#crop"},
				"down": {"uv": [15, 7, 9, 9], "rotation": 180, "texture": "#crop"}
			}
		},
		{
			"from": [1.5, 6, 10.5],
			"to": [7.5, 6, 13.5],
			"rotation": {"angle": -22.5, "axis": "z", "origin": [7.5, 6, 10.5]},
			"faces": {
				"north": {"uv": [8, 12, 8, 15], "rotation": 90, "texture": "#missing"},
				"east": {"uv": [8, 12, 8, 14], "rotation": 90, "texture": "#missing"},
				"south": {"uv": [8, 12, 8, 15], "rotation": 90, "texture": "#missing"},
				"west": {"uv": [8, 12, 8, 14], "rotation": 90, "texture": "#missing"},
				"up": {"uv": [15, 6, 9, 9], "texture": "#crop"},
				"down": {"uv": [9, 6, 15, 9], "rotation": 180, "texture": "#crop"}
			}
		},
		{
			"from": [3.5, 2, 11],
			"to": [7.5, 2, 13],
			"rotation": {"angle": -22.5, "axis": "z", "origin": [7.5, 2, 11]},
			"faces": {
				"north": {"uv": [8, 12, 8, 15], "rotation": 90, "texture": "#missing"},
				"east": {"uv": [8, 12, 8, 14], "rotation": 90, "texture": "#missing"},
				"south": {"uv": [8, 12, 8, 15], "rotation": 90, "texture": "#missing"},
				"west": {"uv": [8, 12, 8, 14], "rotation": 90, "texture": "#missing"},
				"up": {"uv": [13, 10, 9, 12], "texture": "#crop"},
				"down": {"uv": [9, 10, 13, 12], "rotation": 180, "texture": "#crop"}
			}
		}
	],
	"groups": [
		{
			"name": "stem",
			"origin": [4, 7, 8],
			"color": 0,
			"children": [
				{
					"name": "stem1",
					"origin": [4, 7, 8],
					"color": 0,
					"children": [0, 1]
				},
				{
					"name": "stem2",
					"origin": [12, 7, 8],
					"color": 0,
					"children": [2, 3]
				},
				{
					"name": "stem3",
					"origin": [12, 7, 8],
					"color": 0,
					"children": [4, 5]
				},
				{
					"name": "stem4",
					"origin": [12, 7, 8],
					"color": 0,
					"children": [6, 7]
				}
			]
		},
		{
			"name": "group",
			"origin": [5, 2, 7.5],
			"color": 0,
			"children": [8, 9, 10, 11, 12]
		},
		{
			"name": "group",
			"origin": [5, 2, 7.5],
			"color": 0,
			"children": [13, 14, 15, 16, 17]
		},
		{
			"name": "group",
			"origin": [5, 2, 7.5],
			"color": 0,
			"children": [18, 19, 20, 21, 22]
		},
		{
			"name": "group",
			"origin": [5, 2, 7.5],
			"color": 0,
			"children": [23, 24, 25, 26, 27]
		}
	]
}