{
	"credit": "Made with Blockbench",
	"parent": "minecraft:block/crop",
	"textures": {
		"crop": "culturaldelights:block/cucumbers_stage0"
	},
	"elements": [
		{
			"from": [3.5, -1, 7.5],
			"to": [4.5, 15, 7.5],
			"rotation": {"angle": 45, "axis": "y", "origin": [4, 7, 7.5]},
			"faces": {
				"north": {"uv": [7, 0, 8, 16], "texture": "#crop"},
				"east": {"uv": [7, 0, 7, 16], "texture": "#crop"},
				"south": {"uv": [7, 0, 8, 16], "texture": "#crop"},
				"west": {"uv": [7, 0, 7, 16], "texture": "#crop"},
				"up": {"uv": [7, 0, 8, 0], "texture": "#crop"},
				"down": {"uv": [7, 0, 8, 0], "texture": "#crop"}
			}
		},
		{
			"from": [3.5, -1, 7.5],
			"to": [4.5, 15, 7.5],
			"rotation": {"angle": -45, "axis": "y", "origin": [4, 7, 7.5]},
			"faces": {
				"north": {"uv": [7, 0, 8, 16], "texture": "#crop"},
				"east": {"uv": [7, 0, 7, 16], "texture": "#crop"},
				"south": {"uv": [7, 0, 8, 16], "texture": "#crop"},
				"west": {"uv": [7, 0, 7, 16], "texture": "#crop"},
				"up": {"uv": [7, 0, 8, 0], "texture": "#crop"},
				"down": {"uv": [7, 0, 8, 0], "texture": "#crop"}
			}
		},
		{
			"from": [11.5, -1, 8.5],
			"to": [12.5, 15, 8.5],
			"rotation": {"angle": 45, "axis": "y", "origin": [12, 7, 8.5]},
			"faces": {
				"north": {"uv": [7, 0, 8, 16], "texture": "#crop"},
				"east": {"uv": [7, 0, 7, 16], "texture": "#crop"},
				"south": {"uv": [7, 0, 8, 16], "texture": "#crop"},
				"west": {"uv": [7, 0, 7, 16], "texture": "#crop"},
				"up": {"uv": [7, 0, 8, 0], "texture": "#crop"},
				"down": {"uv": [7, 0, 8, 0], "texture": "#crop"}
			}
		},
		{
			"from": [11.5, -1, 8.5],
			"to": [12.5, 15, 8.5],
			"rotation": {"angle": -45, "axis": "y", "origin": [12, 7, 8.5]},
			"faces": {
				"north": {"uv": [7, 0, 8, 16], "texture": "#crop"},
				"east": {"uv": [7, 0, 7, 16], "texture": "#crop"},
				"south": {"uv": [7, 0, 8, 16], "texture": "#crop"},
				"west": {"uv": [7, 0, 7, 16], "texture": "#crop"},
				"up": {"uv": [7, 0, 8, 0], "texture": "#crop"},
				"down": {"uv": [7, 0, 8, 0], "texture": "#crop"}
			}
		},
		{
			"from": [7, -1, 12],
			"to": [8, 15, 12],
			"rotation": {"angle": 45, "axis": "y", "origin": [7.5, 7, 12]},
			"faces": {
				"north": {"uv": [7, 0, 8, 16], "texture": "#crop"},
				"east": {"uv": [7, 0, 7, 16], "texture": "#crop"},
				"south": {"uv": [7, 0, 8, 16], "texture": "#crop"},
				"west": {"uv": [7, 0, 7, 16], "texture": "#crop"},
				"up": {"uv": [7, 0, 8, 0], "texture": "#crop"},
				"down": {"uv": [7, 0, 8, 0], "texture": "#crop"}
			}
		},
		{
			"from": [7, -1, 12],
			"to": [8, 15, 12],
			"rotation": {"angle": -45, "axis": "y", "origin": [7.5, 7, 12]},
			"faces": {
				"north": {"uv": [7, 0, 8, 16], "texture": "#crop"},
				"east": {"uv": [7, 0, 7, 16], "texture": "#crop"},
				"south": {"uv": [7, 0, 8, 16], "texture": "#crop"},
				"west": {"uv": [7, 0, 7, 16], "texture": "#crop"},
				"up": {"uv": [7, 0, 8, 0], "texture": "#crop"},
				"down": {"uv": [7, 0, 8, 0], "texture": "#crop"}
			}
		},
		{
			"from": [8, -1, 4],
			"to": [9, 15, 4],
			"rotation": {"angle": 45, "axis": "y", "origin": [8.5, 7, 4]},
			"faces": {
				"north": {"uv": [7, 0, 8, 16], "texture": "#crop"},
				"east": {"uv": [7, 0, 7, 16], "texture": "#crop"},
				"south": {"uv": [7, 0, 8, 16], "texture": "#crop"},
				"west": {"uv": [7, 0, 7, 16], "texture": "#crop"},
				"up": {"uv": [7, 0, 8, 0], "texture": "#crop"},
				"down": {"uv": [7, 0, 8, 0], "texture": "#crop"}
			}
		},
		{
			"from": [8, -1, 4],
			"to": [9, 15, 4],
			"rotation": {"angle": -45, "axis": "y", "origin": [8.5, 7, 4]},
			"faces": {
				"north": {"uv": [7, 0, 8, 16], "texture": "#crop"},
				"east": {"uv": [7, 0, 7, 16], "texture": "#crop"},
				"south": {"uv": [7, 0, 8, 16], "texture": "#crop"},
				"west": {"uv": [7, 0, 7, 16], "texture": "#crop"},
				"up": {"uv": [7, 0, 8, 0], "texture": "#crop"},
				"down": {"uv": [7, 0, 8, 0], "texture": "#crop"}
			}
		},
		{
			"from": [3, 2, 7.5],
			"to": [5, 2, 10.5],
			"rotation": {"angle": -22.5, "axis": "x", "origin": [3, 2, 7.5]},
			"faces": {
				"north": {"uv": [7, 12, 7, 14], "rotation": 90, "texture": "#crop"},
				"east": {"uv": [7, 12, 7, 15], "rotation": 90, "texture": "#crop"},
				"south": {"uv": [7, 12, 7, 14], "rotation": 90, "texture": "#crop"},
				"west": {"uv": [7, 12, 7, 15], "rotation": 90, "texture": "#crop"},
				"up": {"uv": [7, 12, 10, 14], "rotation": 90, "texture": "#crop"},
				"down": {"uv": [10, 12, 7, 14], "rotation": 90, "texture": "#crop"}
			}
		},
		{
			"from": [3, 2, 4.5],
			"to": [5, 2, 7.5],
			"rotation": {"angle": 22.5, "axis": "x", "origin": [5, 2, 7.5]},
			"faces": {
				"north": {"uv": [7, 12, 7, 14], "rotation": 90, "texture": "#crop"},
				"east": {"uv": [7, 12, 7, 15], "rotation": 90, "texture": "#crop"},
				"south": {"uv": [7, 12, 7, 14], "rotation": 90, "texture": "#crop"},
				"west": {"uv": [7, 12, 7, 15], "rotation": 90, "texture": "#crop"},
				"up": {"uv": [7, 14, 10, 12], "rotation": 90, "texture": "#crop"},
				"down": {"uv": [7, 12, 10, 14], "rotation": 90, "texture": "#crop"}
			}
		},
		{
			"from": [7.28033, 2.0437, 11],
			"to": [10.28033, 2.0437, 13],
			"rotation": {"angle": 22.5, "axis": "z", "origin": [7.5, 2.57403, 12]},
			"faces": {
				"north": {"uv": [7, 12, 7, 15], "rotation": 90, "texture": "#crop"},
				"east": {"uv": [7, 12, 7, 14], "rotation": 90, "texture": "#crop"},
				"south": {"uv": [7, 12, 7, 15], "rotation": 90, "texture": "#crop"},
				"west": {"uv": [7, 12, 7, 14], "rotation": 90, "texture": "#crop"},
				"up": {"uv": [7, 12, 10, 14], "texture": "#crop"},
				"down": {"uv": [10, 12, 7, 14], "rotation": 180, "texture": "#crop"}
			}
		},
		{
			"from": [4.71967, 2.0437, 11],
			"to": [7.71967, 2.0437, 13],
			"rotation": {"angle": -22.5, "axis": "z", "origin": [7.5, 2.57403, 12]},
			"faces": {
				"north": {"uv": [7, 12, 7, 15], "rotation": 90, "texture": "#crop"},
				"east": {"uv": [7, 12, 7, 14], "rotation": 90, "texture": "#crop"},
				"south": {"uv": [7, 12, 7, 15], "rotation": 90, "texture": "#crop"},
				"west": {"uv": [7, 12, 7, 14], "rotation": 90, "texture": "#crop"},
				"up": {"uv": [7, 14, 10, 12], "texture": "#crop"},
				"down": {"uv": [7, 12, 10, 14], "rotation": 180, "texture": "#crop"}
			}
		},
		{
			"from": [8.28033, 2.0437, 3],
			"to": [11.28033, 2.0437, 5],
			"rotation": {"angle": 22.5, "axis": "z", "origin": [8.5, 2.57403, 4]},
			"faces": {
				"north": {"uv": [7, 12, 7, 15], "rotation": 90, "texture": "#crop"},
				"east": {"uv": [7, 12, 7, 14], "rotation": 90, "texture": "#crop"},
				"south": {"uv": [7, 12, 7, 15], "rotation": 90, "texture": "#crop"},
				"west": {"uv": [7, 12, 7, 14], "rotation": 90, "texture": "#crop"},
				"up": {"uv": [7, 14, 10, 12], "rotation": 180, "texture": "#crop"},
				"down": {"uv": [7, 12, 10, 14], "texture": "#crop"}
			}
		},
		{
			"from": [5.71967, 2.0437, 3],
			"to": [8.71967, 2.0437, 5],
			"rotation": {"angle": -22.5, "axis": "z", "origin": [8.5, 2.57403, 4]},
			"faces": {
				"north": {"uv": [7, 12, 7, 15], "rotation": 90, "texture": "#crop"},
				"east": {"uv": [7, 12, 7, 14], "rotation": 90, "texture": "#crop"},
				"south": {"uv": [7, 12, 7, 15], "rotation": 90, "texture": "#crop"},
				"west": {"uv": [7, 12, 7, 14], "rotation": 90, "texture": "#crop"},
				"up": {"uv": [7, 12, 10, 14], "rotation": 180, "texture": "#crop"},
				"down": {"uv": [10, 12, 7, 14], "texture": "#crop"}
			}
		},
		{
			"from": [11, 2, 5.5],
			"to": [13, 2, 8.5],
			"rotation": {"angle": 22.5, "axis": "x", "origin": [13, 2, 8.5]},
			"faces": {
				"north": {"uv": [7, 12, 7, 14], "rotation": 90, "texture": "#crop"},
				"east": {"uv": [7, 12, 7, 15], "rotation": 90, "texture": "#crop"},
				"south": {"uv": [7, 12, 7, 14], "rotation": 90, "texture": "#crop"},
				"west": {"uv": [7, 12, 7, 15], "rotation": 90, "texture": "#crop"},
				"up": {"uv": [7, 12, 10, 14], "rotation": 270, "texture": "#crop"},
				"down": {"uv": [10, 12, 7, 14], "rotation": 270, "texture": "#crop"}
			}
		},
		{
			"from": [11, 2, 8.5],
			"to": [13, 2, 11.5],
			"rotation": {"angle": -22.5, "axis": "x", "origin": [11, 2, 8.5]},
			"faces": {
				"north": {"uv": [7, 12, 7, 14], "rotation": 90, "texture": "#crop"},
				"east": {"uv": [7, 12, 7, 15], "rotation": 90, "texture": "#crop"},
				"south": {"uv": [7, 12, 7, 14], "rotation": 90, "texture": "#crop"},
				"west": {"uv": [7, 12, 7, 15], "rotation": 90, "texture": "#crop"},
				"up": {"uv": [7, 14, 10, 12], "rotation": 270, "texture": "#crop"},
				"down": {"uv": [7, 12, 10, 14], "rotation": 270, "texture": "#crop"}
			}
		}
	],
	"groups": [
		{
			"name": "stem",
			"origin": [4, 7, 8],
			"color": 0,
			"children": [
				{
					"name": "stem1",
					"origin": [4, 7, 8],
					"color": 0,
					"children": [0, 1]
				},
				{
					"name": "stem2",
					"origin": [12, 7, 8],
					"color": 0,
					"children": [2, 3]
				},
				{
					"name": "stem3",
					"origin": [12, 7, 8],
					"color": 0,
					"children": [4, 5]
				},
				{
					"name": "stem4",
					"origin": [12, 7, 8],
					"color": 0,
					"children": [6, 7]
				}
			]
		},
		8,
		9,
		10,
		11,
		12,
		13,
		14,
		15
	]
}