{
	"credit": "Made with Blockbench",
	"parent": "minecraft:block/crop",
	"textures": {
		"crop": "culturaldelights:block/cucumbers_stage2"
	},
	"elements": [
		{
			"from": [3.5, -1, 7.5],
			"to": [4.5, 7, 7.5],
			"rotation": {"angle": 45, "axis": "y", "origin": [4, 7, 7.5]},
			"faces": {
				"north": {"uv": [7, 8, 8, 16], "texture": "#crop"},
				"east": {"uv": [7, 8, 7, 16], "texture": "#crop"},
				"south": {"uv": [7, 8, 8, 16], "texture": "#crop"},
				"west": {"uv": [7, 8, 7, 16], "texture": "#crop"},
				"up": {"uv": [7, 0, 8, 0], "texture": "#crop"},
				"down": {"uv": [7, 0, 8, 0], "texture": "#crop"}
			}
		},
		{
			"from": [3.5, -1, 7.5],
			"to": [4.5, 7, 7.5],
			"rotation": {"angle": -45, "axis": "y", "origin": [4, 7, 7.5]},
			"faces": {
				"north": {"uv": [7, 8, 8, 16], "texture": "#crop"},
				"east": {"uv": [7, 8, 7, 16], "texture": "#crop"},
				"south": {"uv": [7, 8, 8, 16], "texture": "#crop"},
				"west": {"uv": [7, 8, 7, 16], "texture": "#crop"},
				"up": {"uv": [7, 0, 8, 0], "texture": "#crop"},
				"down": {"uv": [7, 0, 8, 0], "texture": "#crop"}
			}
		},
		{
			"from": [11.5, -1, 8.5],
			"to": [12.5, 7, 8.5],
			"rotation": {"angle": 45, "axis": "y", "origin": [12, 7, 8.5]},
			"faces": {
				"north": {"uv": [7, 8, 8, 16], "texture": "#crop"},
				"east": {"uv": [7, 8, 7, 16], "texture": "#crop"},
				"south": {"uv": [7, 8, 8, 16], "texture": "#crop"},
				"west": {"uv": [7, 8, 7, 16], "texture": "#crop"},
				"up": {"uv": [7, 0, 8, 0], "texture": "#crop"},
				"down": {"uv": [7, 0, 8, 0], "texture": "#crop"}
			}
		},
		{
			"from": [11.5, -1, 8.5],
			"to": [12.5, 7, 8.5],
			"rotation": {"angle": -45, "axis": "y", "origin": [12, 7, 8.5]},
			"faces": {
				"north": {"uv": [7, 8, 8, 16], "texture": "#crop"},
				"east": {"uv": [7, 8, 7, 16], "texture": "#crop"},
				"south": {"uv": [7, 8, 8, 16], "texture": "#crop"},
				"west": {"uv": [7, 8, 7, 16], "texture": "#crop"},
				"up": {"uv": [7, 0, 8, 0], "texture": "#crop"},
				"down": {"uv": [7, 0, 8, 0], "texture": "#crop"}
			}
		},
		{
			"from": [7, -1, 12],
			"to": [8, 7, 12],
			"rotation": {"angle": 45, "axis": "y", "origin": [7.5, 7, 12]},
			"faces": {
				"north": {"uv": [7, 8, 8, 16], "texture": "#crop"},
				"east": {"uv": [7, 8, 7, 16], "texture": "#crop"},
				"south": {"uv": [7, 8, 8, 16], "texture": "#crop"},
				"west": {"uv": [7, 8, 7, 16], "texture": "#crop"},
				"up": {"uv": [7, 0, 8, 0], "texture": "#crop"},
				"down": {"uv": [7, 0, 8, 0], "texture": "#crop"}
			}
		},
		{
			"from": [7, -1, 12],
			"to": [8, 7, 12],
			"rotation": {"angle": -45, "axis": "y", "origin": [7.5, 7, 12]},
			"faces": {
				"north": {"uv": [7, 8, 8, 16], "texture": "#crop"},
				"east": {"uv": [7, 8, 7, 16], "texture": "#crop"},
				"south": {"uv": [7, 8, 8, 16], "texture": "#crop"},
				"west": {"uv": [7, 8, 7, 16], "texture": "#crop"},
				"up": {"uv": [7, 0, 8, 0], "texture": "#crop"},
				"down": {"uv": [7, 0, 8, 0], "texture": "#crop"}
			}
		},
		{
			"from": [8, -1, 4],
			"to": [9, 7, 4],
			"rotation": {"angle": 45, "axis": "y", "origin": [8.5, 7, 4]},
			"faces": {
				"north": {"uv": [7, 8, 8, 16], "texture": "#crop"},
				"east": {"uv": [7, 8, 7, 16], "texture": "#crop"},
				"south": {"uv": [7, 8, 8, 16], "texture": "#crop"},
				"west": {"uv": [7, 8, 7, 16], "texture": "#crop"},
				"up": {"uv": [7, 0, 8, 0], "texture": "#crop"},
				"down": {"uv": [7, 0, 8, 0], "texture": "#crop"}
			}
		},
		{
			"from": [8, -1, 4],
			"to": [9, 7, 4],
			"rotation": {"angle": -45, "axis": "y", "origin": [8.5, 7, 4]},
			"faces": {
				"north": {"uv": [7, 8, 8, 16], "texture": "#crop"},
				"east": {"uv": [7, 8, 7, 16], "texture": "#crop"},
				"south": {"uv": [7, 8, 8, 16], "texture": "#crop"},
				"west": {"uv": [7, 8, 7, 16], "texture": "#crop"},
				"up": {"uv": [7, 0, 8, 0], "texture": "#crop"},
				"down": {"uv": [7, 0, 8, 0], "texture": "#crop"}
			}
		},
		{
			"from": [11, 7, 5.5],
			"to": [13, 7, 8.5],
			"rotation": {"angle": 22.5, "axis": "x", "origin": [13, 7, 8.5]},
			"faces": {
				"north": {"uv": [8, 5, 8, 7], "rotation": 90, "texture": "#crop"},
				"east": {"uv": [8, 5, 8, 8], "rotation": 90, "texture": "#crop"},
				"south": {"uv": [8, 5, 8, 7], "rotation": 90, "texture": "#crop"},
				"west": {"uv": [8, 5, 8, 8], "rotation": 90, "texture": "#crop"},
				"up": {"uv": [8, 5, 11, 7], "rotation": 270, "texture": "#crop"},
				"down": {"uv": [11, 5, 8, 7], "rotation": 270, "texture": "#crop"}
			}
		},
		{
			"from": [5.71967, 7.0437, 3],
			"to": [8.71967, 7.0437, 5],
			"rotation": {"angle": -22.5, "axis": "z", "origin": [8.5, 7.57403, 4]},
			"faces": {
				"north": {"uv": [8, 5, 8, 8], "rotation": 90, "texture": "#crop"},
				"east": {"uv": [8, 5, 8, 7], "rotation": 90, "texture": "#crop"},
				"south": {"uv": [8, 5, 8, 8], "rotation": 90, "texture": "#crop"},
				"west": {"uv": [8, 5, 8, 7], "rotation": 90, "texture": "#crop"},
				"up": {"uv": [8, 5, 11, 7], "rotation": 180, "texture": "#crop"},
				"down": {"uv": [11, 5, 8, 7], "texture": "#crop"}
			}
		},
		{
			"from": [3, 7, 7.5],
			"to": [5, 7, 10.5],
			"rotation": {"angle": -22.5, "axis": "x", "origin": [3, 7, 7.5]},
			"faces": {
				"north": {"uv": [8, 5, 8, 7], "rotation": 90, "texture": "#crop"},
				"east": {"uv": [8, 5, 8, 8], "rotation": 90, "texture": "#crop"},
				"south": {"uv": [8, 5, 8, 7], "rotation": 90, "texture": "#crop"},
				"west": {"uv": [8, 5, 8, 8], "rotation": 90, "texture": "#crop"},
				"up": {"uv": [8, 5, 11, 7], "rotation": 90, "texture": "#crop"},
				"down": {"uv": [11, 5, 8, 7], "rotation": 90, "texture": "#crop"}
			}
		},
		{
			"from": [7.28033, 7.0437, 11],
			"to": [10.28033, 7.0437, 13],
			"rotation": {"angle": 22.5, "axis": "z", "origin": [7.5, 7.57403, 12]},
			"faces": {
				"north": {"uv": [8, 5, 8, 8], "rotation": 90, "texture": "#crop"},
				"east": {"uv": [8, 5, 8, 7], "rotation": 90, "texture": "#crop"},
				"south": {"uv": [8, 5, 8, 8], "rotation": 90, "texture": "#crop"},
				"west": {"uv": [8, 5, 8, 7], "rotation": 90, "texture": "#crop"},
				"up": {"uv": [8, 5, 11, 7], "texture": "#crop"},
				"down": {"uv": [11, 5, 8, 7], "rotation": 180, "texture": "#crop"}
			}
		},
		{
			"from": [6.63308, 2.17244, 11],
			"to": [10.63308, 2.17244, 13],
			"rotation": {"angle": 22.5, "axis": "z", "origin": [7.5, 4.26537, 12]},
			"faces": {
				"north": {"uv": [8, 12, 8, 15], "rotation": 90, "texture": "#missing"},
				"east": {"uv": [8, 12, 8, 14], "rotation": 90, "texture": "#missing"},
				"south": {"uv": [8, 12, 8, 15], "rotation": 90, "texture": "#missing"},
				"west": {"uv": [8, 12, 8, 14], "rotation": 90, "texture": "#missing"},
				"up": {"uv": [8, 11, 12, 13], "texture": "#crop"},
				"down": {"uv": [12, 11, 8, 13], "rotation": 180, "texture": "#crop"}
			}
		},
		{
			"from": [4.36692, 2.17244, 11],
			"to": [8.36692, 2.17244, 13],
			"rotation": {"angle": -22.5, "axis": "z", "origin": [7.5, 4.26537, 12]},
			"faces": {
				"north": {"uv": [8, 12, 8, 15], "rotation": 90, "texture": "#missing"},
				"east": {"uv": [8, 12, 8, 14], "rotation": 90, "texture": "#missing"},
				"south": {"uv": [8, 12, 8, 15], "rotation": 90, "texture": "#missing"},
				"west": {"uv": [8, 12, 8, 14], "rotation": 90, "texture": "#missing"},
				"up": {"uv": [12, 11, 8, 13], "texture": "#crop"},
				"down": {"uv": [8, 11, 12, 13], "rotation": 180, "texture": "#crop"}
			}
		},
		{
			"from": [3.21887, 4.94408, 11],
			"to": [7.21887, 4.94408, 13],
			"rotation": {"angle": -22.5, "axis": "z", "origin": [7.5, 4.26537, 12]},
			"faces": {
				"north": {"uv": [8, 12, 8, 15], "rotation": 90, "texture": "#missing"},
				"east": {"uv": [8, 12, 8, 14], "rotation": 90, "texture": "#missing"},
				"south": {"uv": [8, 12, 8, 15], "rotation": 90, "texture": "#missing"},
				"west": {"uv": [8, 12, 8, 14], "rotation": 90, "texture": "#missing"},
				"up": {"uv": [12, 8, 8, 10], "texture": "#crop"},
				"down": {"uv": [8, 8, 12, 10], "rotation": 180, "texture": "#crop"}
			}
		},
		{
			"from": [7.78113, 4.94408, 11],
			"to": [11.78113, 4.94408, 13],
			"rotation": {"angle": 22.5, "axis": "z", "origin": [7.5, 4.26537, 12]},
			"faces": {
				"north": {"uv": [8, 12, 8, 15], "rotation": 90, "texture": "#missing"},
				"east": {"uv": [8, 12, 8, 14], "rotation": 90, "texture": "#missing"},
				"south": {"uv": [8, 12, 8, 15], "rotation": 90, "texture": "#missing"},
				"west": {"uv": [8, 12, 8, 14], "rotation": 90, "texture": "#missing"},
				"up": {"uv": [8, 8, 12, 10], "texture": "#crop"},
				"down": {"uv": [12, 8, 8, 10], "rotation": 180, "texture": "#crop"}
			}
		},
		{
			"from": [5.36692, 2.17244, 3],
			"to": [9.36692, 2.17244, 5],
			"rotation": {"angle": -22.5, "axis": "z", "origin": [8.5, 4.26537, 8]},
			"faces": {
				"north": {"uv": [8, 12, 8, 15], "rotation": 90, "texture": "#missing"},
				"east": {"uv": [8, 12, 8, 14], "rotation": 90, "texture": "#missing"},
				"south": {"uv": [8, 12, 8, 15], "rotation": 90, "texture": "#missing"},
				"west": {"uv": [8, 12, 8, 14], "rotation": 90, "texture": "#missing"},
				"up": {"uv": [8, 11, 12, 13], "rotation": 180, "texture": "#crop"},
				"down": {"uv": [12, 11, 8, 13], "texture": "#crop"}
			}
		},
		{
			"from": [7.63308, 2.17244, 3],
			"to": [11.63308, 2.17244, 5],
			"rotation": {"angle": 22.5, "axis": "z", "origin": [8.5, 4.26537, 8]},
			"faces": {
				"north": {"uv": [8, 12, 8, 15], "rotation": 90, "texture": "#missing"},
				"east": {"uv": [8, 12, 8, 14], "rotation": 90, "texture": "#missing"},
				"south": {"uv": [8, 12, 8, 15], "rotation": 90, "texture": "#missing"},
				"west": {"uv": [8, 12, 8, 14], "rotation": 90, "texture": "#missing"},
				"up": {"uv": [12, 11, 8, 13], "rotation": 180, "texture": "#crop"},
				"down": {"uv": [8, 11, 12, 13], "texture": "#crop"}
			}
		},
		{
			"from": [8.78113, 4.94408, 3],
			"to": [12.78113, 4.94408, 5],
			"rotation": {"angle": 22.5, "axis": "z", "origin": [8.5, 4.26537, 8]},
			"faces": {
				"north": {"uv": [8, 12, 8, 15], "rotation": 90, "texture": "#missing"},
				"east": {"uv": [8, 12, 8, 14], "rotation": 90, "texture": "#missing"},
				"south": {"uv": [8, 12, 8, 15], "rotation": 90, "texture": "#missing"},
				"west": {"uv": [8, 12, 8, 14], "rotation": 90, "texture": "#missing"},
				"up": {"uv": [12, 8, 8, 10], "rotation": 180, "texture": "#crop"},
				"down": {"uv": [8, 8, 12, 10], "texture": "#crop"}
			}
		},
		{
			"from": [4.21887, 4.94408, 3],
			"to": [8.21887, 4.94408, 5],
			"rotation": {"angle": -22.5, "axis": "z", "origin": [8.5, 4.26537, 8]},
			"faces": {
				"north": {"uv": [8, 12, 8, 15], "rotation": 90, "texture": "#missing"},
				"east": {"uv": [8, 12, 8, 14], "rotation": 90, "texture": "#missing"},
				"south": {"uv": [8, 12, 8, 15], "rotation": 90, "texture": "#missing"},
				"west": {"uv": [8, 12, 8, 14], "rotation": 90, "texture": "#missing"},
				"up": {"uv": [8, 8, 12, 10], "rotation": 180, "texture": "#crop"},
				"down": {"uv": [12, 8, 8, 10], "texture": "#crop"}
			}
		},
		{
			"from": [11, 2.17244, 5.36692],
			"to": [13, 2.17244, 9.36692],
			"rotation": {"angle": 22.5, "axis": "x", "origin": [8, 4.26537, 8.5]},
			"faces": {
				"north": {"uv": [8, 12, 8, 14], "rotation": 90, "texture": "#missing"},
				"east": {"uv": [8, 12, 8, 15], "rotation": 90, "texture": "#missing"},
				"south": {"uv": [8, 12, 8, 14], "rotation": 90, "texture": "#missing"},
				"west": {"uv": [8, 12, 8, 15], "rotation": 90, "texture": "#missing"},
				"up": {"uv": [8, 11, 12, 13], "rotation": 270, "texture": "#crop"},
				"down": {"uv": [12, 11, 8, 13], "rotation": 270, "texture": "#crop"}
			}
		},
		{
			"from": [11, 2.17244, 7.63308],
			"to": [13, 2.17244, 11.63308],
			"rotation": {"angle": -22.5, "axis": "x", "origin": [8, 4.26537, 8.5]},
			"faces": {
				"north": {"uv": [8, 12, 8, 14], "rotation": 90, "texture": "#missing"},
				"east": {"uv": [8, 12, 8, 15], "rotation": 90, "texture": "#missing"},
				"south": {"uv": [8, 12, 8, 14], "rotation": 90, "texture": "#missing"},
				"west": {"uv": [8, 12, 8, 15], "rotation": 90, "texture": "#missing"},
				"up": {"uv": [12, 11, 8, 13], "rotation": 270, "texture": "#crop"},
				"down": {"uv": [8, 11, 12, 13], "rotation": 270, "texture": "#crop"}
			}
		},
		{
			"from": [11, 4.94408, 8.78113],
			"to": [13, 4.94408, 12.78113],
			"rotation": {"angle": -22.5, "axis": "x", "origin": [8, 4.26537, 8.5]},
			"faces": {
				"north": {"uv": [8, 12, 8, 14], "rotation": 90, "texture": "#missing"},
				"east": {"uv": [8, 12, 8, 15], "rotation": 90, "texture": "#missing"},
				"south": {"uv": [8, 12, 8, 14], "rotation": 90, "texture": "#missing"},
				"west": {"uv": [8, 12, 8, 15], "rotation": 90, "texture": "#missing"},
				"up": {"uv": [12, 8, 8, 10], "rotation": 270, "texture": "#crop"},
				"down": {"uv": [8, 8, 12, 10], "rotation": 270, "texture": "#crop"}
			}
		},
		{
			"from": [11, 4.94408, 4.21887],
			"to": [13, 4.94408, 8.21887],
			"rotation": {"angle": 22.5, "axis": "x", "origin": [8, 4.26537, 8.5]},
			"faces": {
				"north": {"uv": [8, 12, 8, 14], "rotation": 90, "texture": "#missing"},
				"east": {"uv": [8, 12, 8, 15], "rotation": 90, "texture": "#missing"},
				"south": {"uv": [8, 12, 8, 14], "rotation": 90, "texture": "#missing"},
				"west": {"uv": [8, 12, 8, 15], "rotation": 90, "texture": "#missing"},
				"up": {"uv": [8, 8, 12, 10], "rotation": 270, "texture": "#crop"},
				"down": {"uv": [12, 8, 8, 10], "rotation": 270, "texture": "#crop"}
			}
		},
		{
			"from": [3, 2, 7.5],
			"to": [5, 2, 11.5],
			"rotation": {"angle": -22.5, "axis": "x", "origin": [3, 2, 7.5]},
			"faces": {
				"north": {"uv": [8, 12, 8, 14], "rotation": 90, "texture": "#missing"},
				"east": {"uv": [8, 12, 8, 15], "rotation": 90, "texture": "#missing"},
				"south": {"uv": [8, 12, 8, 14], "rotation": 90, "texture": "#missing"},
				"west": {"uv": [8, 12, 8, 15], "rotation": 90, "texture": "#missing"},
				"up": {"uv": [8, 11, 12, 13], "rotation": 90, "texture": "#crop"},
				"down": {"uv": [12, 11, 8, 13], "rotation": 90, "texture": "#crop"}
			}
		},
		{
			"from": [3, 5, 3.5],
			"to": [5, 5, 7.5],
			"rotation": {"angle": 22.5, "axis": "x", "origin": [5, 5, 7.5]},
			"faces": {
				"north": {"uv": [8, 12, 8, 14], "rotation": 90, "texture": "#missing"},
				"east": {"uv": [8, 12, 8, 15], "rotation": 90, "texture": "#missing"},
				"south": {"uv": [8, 12, 8, 14], "rotation": 90, "texture": "#missing"},
				"west": {"uv": [8, 12, 8, 15], "rotation": 90, "texture": "#missing"},
				"up": {"uv": [12, 8, 8, 10], "rotation": 90, "texture": "#crop"},
				"down": {"uv": [8, 8, 12, 10], "rotation": 90, "texture": "#crop"}
			}
		},
		{
			"from": [3, 5, 7.5],
			"to": [5, 5, 11.5],
			"rotation": {"angle": -22.5, "axis": "x", "origin": [3, 5, 7.5]},
			"faces": {
				"north": {"uv": [8, 12, 8, 14], "rotation": 90, "texture": "#missing"},
				"east": {"uv": [8, 12, 8, 15], "rotation": 90, "texture": "#missing"},
				"south": {"uv": [8, 12, 8, 14], "rotation": 90, "texture": "#missing"},
				"west": {"uv": [8, 12, 8, 15], "rotation": 90, "texture": "#missing"},
				"up": {"uv": [8, 8, 12, 10], "rotation": 90, "texture": "#crop"},
				"down": {"uv": [12, 8, 8, 10], "rotation": 90, "texture": "#crop"}
			}
		},
		{
			"from": [3, 2, 3.5],
			"to": [5, 2, 7.5],
			"rotation": {"angle": 22.5, "axis": "x", "origin": [5, 2, 7.5]},
			"faces": {
				"north": {"uv": [8, 12, 8, 14], "rotation": 90, "texture": "#missing"},
				"east": {"uv": [8, 12, 8, 15], "rotation": 90, "texture": "#missing"},
				"south": {"uv": [8, 12, 8, 14], "rotation": 90, "texture": "#missing"},
				"west": {"uv": [8, 12, 8, 15], "rotation": 90, "texture": "#missing"},
				"up": {"uv": [12, 11, 8, 13], "rotation": 90, "texture": "#crop"},
				"down": {"uv": [8, 11, 12, 13], "rotation": 90, "texture": "#crop"}
			}
		}
	],
	"groups": [
		{
			"name": "stem",
			"origin": [4, 7, 8],
			"color": 0,
			"children": [
				{
					"name": "stem1",
					"origin": [4, 7, 8],
					"color": 0,
					"children": [0, 1]
				},
				{
					"name": "stem2",
					"origin": [12, 7, 8],
					"color": 0,
					"children": [2, 3]
				},
				{
					"name": "stem3",
					"origin": [12, 7, 8],
					"color": 0,
					"children": [4, 5]
				},
				{
					"name": "stem4",
					"origin": [12, 7, 8],
					"color": 0,
					"children": [6, 7]
				}
			]
		},
		8,
		9,
		10,
		11,
		{
			"name": "group",
			"origin": [3, 5, 7.5],
			"color": 0,
			"children": [12, 13, 14, 15]
		},
		{
			"name": "group",
			"origin": [3, 5, 7.5],
			"color": 0,
			"children": [16, 17, 18, 19]
		},
		{
			"name": "group",
			"origin": [3, 5, 7.5],
			"color": 0,
			"children": [20, 21, 22, 23]
		},
		{
			"name": "group",
			"origin": [5, 2, 7.5],
			"color": 0,
			"children": [24, 25, 26, 27]
		}
	]
}