{
	"format_version": "1.21.6",
	"credit": "Made with Blockbench",
	"parent": "minecraft:block/crop",
	"textures": {
		"crop": "culturaldelights:block/eggplants_stage2"
	},
	"elements": [
		{
			"from": [4, 5, 11],
			"to": [6, 5, 16],
			"rotation": {"angle": -22.5, "axis": "x", "origin": [4, 5, 11]},
			"faces": {
				"north": {"uv": [0, 0, 2, 0], "texture": "#missing"},
				"east": {"uv": [0, 0, 5, 0], "texture": "#missing"},
				"south": {"uv": [0, 0, 2, 0], "texture": "#missing"},
				"west": {"uv": [0, 0, 5, 0], "texture": "#missing"},
				"up": {"uv": [8, 8, 13, 10], "rotation": 270, "texture": "#crop"},
				"down": {"uv": [8, 8, 13, 10], "rotation": 90, "texture": "#crop"}
			}
		},
		{
			"from": [3.5, -1, 11],
			"to": [6.5, 10, 11],
			"rotation": {"angle": 45, "axis": "y", "origin": [5, 0, 11]},
			"faces": {
				"north": {"uv": [6, 7, 9, 16], "texture": "#crop"},
				"east": {"uv": [7, 7, 7, 16], "texture": "#crop"},
				"south": {"uv": [6, 7, 9, 16], "texture": "#crop"},
				"west": {"uv": [7, 7, 7, 16], "texture": "#crop"},
				"up": {"uv": [0, 0, 2, 0], "texture": "#missing"},
				"down": {"uv": [0, 0, 2, 0], "texture": "#missing"}
			}
		},
		{
			"from": [5, -1, 9.5],
			"to": [5, 10, 12.5],
			"rotation": {"angle": 45, "axis": "y", "origin": [5, 0, 11]},
			"faces": {
				"north": {"uv": [7, 7, 7, 16], "texture": "#crop"},
				"east": {"uv": [6, 7, 9, 16], "texture": "#crop"},
				"south": {"uv": [7, 7, 7, 16], "texture": "#crop"},
				"west": {"uv": [6, 7, 9, 16], "texture": "#crop"},
				"up": {"uv": [0, 0, 2, 0], "rotation": 270, "texture": "#missing"},
				"down": {"uv": [0, 0, 2, 0], "rotation": 90, "texture": "#missing"}
			}
		},
		{
			"from": [1, 9, 10],
			"to": [5, 9, 12],
			"rotation": {"angle": -22.5, "axis": "z", "origin": [5, 9, 10]},
			"faces": {
				"north": {"uv": [0, 0, 4, 0], "texture": "#missing"},
				"east": {"uv": [0, 0, 2, 0], "texture": "#missing"},
				"south": {"uv": [0, 0, 4, 0], "texture": "#missing"},
				"west": {"uv": [0, 0, 2, 0], "texture": "#missing"},
				"up": {"uv": [5, 4, 7, 8], "rotation": 90, "texture": "#crop"},
				"down": {"uv": [7, 4, 5, 8], "rotation": 90, "texture": "#crop"}
			}
		},
		{
			"from": [5, 9, 10],
			"to": [9, 9, 12],
			"rotation": {"angle": 22.5, "axis": "z", "origin": [5, 9, 12]},
			"faces": {
				"north": {"uv": [0, 0, 4, 0], "texture": "#missing"},
				"east": {"uv": [0, 0, 2, 0], "texture": "#missing"},
				"south": {"uv": [0, 0, 4, 0], "texture": "#missing"},
				"west": {"uv": [0, 0, 2, 0], "texture": "#missing"},
				"up": {"uv": [5, 4, 7, 8], "rotation": 90, "texture": "#crop"},
				"down": {"uv": [7, 4, 5, 8], "rotation": 90, "texture": "#crop"}
			}
		},
		{
			"from": [4, 5, 6],
			"to": [6, 5, 11],
			"rotation": {"angle": 22.5, "axis": "x", "origin": [6, 5, 11]},
			"faces": {
				"north": {"uv": [0, 0, 2, 0], "texture": "#missing"},
				"east": {"uv": [0, 0, 5, 0], "texture": "#missing"},
				"south": {"uv": [0, 0, 2, 0], "texture": "#missing"},
				"west": {"uv": [0, 0, 5, 0], "texture": "#missing"},
				"up": {"uv": [8, 8, 13, 10], "rotation": 90, "texture": "#crop"},
				"down": {"uv": [8, 8, 13, 10], "rotation": 270, "texture": "#crop"}
			}
		},
		{
			"from": [10, 5, 5],
			"to": [12, 5, 10],
			"rotation": {"angle": -22.5, "axis": "x", "origin": [10, 5, 5]},
			"faces": {
				"north": {"uv": [0, 0, 2, 0], "texture": "#missing"},
				"east": {"uv": [0, 0, 5, 0], "texture": "#missing"},
				"south": {"uv": [0, 0, 2, 0], "texture": "#missing"},
				"west": {"uv": [0, 0, 5, 0], "texture": "#missing"},
				"up": {"uv": [8, 8, 13, 10], "rotation": 270, "texture": "#crop"},
				"down": {"uv": [8, 8, 13, 10], "rotation": 90, "texture": "#crop"}
			}
		},
		{
			"from": [9.5, -1, 5],
			"to": [12.5, 10, 5],
			"rotation": {"angle": 45, "axis": "y", "origin": [11, 0, 5]},
			"faces": {
				"north": {"uv": [6, 7, 9, 16], "texture": "#crop"},
				"east": {"uv": [7, 7, 7, 16], "texture": "#crop"},
				"south": {"uv": [6, 7, 9, 16], "texture": "#crop"},
				"west": {"uv": [7, 7, 7, 16], "texture": "#crop"},
				"up": {"uv": [0, 0, 2, 0], "texture": "#missing"},
				"down": {"uv": [0, 0, 2, 0], "texture": "#missing"}
			}
		},
		{
			"from": [11, -1, 3.5],
			"to": [11, 10, 6.5],
			"rotation": {"angle": 45, "axis": "y", "origin": [11, 0, 5]},
			"faces": {
				"north": {"uv": [7, 7, 7, 16], "texture": "#crop"},
				"east": {"uv": [6, 7, 9, 16], "texture": "#crop"},
				"south": {"uv": [7, 7, 7, 16], "texture": "#crop"},
				"west": {"uv": [6, 7, 9, 16], "texture": "#crop"},
				"up": {"uv": [0, 0, 2, 0], "rotation": 270, "texture": "#missing"},
				"down": {"uv": [0, 0, 2, 0], "rotation": 90, "texture": "#missing"}
			}
		},
		{
			"from": [7, 9, 4],
			"to": [11, 9, 6],
			"rotation": {"angle": -22.5, "axis": "z", "origin": [11, 9, 4]},
			"faces": {
				"north": {"uv": [0, 0, 4, 0], "texture": "#missing"},
				"east": {"uv": [0, 0, 2, 0], "texture": "#missing"},
				"south": {"uv": [0, 0, 4, 0], "texture": "#missing"},
				"west": {"uv": [0, 0, 2, 0], "texture": "#missing"},
				"up": {"uv": [5, 4, 7, 8], "rotation": 90, "texture": "#crop"},
				"down": {"uv": [7, 4, 5, 8], "rotation": 90, "texture": "#crop"}
			}
		},
		{
			"from": [11, 9, 4],
			"to": [15, 9, 6],
			"rotation": {"angle": 22.5, "axis": "z", "origin": [11, 9, 6]},
			"faces": {
				"north": {"uv": [0, 0, 4, 0], "texture": "#missing"},
				"east": {"uv": [0, 0, 2, 0], "texture": "#missing"},
				"south": {"uv": [0, 0, 4, 0], "texture": "#missing"},
				"west": {"uv": [0, 0, 2, 0], "texture": "#missing"},
				"up": {"uv": [5, 4, 7, 8], "rotation": 90, "texture": "#crop"},
				"down": {"uv": [7, 4, 5, 8], "rotation": 90, "texture": "#crop"}
			}
		},
		{
			"from": [10, 5, 0],
			"to": [12, 5, 5],
			"rotation": {"angle": 22.5, "axis": "x", "origin": [12, 5, 5]},
			"faces": {
				"north": {"uv": [0, 0, 2, 0], "texture": "#missing"},
				"east": {"uv": [0, 0, 5, 0], "texture": "#missing"},
				"south": {"uv": [0, 0, 2, 0], "texture": "#missing"},
				"west": {"uv": [0, 0, 5, 0], "texture": "#missing"},
				"up": {"uv": [8, 8, 13, 10], "rotation": 90, "texture": "#crop"},
				"down": {"uv": [8, 8, 13, 10], "rotation": 270, "texture": "#crop"}
			}
		}
	],
	"groups": [
		{
			"name": "group",
			"origin": [7, 5, 8],
			"color": 0,
			"children": [0, 1, 2, 3, 4, 5]
		},
		{
			"name": "group",
			"origin": [7, 5, 8],
			"color": 0,
			"children": [6, 7, 8, 9, 10, 11]
		}
	]
}