{
	"format_version": "1.21.6",
	"credit": "Made with Blockbench",
	"parent": "minecraft:block/crop",
	"textures": {
		"crop": "culturaldelights:block/eggplants_stage1"
	},
	"elements": [
		{
			"from": [10, -1, 5],
			"to": [12, 3, 5],
			"rotation": {"angle": 45, "axis": "y", "origin": [11, 0, 5]},
			"faces": {
				"north": {"uv": [7, 12, 9, 16], "texture": "#crop"},
				"east": {"uv": [7, 12, 7, 16], "texture": "#crop"},
				"south": {"uv": [7, 12, 9, 16], "texture": "#crop"},
				"west": {"uv": [7, 12, 7, 16], "texture": "#crop"},
				"up": {"uv": [0, 0, 2, 0], "texture": "#missing"},
				"down": {"uv": [0, 0, 2, 0], "texture": "#missing"}
			}
		},
		{
			"from": [11, -1, 4],
			"to": [11, 3, 6],
			"rotation": {"angle": 45, "axis": "y", "origin": [11, 0, 5]},
			"faces": {
				"north": {"uv": [7, 12, 7, 16], "texture": "#crop"},
				"east": {"uv": [7, 12, 9, 16], "texture": "#crop"},
				"south": {"uv": [7, 12, 7, 16], "texture": "#crop"},
				"west": {"uv": [7, 12, 9, 16], "texture": "#crop"},
				"up": {"uv": [0, 0, 2, 0], "rotation": 270, "texture": "#missing"},
				"down": {"uv": [0, 0, 2, 0], "rotation": 90, "texture": "#missing"}
			}
		},
		{
			"from": [11, 3, 4],
			"to": [14, 3, 6],
			"rotation": {"angle": 22.5, "axis": "z", "origin": [11, 3, 4]},
			"faces": {
				"north": {"uv": [0, 0, 3, 0], "texture": "#missing"},
				"east": {"uv": [0, 0, 2, 0], "texture": "#missing"},
				"south": {"uv": [0, 0, 3, 0], "texture": "#missing"},
				"west": {"uv": [0, 0, 2, 0], "texture": "#missing"},
				"up": {"uv": [3, 10, 6, 12], "texture": "#crop"},
				"down": {"uv": [3, 12, 6, 10], "texture": "#crop"}
			}
		},
		{
			"from": [7, 3, 4],
			"to": [11, 3, 6],
			"rotation": {"angle": -22.5, "axis": "z", "origin": [11, 3, 6]},
			"faces": {
				"north": {"uv": [0, 0, 3, 0], "texture": "#missing"},
				"east": {"uv": [0, 0, 2, 0], "texture": "#missing"},
				"south": {"uv": [0, 0, 3, 0], "texture": "#missing"},
				"west": {"uv": [0, 0, 2, 0], "texture": "#missing"},
				"up": {"uv": [12, 11, 8, 9], "texture": "#crop"},
				"down": {"uv": [12, 9, 8, 11], "texture": "#crop"}
			}
		},
		{
			"from": [4, -1, 11],
			"to": [6, 3, 11],
			"rotation": {"angle": 45, "axis": "y", "origin": [5, 0, 11]},
			"faces": {
				"north": {"uv": [7, 12, 9, 16], "texture": "#crop"},
				"east": {"uv": [7, 12, 7, 16], "texture": "#crop"},
				"south": {"uv": [7, 12, 9, 16], "texture": "#crop"},
				"west": {"uv": [7, 12, 7, 16], "texture": "#crop"},
				"up": {"uv": [0, 0, 2, 0], "texture": "#missing"},
				"down": {"uv": [0, 0, 2, 0], "texture": "#missing"}
			}
		},
		{
			"from": [5, -1, 10],
			"to": [5, 3, 12],
			"rotation": {"angle": 45, "axis": "y", "origin": [5, 0, 11]},
			"faces": {
				"north": {"uv": [7, 12, 7, 16], "texture": "#crop"},
				"east": {"uv": [7, 12, 9, 16], "texture": "#crop"},
				"south": {"uv": [7, 12, 7, 16], "texture": "#crop"},
				"west": {"uv": [7, 12, 9, 16], "texture": "#crop"},
				"up": {"uv": [0, 0, 2, 0], "rotation": 270, "texture": "#missing"},
				"down": {"uv": [0, 0, 2, 0], "rotation": 90, "texture": "#missing"}
			}
		},
		{
			"from": [5, 3, 10],
			"to": [8, 3, 12],
			"rotation": {"angle": 22.5, "axis": "z", "origin": [5, 3, 10]},
			"faces": {
				"north": {"uv": [0, 0, 3, 0], "texture": "#missing"},
				"east": {"uv": [0, 0, 2, 0], "texture": "#missing"},
				"south": {"uv": [0, 0, 3, 0], "texture": "#missing"},
				"west": {"uv": [0, 0, 2, 0], "texture": "#missing"},
				"up": {"uv": [3, 10, 6, 12], "texture": "#crop"},
				"down": {"uv": [3, 12, 6, 10], "texture": "#crop"}
			}
		},
		{
			"from": [1, 3, 10],
			"to": [5, 3, 12],
			"rotation": {"angle": -22.5, "axis": "z", "origin": [5, 3, 12]},
			"faces": {
				"north": {"uv": [0, 0, 3, 0], "texture": "#missing"},
				"east": {"uv": [0, 0, 2, 0], "texture": "#missing"},
				"south": {"uv": [0, 0, 3, 0], "texture": "#missing"},
				"west": {"uv": [0, 0, 2, 0], "texture": "#missing"},
				"up": {"uv": [12, 11, 8, 9], "texture": "#crop"},
				"down": {"uv": [12, 9, 8, 11], "texture": "#crop"}
			}
		}
	],
	"groups": [
		{
			"name": "group",
			"origin": [8, 0, 8],
			"color": 0,
			"children": [0, 1, 2, 3]
		},
		{
			"name": "group",
			"origin": [8, 0, 8],
			"color": 0,
			"children": [4, 5, 6, 7]
		}
	]
}