{
	"format_version": "1.9.0",
	"credit": "Made with Blockbench",
	"textures": {
		"1": "culturaldelights:block/wild_cucumbers",
		"2": "culturaldelights:block/cucumbers_stage5",
		"3": "culturaldelights:block/wild_cucumbers_leaves",
		"particle": "culturaldelights:block/wild_cucumbers"
	},
	"elements": [
		{
			"from": [0.8, 0, 8],
			"to": [15.2, 16, 8],
			"shade": false,
			"rotation": {"angle": 45, "axis": "y", "origin": [8, 8, 8], "rescale": true},
			"faces": {
				"north": {"uv": [0, 0, 16, 16], "texture": "#1"},
				"east": {"uv": [0, 0, 0, 0], "texture": "#missing"},
				"south": {"uv": [0, 0, 16, 16], "texture": "#1"},
				"west": {"uv": [0, 0, 0, 0], "texture": "#1"}
			}
		},
		{
			"from": [8, 0, 0.8],
			"to": [8, 16, 15.2],
			"shade": false,
			"rotation": {"angle": 45, "axis": "y", "origin": [8, 8, 8], "rescale": true},
			"faces": {
				"north": {"uv": [0, 0, 0, 16], "texture": "#1"},
				"east": {"uv": [0, 0, 16, 16], "texture": "#1"},
				"south": {"uv": [0, 0, 0, 16], "texture": "#1"},
				"west": {"uv": [0, 0, 16, 16], "texture": "#1"}
			}
		},
		{
			"from": [0, 11, -1],
			"to": [16, 11, 7],
			"rotation": {"angle": -22.5, "axis": "x", "origin": [8, 11, 8]},
			"faces": {
				"north": {"uv": [0, 0, 16, 0], "texture": "#3"},
				"east": {"uv": [0, 0, 8, 0], "texture": "#3"},
				"south": {"uv": [0, 0, 16, 0], "texture": "#3"},
				"west": {"uv": [0, 0, 8, 0], "texture": "#3"},
				"up": {"uv": [0, 5, 16, 13], "rotation": 180, "texture": "#3"},
				"down": {"uv": [0, 5, 16, 13], "texture": "#3"}
			}
		},
		{
			"from": [0, 11, 9],
			"to": [16, 11, 17],
			"rotation": {"angle": 22.5, "axis": "x", "origin": [8, 11, 8]},
			"faces": {
				"north": {"uv": [0, 0, 16, 0], "texture": "#3"},
				"east": {"uv": [0, 0, 8, 0], "texture": "#3"},
				"south": {"uv": [0, 0, 16, 0], "texture": "#3"},
				"west": {"uv": [0, 0, 8, 0], "texture": "#3"},
				"up": {"uv": [0, 5, 16, 13], "texture": "#3"},
				"down": {"uv": [0, 5, 16, 13], "rotation": 180, "texture": "#3"}
			}
		},
		{
			"from": [9, 11, 0],
			"to": [17, 11, 16],
			"rotation": {"angle": -22.5, "axis": "z", "origin": [8, 11, 8]},
			"faces": {
				"north": {"uv": [0, 0, 8, 0], "texture": "#3"},
				"east": {"uv": [0, 0, 16, 0], "texture": "#3"},
				"south": {"uv": [0, 0, 8, 0], "texture": "#3"},
				"west": {"uv": [0, 0, 16, 0], "texture": "#3"},
				"up": {"uv": [0, 5, 16, 13], "rotation": 270, "texture": "#3"},
				"down": {"uv": [0, 5, 16, 13], "rotation": 270, "texture": "#3"}
			}
		},
		{
			"from": [-1, 11, 0],
			"to": [7, 11, 16],
			"rotation": {"angle": 22.5, "axis": "z", "origin": [8, 11, 8]},
			"faces": {
				"north": {"uv": [0, 0, 8, 0], "texture": "#3"},
				"east": {"uv": [0, 0, 16, 0], "texture": "#3"},
				"south": {"uv": [0, 0, 8, 0], "texture": "#3"},
				"west": {"uv": [0, 0, 16, 0], "texture": "#3"},
				"up": {"uv": [0, 5, 16, 13], "rotation": 90, "texture": "#3"},
				"down": {"uv": [0, 5, 16, 13], "rotation": 90, "texture": "#3"}
			}
		},
		{
			"from": [0, 9, -1],
			"to": [16, 9, 7],
			"rotation": {"angle": -22.5, "axis": "x", "origin": [8, 9, 8]},
			"faces": {
				"north": {"uv": [0, 0, 16, 0], "texture": "#3"},
				"east": {"uv": [0, 0, 8, 0], "texture": "#3"},
				"south": {"uv": [0, 0, 16, 0], "texture": "#3"},
				"west": {"uv": [0, 0, 8, 0], "texture": "#3"},
				"up": {"uv": [0, 6, 16, 14], "rotation": 180, "texture": "#3"},
				"down": {"uv": [0, 6, 16, 14], "texture": "#3"}
			}
		},
		{
			"from": [0, 9, 9],
			"to": [16, 9, 17],
			"rotation": {"angle": 22.5, "axis": "x", "origin": [8, 9, 8]},
			"faces": {
				"north": {"uv": [0, 0, 16, 0], "texture": "#3"},
				"east": {"uv": [0, 0, 8, 0], "texture": "#3"},
				"south": {"uv": [0, 0, 16, 0], "texture": "#3"},
				"west": {"uv": [0, 0, 8, 0], "texture": "#3"},
				"up": {"uv": [0, 6, 16, 14], "texture": "#3"},
				"down": {"uv": [0, 6, 16, 14], "rotation": 180, "texture": "#3"}
			}
		},
		{
			"from": [9, 9, 0],
			"to": [17, 9, 16],
			"rotation": {"angle": -22.5, "axis": "z", "origin": [8, 9, 8]},
			"faces": {
				"north": {"uv": [0, 0, 8, 0], "texture": "#3"},
				"east": {"uv": [0, 0, 16, 0], "texture": "#3"},
				"south": {"uv": [0, 0, 8, 0], "texture": "#3"},
				"west": {"uv": [0, 0, 16, 0], "texture": "#3"},
				"up": {"uv": [0, 6, 16, 14], "rotation": 270, "texture": "#3"},
				"down": {"uv": [0, 6, 16, 14], "rotation": 270, "texture": "#3"}
			}
		},
		{
			"from": [-1, 9, 0],
			"to": [7, 9, 16],
			"rotation": {"angle": 22.5, "axis": "z", "origin": [8, 9, 8]},
			"faces": {
				"north": {"uv": [0, 0, 8, 0], "texture": "#3"},
				"east": {"uv": [0, 0, 16, 0], "texture": "#3"},
				"south": {"uv": [0, 0, 8, 0], "texture": "#3"},
				"west": {"uv": [0, 0, 16, 0], "texture": "#3"},
				"up": {"uv": [0, 6, 16, 14], "rotation": 90, "texture": "#3"},
				"down": {"uv": [0, 6, 16, 14], "rotation": 90, "texture": "#3"}
			}
		},
		{
			"from": [3, 3, 6],
			"to": [4, 6, 7],
			"rotation": {"angle": 0, "axis": "y", "origin": [2, 3, 6]},
			"faces": {
				"north": {"uv": [9, 11, 10, 14], "texture": "#2"},
				"east": {"uv": [9, 11, 10, 14], "texture": "#2"},
				"south": {"uv": [9, 11, 10, 14], "texture": "#2"},
				"west": {"uv": [9, 11, 10, 14], "texture": "#2"},
				"up": {"uv": [13, 10, 14, 11], "texture": "#2"},
				"down": {"uv": [13, 10, 14, 11], "texture": "#2"}
			}
		},
		{
			"from": [6, 4, 10],
			"to": [7, 7, 11],
			"rotation": {"angle": 0, "axis": "y", "origin": [5, 4, 10]},
			"faces": {
				"north": {"uv": [9, 11, 10, 14], "texture": "#2"},
				"east": {"uv": [9, 11, 10, 14], "texture": "#2"},
				"south": {"uv": [9, 11, 10, 14], "texture": "#2"},
				"west": {"uv": [9, 11, 10, 14], "texture": "#2"},
				"up": {"uv": [13, 10, 14, 11], "texture": "#2"},
				"down": {"uv": [13, 10, 14, 11], "texture": "#2"}
			}
		},
		{
			"from": [11, 3, 7],
			"to": [12, 6, 8],
			"rotation": {"angle": 0, "axis": "y", "origin": [10, 3, 7]},
			"faces": {
				"north": {"uv": [9, 11, 10, 14], "texture": "#2"},
				"east": {"uv": [9, 11, 10, 14], "texture": "#2"},
				"south": {"uv": [9, 11, 10, 14], "texture": "#2"},
				"west": {"uv": [9, 11, 10, 14], "texture": "#2"},
				"up": {"uv": [13, 10, 14, 11], "texture": "#2"},
				"down": {"uv": [13, 10, 14, 11], "texture": "#2"}
			}
		},
		{
			"from": [8, 4, 4],
			"to": [9, 7, 5],
			"rotation": {"angle": 0, "axis": "y", "origin": [7, 4, 4]},
			"faces": {
				"north": {"uv": [9, 11, 10, 14], "texture": "#2"},
				"east": {"uv": [9, 11, 10, 14], "texture": "#2"},
				"south": {"uv": [9, 11, 10, 14], "texture": "#2"},
				"west": {"uv": [9, 11, 10, 14], "texture": "#2"},
				"up": {"uv": [13, 10, 14, 11], "texture": "#2"},
				"down": {"uv": [13, 10, 14, 11], "texture": "#2"}
			}
		}
	],
	"groups": [
		0,
		1,
		{
			"name": "group",
			"origin": [8, 11, 8],
			"color": 0,
			"children": [2, 3, 4, 5]
		},
		{
			"name": "group",
			"origin": [8, 11, 8],
			"color": 0,
			"children": [6, 7, 8, 9]
		},
		10,
		11,
		12,
		13
	]
}