{
	"format_version": "1.9.0",
	"credit": "Made with Blockbench",
	"textures": {
		"1": "culturaldelights:block/wild_corn_leaves",
		"particle": "culturaldelights:block/wild_corn",
		"cross": "culturaldelights:block/wild_corn"
	},
	"elements": [
		{
			"from": [0, 0, 5],
			"to": [16, 16, 5],
			"rotation": {"angle": 22.5, "axis": "x", "origin": [0, 0, 5]},
			"faces": {
				"north": {"uv": [0, 0, 16, 16], "texture": "#1"},
				"east": {"uv": [0, 0, 0, 16], "texture": "#1"},
				"south": {"uv": [0, 0, 16, 16], "texture": "#1"},
				"west": {"uv": [0, 0, 0, 16], "texture": "#1"},
				"up": {"uv": [16, 0, 0, 0], "texture": "#1"},
				"down": {"uv": [16, 0, 0, 0], "texture": "#1"}
			}
		},
		{
			"from": [0, 0, 11],
			"to": [16, 16, 11],
			"rotation": {"angle": -22.5, "axis": "x", "origin": [16, 0, 11]},
			"faces": {
				"north": {"uv": [0, 0, 16, 16], "texture": "#1"},
				"east": {"uv": [0, 0, 0, 16], "texture": "#1"},
				"south": {"uv": [0, 0, 16, 16], "texture": "#1"},
				"west": {"uv": [0, 0, 0, 16], "texture": "#1"},
				"up": {"uv": [16, 0, 0, 0], "texture": "#1"},
				"down": {"uv": [16, 0, 0, 0], "texture": "#1"}
			}
		},
		{
			"from": [11, 0, 0],
			"to": [11, 16, 16],
			"rotation": {"angle": 22.5, "axis": "z", "origin": [11, 0, 0]},
			"faces": {
				"north": {"uv": [0, 0, 0, 16], "texture": "#1"},
				"east": {"uv": [0, 0, 16, 16], "texture": "#1"},
				"south": {"uv": [0, 0, 0, 16], "texture": "#1"},
				"west": {"uv": [0, 0, 16, 16], "texture": "#1"},
				"up": {"uv": [0, 16, 0, 0], "texture": "#1"},
				"down": {"uv": [0, 0, 0, 16], "texture": "#1"}
			}
		},
		{
			"from": [5, 0, 0],
			"to": [5, 16, 16],
			"rotation": {"angle": -22.5, "axis": "z", "origin": [5, 0, 16]},
			"faces": {
				"north": {"uv": [0, 0, 0, 16], "texture": "#1"},
				"east": {"uv": [0, 0, 16, 16], "texture": "#1"},
				"south": {"uv": [0, 0, 0, 16], "texture": "#1"},
				"west": {"uv": [0, 0, 16, 16], "texture": "#1"},
				"up": {"uv": [0, 16, 0, 0], "texture": "#1"},
				"down": {"uv": [0, 0, 0, 16], "texture": "#1"}
			}
		},
		{
			"from": [3, 5, 7],
			"to": [4, 9, 8],
			"rotation": {"angle": 0, "axis": "y", "origin": [3, 5, 6]},
			"faces": {
				"north": {"uv": [6, 1, 7, 5], "texture": "#cross"},
				"east": {"uv": [6, 1, 7, 5], "texture": "#cross"},
				"south": {"uv": [6, 1, 7, 5], "texture": "#cross"},
				"west": {"uv": [6, 1, 7, 5], "texture": "#cross"},
				"up": {"uv": [6, 1, 7, 2], "texture": "#cross"},
				"down": {"uv": [6, 5, 7, 6], "texture": "#cross"}
			}
		},
		{
			"from": [9, 3, 4],
			"to": [10, 7, 5],
			"rotation": {"angle": 0, "axis": "y", "origin": [9, 3, 3]},
			"faces": {
				"north": {"uv": [6, 1, 7, 5], "texture": "#cross"},
				"east": {"uv": [6, 1, 7, 5], "texture": "#cross"},
				"south": {"uv": [6, 1, 7, 5], "texture": "#cross"},
				"west": {"uv": [6, 1, 7, 5], "texture": "#cross"},
				"up": {"uv": [6, 1, 7, 2], "texture": "#cross"},
				"down": {"uv": [6, 5, 7, 6], "texture": "#cross"}
			}
		},
		{
			"from": [8, 7, 10],
			"to": [9, 11, 11],
			"rotation": {"angle": 0, "axis": "y", "origin": [8, 7, 9]},
			"faces": {
				"north": {"uv": [6, 1, 7, 5], "texture": "#cross"},
				"east": {"uv": [6, 1, 7, 5], "texture": "#cross"},
				"south": {"uv": [6, 1, 7, 5], "texture": "#cross"},
				"west": {"uv": [6, 1, 7, 5], "texture": "#cross"},
				"up": {"uv": [6, 1, 7, 2], "texture": "#cross"},
				"down": {"uv": [6, 5, 7, 6], "texture": "#cross"}
			}
		},
		{
			"from": [12, 2, 9],
			"to": [13, 5, 10],
			"rotation": {"angle": 0, "axis": "y", "origin": [12, 2, 8]},
			"faces": {
				"north": {"uv": [7, 7, 8, 10], "texture": "#cross"},
				"east": {"uv": [7, 7, 8, 10], "texture": "#cross"},
				"south": {"uv": [7, 7, 8, 10], "texture": "#cross"},
				"west": {"uv": [7, 7, 8, 10], "texture": "#cross"},
				"up": {"uv": [7, 7, 8, 8], "texture": "#cross"},
				"down": {"uv": [7, 9, 8, 10], "texture": "#cross"}
			}
		},
		{
			"from": [6, 5, 8],
			"to": [7, 8, 9],
			"rotation": {"angle": 0, "axis": "y", "origin": [6, 5, 7]},
			"faces": {
				"north": {"uv": [7, 7, 8, 10], "texture": "#cross"},
				"east": {"uv": [7, 7, 8, 10], "texture": "#cross"},
				"south": {"uv": [7, 7, 8, 10], "texture": "#cross"},
				"west": {"uv": [7, 7, 8, 10], "texture": "#cross"},
				"up": {"uv": [7, 7, 8, 8], "texture": "#cross"},
				"down": {"uv": [7, 9, 8, 10], "texture": "#cross"}
			}
		},
		{
			"from": [7, 5, 2],
			"to": [8, 8, 3],
			"rotation": {"angle": 0, "axis": "y", "origin": [7, 5, 1]},
			"faces": {
				"north": {"uv": [7, 7, 8, 10], "texture": "#cross"},
				"east": {"uv": [7, 7, 8, 10], "texture": "#cross"},
				"south": {"uv": [7, 7, 8, 10], "texture": "#cross"},
				"west": {"uv": [7, 7, 8, 10], "texture": "#cross"},
				"up": {"uv": [7, 7, 8, 8], "texture": "#cross"},
				"down": {"uv": [7, 9, 8, 10], "texture": "#cross"}
			}
		},
		{
			"from": [9, 4, 13],
			"to": [10, 7, 14],
			"rotation": {"angle": 0, "axis": "y", "origin": [9, 4, 12]},
			"faces": {
				"north": {"uv": [7, 7, 8, 10], "texture": "#cross"},
				"east": {"uv": [7, 7, 8, 10], "texture": "#cross"},
				"south": {"uv": [7, 7, 8, 10], "texture": "#cross"},
				"west": {"uv": [7, 7, 8, 10], "texture": "#cross"},
				"up": {"uv": [7, 7, 8, 8], "texture": "#cross"},
				"down": {"uv": [7, 9, 8, 10], "texture": "#cross"}
			}
		},
		{
			"from": [14, 2, 5],
			"to": [15, 5, 6],
			"rotation": {"angle": 0, "axis": "y", "origin": [14, 2, 4]},
			"faces": {
				"north": {"uv": [7, 7, 8, 10], "texture": "#cross"},
				"east": {"uv": [7, 7, 8, 10], "texture": "#cross"},
				"south": {"uv": [7, 7, 8, 10], "texture": "#cross"},
				"west": {"uv": [7, 7, 8, 10], "texture": "#cross"},
				"up": {"uv": [7, 7, 8, 8], "texture": "#cross"},
				"down": {"uv": [7, 9, 8, 10], "texture": "#cross"}
			}
		},
		{
			"from": [6, 3, 13],
			"to": [7, 5, 14],
			"rotation": {"angle": 0, "axis": "y", "origin": [6, 3, 12]},
			"faces": {
				"north": {"uv": [1, 8, 2, 10], "texture": "#cross"},
				"east": {"uv": [1, 8, 2, 10], "texture": "#cross"},
				"south": {"uv": [1, 8, 2, 10], "texture": "#cross"},
				"west": {"uv": [1, 8, 2, 10], "texture": "#cross"},
				"up": {"uv": [1, 8, 2, 9], "texture": "#cross"},
				"down": {"uv": [1, 8, 2, 9], "texture": "#cross"}
			}
		},
		{
			"from": [10, 1, 2],
			"to": [11, 3, 3],
			"rotation": {"angle": 0, "axis": "y", "origin": [10, 1, 1]},
			"faces": {
				"north": {"uv": [1, 8, 2, 10], "texture": "#cross"},
				"east": {"uv": [1, 8, 2, 10], "texture": "#cross"},
				"south": {"uv": [1, 8, 2, 10], "texture": "#cross"},
				"west": {"uv": [1, 8, 2, 10], "texture": "#cross"},
				"up": {"uv": [1, 8, 2, 9], "texture": "#cross"},
				"down": {"uv": [1, 9, 2, 10], "texture": "#cross"}
			}
		},
		{
			"from": [3, 2, 5],
			"to": [4, 4, 6],
			"rotation": {"angle": 0, "axis": "y", "origin": [3, 2, 4]},
			"faces": {
				"north": {"uv": [1, 8, 2, 10], "texture": "#cross"},
				"east": {"uv": [1, 8, 2, 10], "texture": "#cross"},
				"south": {"uv": [1, 8, 2, 10], "texture": "#cross"},
				"west": {"uv": [1, 8, 2, 10], "texture": "#cross"},
				"up": {"uv": [1, 8, 2, 9], "texture": "#cross"},
				"down": {"uv": [1, 9, 2, 10], "texture": "#cross"}
			}
		},
		{
			"from": [7, 7, 6],
			"to": [8, 9, 7],
			"rotation": {"angle": 0, "axis": "y", "origin": [7, 7, 5]},
			"faces": {
				"north": {"uv": [1, 8, 2, 10], "texture": "#cross"},
				"east": {"uv": [1, 8, 2, 10], "texture": "#cross"},
				"south": {"uv": [1, 8, 2, 10], "texture": "#cross"},
				"west": {"uv": [1, 8, 2, 10], "texture": "#cross"},
				"up": {"uv": [1, 8, 2, 9], "texture": "#cross"},
				"down": {"uv": [1, 8, 2, 9], "texture": "#cross"}
			}
		},
		{
			"from": [12, 7, 7],
			"to": [13, 9, 8],
			"rotation": {"angle": 0, "axis": "y", "origin": [12, 7, 6]},
			"faces": {
				"north": {"uv": [1, 8, 2, 10], "texture": "#cross"},
				"east": {"uv": [1, 8, 2, 10], "texture": "#cross"},
				"south": {"uv": [1, 8, 2, 10], "texture": "#cross"},
				"west": {"uv": [1, 8, 2, 10], "texture": "#cross"},
				"up": {"uv": [1, 8, 2, 9], "texture": "#cross"},
				"down": {"uv": [1, 8, 2, 9], "texture": "#cross"}
			}
		}
	]
}