{
	"type": "apotheosis:mob_effect",
	"mob_effect": "minecraft:haste",
	"target": "BREAK_SELF",
	"values": {
		"rare": {
			"duration": {
				"min": 200,
				"steps": 5,
				"step": 10
			},
			"amplifier": 0,
			"cooldown": 1500
		},
		"epic": {
			"duration": {
				"min": 200,
				"steps": 6,
				"step": 10
			},
			"amplifier": {
				"min": 0,
				"steps": 6,
				"step": 0.16
			},
			"cooldown": 1500
		},
		"mythic": {
			"duration": {
				"min": 240,
				"steps": 6,
				"step": 10
			},
			"amplifier": {
				"min": 0,
				"steps": 12,
				"step": 0.16
			},
			"cooldown": 1500
		},
		"ancient": {
			"duration": {
				"min": 240,
				"steps": 6,
				"step": 10
			},
			"amplifier": {
				"min": 1,
				"steps": 12,
				"step": 0.16
			},
			"cooldown": 1350
		}
	},
	"types": [
		"pickaxe", "shovel"
	]
}