{
    "type": "minecraft:entity",
    "pools": [
        {
            "rolls": 1,
            "entries": [
                {
                    "type": "minecraft:loot_table",
                    "name": "minecraft:entities/wither"
                }
            ]
        },
		{
            "rolls": 1,
            "entries": [
				{
					"type": "item",
					"name": "endrem:wither_eye",
					"functions": [
						{
							"function": "set_count",
							"count": 1 
						}
					]
				}
            ]
        },
        {
            "rolls": 1,
            "entries": [
                {
                    "type": "minecraft:item",
                    "name": "minecraft:netherite_upgrade_smithing_template",
                    "functions": [
                        {
                            "function": "minecraft:set_count",
                            "count": 2
                        }
                    ]
                }
            ]
        },
        {
            "rolls": 1,
            "entries": [
                {
                    "type": "minecraft:item",
                    "name": "minecraft:nether_star",
                    "functions": [
                        {
                            "function": "minecraft:set_count",
                            "count": 3
                        }
                    ]
                }
            ]
        }
    ]
}
