{
	"credit": "Made with Blockbench",
	"texture_size": [8, 8],
	"textures": {
		"2": "irons_spellbooks:item/amethyst_rapier",
		"particle": "irons_spellbooks:item/amethyst_rapier"
	},
	"elements": [
		{
			"from": [7.4375, -6.1875, 8],
			"to": [8.4375, 5.0625, 8],
			"rotation": {"angle": 0, "axis": "y", "origin": [8.9375, 14.8125, 9]},
			"faces": {
				"north": {"uv": [10.75, 1, 5, 1.5], "rotation": 90, "texture": "#2"},
				"east": {"uv": [5.75, 0, 0, 0], "rotation": 270, "texture": "#2"},
				"south": {"uv": [5.75, 5, 0, 5.5], "rotation": 270, "texture": "#2"},
				"west": {"uv": [5.75, 0, 0, 0], "rotation": 270, "texture": "#2"},
				"up": {"uv": [0, 0, 0, 0.5], "rotation": 270, "texture": "#2"},
				"down": {"uv": [0, 0, 0, 0.5], "rotation": 270, "texture": "#2"}
			}
		},
		{
			"from": [7.4375, 4.8125, 7.75],
			"to": [8.4375, 20.0625, 8.25],
			"rotation": {"angle": 0, "axis": "y", "origin": [8.9375, 14.8125, 9]},
			"faces": {
				"north": {"uv": [7.75, 0.5, 0, 1], "rotation": 90, "texture": "#2"},
				"east": {"uv": [12.75, 2.25, 5, 2], "rotation": 270, "texture": "#2"},
				"south": {"uv": [7.75, 0, 0, 0.5], "rotation": 270, "texture": "#2"},
				"west": {"uv": [12.75, 1.5, 5, 1.75], "rotation": 270, "texture": "#2"},
				"up": {"uv": [9.25, 5.5, 9, 6], "rotation": 270, "texture": "#2"},
				"down": {"uv": [9.25, 6, 9, 6.5], "rotation": 270, "texture": "#2"}
			}
		},
		{
			"from": [7.1875, 21.0625, 7.5],
			"to": [8.6875, 30.5625, 8.75],
			"rotation": {"angle": 0, "axis": "y", "origin": [8.9375, 14.8125, 9]},
			"faces": {
				"north": {"uv": [4.75, 2, 0, 2.75], "rotation": 90, "texture": "#2"},
				"east": {"uv": [4.75, 4.75, 0, 4], "rotation": 270, "texture": "#2"},
				"south": {"uv": [4.75, 1, 0, 1.75], "rotation": 270, "texture": "#2"},
				"west": {"uv": [4.75, 3, 0, 3.75], "rotation": 270, "texture": "#2"},
				"up": {"uv": [9.25, 7.5, 8.5, 8.25], "rotation": 270, "texture": "#2"},
				"down": {"uv": [9.25, 8.5, 8.5, 9.25], "rotation": 270, "texture": "#2"}
			}
		},
		{
			"from": [6.9375, 29.0625, 7],
			"to": [8.9375, 31.0625, 9],
			"rotation": {"angle": 0, "axis": "y", "origin": [8.9375, 29.0625, 9]},
			"faces": {
				"north": {"uv": [1, 7, 0, 8], "rotation": 90, "texture": "#2"},
				"east": {"uv": [4, 8, 3, 7], "rotation": 270, "texture": "#2"},
				"south": {"uv": [6, 6.5, 5, 7.5], "rotation": 270, "texture": "#2"},
				"west": {"uv": [3, 7, 2, 8], "rotation": 270, "texture": "#2"},
				"up": {"uv": [7, 6.5, 6, 7.5], "rotation": 270, "texture": "#2"},
				"down": {"uv": [2, 7, 1, 8], "rotation": 270, "texture": "#2"}
			}
		},
		{
			"from": [7.1875, 29.8125, 7.25],
			"to": [8.6875, 31.8125, 8.75],
			"rotation": {"angle": 0, "axis": "y", "origin": [8.9375, 29.8125, 9]},
			"faces": {
				"north": {"uv": [8, 7.5, 7, 8.25], "rotation": 90, "texture": "#2"},
				"east": {"uv": [9, 0.75, 8, 0], "rotation": 270, "texture": "#2"},
				"south": {"uv": [7, 7.5, 6, 8.25], "rotation": 270, "texture": "#2"},
				"west": {"uv": [1, 8, 0, 8.75], "rotation": 270, "texture": "#2"},
				"up": {"uv": [1.75, 8, 1, 8.75], "rotation": 270, "texture": "#2"},
				"down": {"uv": [2.75, 8, 2, 8.75], "rotation": 270, "texture": "#2"}
			}
		},
		{
			"from": [7, 20.8125, 7],
			"to": [9, 22.8125, 9],
			"rotation": {"angle": 0, "axis": "y", "origin": [9, 20.8125, 9]},
			"faces": {
				"north": {"uv": [8.5, 2.5, 7.5, 3.5], "rotation": 90, "texture": "#2"},
				"east": {"uv": [8.5, 6.5, 7.5, 5.5], "rotation": 270, "texture": "#2"},
				"south": {"uv": [5, 7, 4, 8], "rotation": 270, "texture": "#2"},
				"west": {"uv": [6, 7.5, 5, 8.5], "rotation": 270, "texture": "#2"},
				"up": {"uv": [8, 6.5, 7, 7.5], "rotation": 270, "texture": "#2"},
				"down": {"uv": [8.5, 3.5, 7.5, 4.5], "rotation": 270, "texture": "#2"}
			}
		},
		{
			"from": [2.5, 21.8125, 7.75],
			"to": [7, 22.3125, 8.25],
			"rotation": {"angle": 0, "axis": "y", "origin": [7, 20.8125, 9]},
			"faces": {
				"north": {"uv": [4.25, 8, 4, 10.25], "rotation": 90, "texture": "#2"},
				"east": {"uv": [9.25, 7.25, 9, 7], "rotation": 270, "texture": "#2"},
				"south": {"uv": [3.25, 8, 3, 10.25], "rotation": 270, "texture": "#2"},
				"west": {"uv": [9.25, 6.5, 9, 6.75], "rotation": 270, "texture": "#2"},
				"up": {"uv": [3.75, 8, 3.5, 10.25], "rotation": 270, "texture": "#2"},
				"down": {"uv": [4.75, 8, 4.5, 10.25], "rotation": 270, "texture": "#2"}
			}
		},
		{
			"from": [5.75, 21.5625, 7.5],
			"to": [7, 22.5625, 8.5],
			"rotation": {"angle": 0, "axis": "y", "origin": [7, 20.8125, 9.25]},
			"faces": {
				"north": {"uv": [9.5, 0, 9, 0.75], "rotation": 90, "texture": "#2"},
				"east": {"uv": [6, 5, 5.5, 4.5], "rotation": 270, "texture": "#2"},
				"south": {"uv": [8, 8.5, 7.5, 9.25], "rotation": 270, "texture": "#2"},
				"west": {"uv": [5.5, 4.5, 5, 5], "rotation": 270, "texture": "#2"},
				"up": {"uv": [0.5, 9, 0, 9.75], "rotation": 270, "texture": "#2"},
				"down": {"uv": [1, 9, 0.5, 9.75], "rotation": 270, "texture": "#2"}
			}
		},
		{
			"from": [9, 21.5625, 7.5],
			"to": [10.25, 22.5625, 8.5],
			"rotation": {"angle": 0, "axis": "y", "origin": [9, 20.8125, 9.25]},
			"faces": {
				"north": {"uv": [2.5, 9, 2, 9.75], "rotation": 90, "texture": "#2"},
				"east": {"uv": [9.5, 5.5, 9, 5], "rotation": 270, "texture": "#2"},
				"south": {"uv": [1.5, 9, 1, 9.75], "rotation": 270, "texture": "#2"},
				"west": {"uv": [9.5, 4.5, 9, 5], "rotation": 270, "texture": "#2"},
				"up": {"uv": [2, 9, 1.5, 9.75], "rotation": 270, "texture": "#2"},
				"down": {"uv": [3, 9, 2.5, 9.75], "rotation": 270, "texture": "#2"}
			}
		},
		{
			"from": [9, 21.8125, 7.75],
			"to": [13.5, 22.3125, 8.25],
			"rotation": {"angle": 0, "axis": "y", "origin": [9, 20.8125, 9]},
			"faces": {
				"north": {"uv": [5.25, 8.5, 5, 10.75], "rotation": 90, "texture": "#2"},
				"east": {"uv": [9.75, 0.25, 9.5, 0], "rotation": 270, "texture": "#2"},
				"south": {"uv": [8.25, 6.5, 8, 8.75], "rotation": 270, "texture": "#2"},
				"west": {"uv": [8.25, 9, 8, 9.25], "rotation": 270, "texture": "#2"},
				"up": {"uv": [8.75, 2.5, 8.5, 4.75], "rotation": 270, "texture": "#2"},
				"down": {"uv": [8.75, 5, 8.5, 7.25], "rotation": 270, "texture": "#2"}
			}
		},
		{
			"from": [6.5, 15.8125, 7.25],
			"to": [7.75, 20.8125, 8.75],
			"rotation": {"angle": -22.5, "axis": "z", "origin": [8.25, 18.8125, 9]},
			"faces": {
				"north": {"uv": [7.5, 3.5, 5, 4.25], "rotation": 90, "texture": "#2"},
				"east": {"uv": [5, 6.25, 2.5, 5.5], "rotation": 270, "texture": "#2"},
				"south": {"uv": [7.5, 2.5, 5, 3.25], "rotation": 270, "texture": "#2"},
				"west": {"uv": [2.5, 5.5, 0, 6.25], "rotation": 270, "texture": "#2"},
				"up": {"uv": [6.25, 8.5, 5.5, 9.25], "rotation": 270, "texture": "#2"},
				"down": {"uv": [7.25, 8.5, 6.5, 9.25], "rotation": 270, "texture": "#2"}
			}
		},
		{
			"from": [8, 16.5625, 7.5],
			"to": [9.25, 20.8125, 8.5],
			"rotation": {"angle": 22.5, "axis": "z", "origin": [7.75, 18.8125, 9]},
			"faces": {
				"north": {"uv": [8.25, 4.5, 6, 5.25], "rotation": 90, "texture": "#2"},
				"east": {"uv": [4.75, 7, 2.5, 6.5], "rotation": 270, "texture": "#2"},
				"south": {"uv": [7.25, 5.5, 5, 6.25], "rotation": 270, "texture": "#2"},
				"west": {"uv": [2.25, 6.5, 0, 7], "rotation": 270, "texture": "#2"},
				"up": {"uv": [9.5, 2.5, 9, 3.25], "rotation": 270, "texture": "#2"},
				"down": {"uv": [9.5, 3.5, 9, 4.25], "rotation": 270, "texture": "#2"}
			}
		},
		{
			"from": [7.25, 22.0625, 4.5],
			"to": [9.25, 22.0625, 11.5],
			"rotation": {"angle": 0, "axis": "y", "origin": [8.75, 18.0625, 7.5]},
			"faces": {
				"north": {"uv": [16, 7.5, 12.5, 4], "rotation": 90, "texture": "#2"},
				"east": {"uv": [16, 12, 12.5, 8.5], "rotation": 270, "texture": "#2"},
				"south": {"uv": [16, 5.75, 12.5, 6.5], "rotation": 270, "texture": "#2"},
				"west": {"uv": [16, 12.5, 12.5, 16], "rotation": 270, "texture": "#2"},
				"up": {"uv": [11.25, 14.75, 7.75, 13.5], "rotation": 270, "texture": "#2"},
				"down": {"uv": [11.25, 13.75, 7.75, 14.75], "rotation": 270, "texture": "#2"}
			}
		},
		{
			"from": [5, 21.8125, 5],
			"to": [11, 21.8125, 11],
			"rotation": {"angle": 0, "axis": "y", "origin": [8.5, 17.8125, 7]},
			"faces": {
				"north": {"uv": [16, 10.25, 12.5, 6.75], "rotation": 90, "texture": "#2"},
				"east": {"uv": [16, 12, 12.5, 8.5], "rotation": 270, "texture": "#2"},
				"south": {"uv": [16, 6.5, 12.5, 10], "rotation": 270, "texture": "#2"},
				"west": {"uv": [16, 12.5, 12.5, 16], "rotation": 270, "texture": "#2"},
				"up": {"uv": [12.5, 9.25, 16, 12.75], "rotation": 270, "texture": "#2"},
				"down": {"uv": [16, 9.25, 12.5, 12.75], "rotation": 270, "texture": "#2"}
			}
		},
		{
			"from": [7.75, 29.0625, 4.5],
			"to": [9.25, 29.0625, 11.5],
			"rotation": {"angle": 0, "axis": "y", "origin": [8.75, 25.0625, 7.5]},
			"faces": {
				"north": {"uv": [16, 7.5, 12.5, 4], "rotation": 90, "texture": "#2"},
				"east": {"uv": [16, 12, 12.5, 8.5], "rotation": 270, "texture": "#2"},
				"south": {"uv": [16, 5.75, 12.5, 6.5], "rotation": 270, "texture": "#2"},
				"west": {"uv": [16, 12.5, 12.5, 16], "rotation": 270, "texture": "#2"},
				"up": {"uv": [3.5, 14, 0, 14.75], "rotation": 270, "texture": "#2"},
				"down": {"uv": [0, 14, 3.5, 14.75], "rotation": 270, "texture": "#2"}
			}
		},
		{
			"from": [8.25, 22.0625, 10.5],
			"to": [9.75, 29.0625, 10.5],
			"rotation": {"angle": 0, "axis": "y", "origin": [8.75, 25.0625, 6.5]},
			"faces": {
				"north": {"uv": [16, 5.75, 12.5, 6.5], "rotation": 90, "texture": "#2"},
				"east": {"uv": [16, 12, 12.5, 8.5], "rotation": 270, "texture": "#2"},
				"south": {"uv": [16, 5.75, 12.5, 6.5], "rotation": 270, "texture": "#2"},
				"west": {"uv": [16, 12.5, 12.5, 16], "rotation": 270, "texture": "#2"},
				"up": {"uv": [3.5, 12.5, 0, 16], "rotation": 270, "texture": "#2"},
				"down": {"uv": [11.25, 12.5, 7.75, 16], "rotation": 270, "texture": "#2"}
			}
		},
		{
			"from": [6.75, 22.0625, 5.5],
			"to": [8.25, 29.0625, 5.5],
			"rotation": {"angle": 0, "axis": "y", "origin": [7.75, 25.0625, 1.5]},
			"faces": {
				"north": {"uv": [16, 6.5, 12.5, 5.75], "rotation": 90, "texture": "#2"},
				"east": {"uv": [16, 16, 12.5, 12.5], "rotation": 270, "texture": "#2"},
				"south": {"uv": [16, 6.5, 12.5, 5.75], "rotation": 270, "texture": "#2"},
				"west": {"uv": [16, 8.5, 12.5, 12], "rotation": 270, "texture": "#2"},
				"up": {"uv": [3.5, 16, 0, 12.5], "rotation": 270, "texture": "#2"},
				"down": {"uv": [11.25, 16, 7.75, 12.5], "rotation": 270, "texture": "#2"}
			}
		},
		{
			"from": [5, 18.0625, 7.5],
			"to": [5.5, 20.5625, 8.5],
			"rotation": {"angle": -45, "axis": "z", "origin": [7, 17.8125, 9]},
			"faces": {
				"north": {"uv": [4.25, 5.5, 1.75, 5.75], "rotation": 90, "texture": "#2"},
				"east": {"uv": [4.125, 7.75, 2, 6.625], "rotation": 270, "texture": "#2"},
				"south": {"uv": [4.25, 5.25, 3, 5.5], "rotation": 270, "texture": "#2"},
				"west": {"uv": [2.25, 5.5625, 0, 6.25], "rotation": 270, "texture": "#2"},
				"up": {"uv": [4.5, 6.25, 3.25, 7.125], "rotation": 270, "texture": "#2"},
				"down": {"uv": [2.5, 5.5, 1.5625, 6], "rotation": 270, "texture": "#2"}
			}
		},
		{
			"from": [8.25, 13.0625, 8],
			"to": [9, 18.8125, 8],
			"rotation": {"angle": 0, "axis": "z", "origin": [10.25, 16.0625, 9]},
			"faces": {
				"north": {"uv": [4.75, 6, 1.25, 6.25], "rotation": 90, "texture": "#2"},
				"east": {"uv": [12, 0, 0, 0], "rotation": 270, "texture": "#2"},
				"south": {"uv": [1.25, 6, 4.75, 6.25], "rotation": 270, "texture": "#2"},
				"west": {"uv": [12, 0, 0, 0], "rotation": 270, "texture": "#2"},
				"up": {"uv": [0, 0, 0, 2], "rotation": 270, "texture": "#2"},
				"down": {"uv": [0, 0, 0, 2], "rotation": 270, "texture": "#2"}
			}
		}
	],
	"display": {
		"thirdperson_righthand": {
			"rotation": [-114.57, -87.73, 65.92],
			"translation": [0.5, 12.75, 1.75],
			"scale": [0.8457, 0.8457, 0.8457]
		},
		"thirdperson_lefthand": {
			"rotation": [114.57, 87.73, 65.92],
			"translation": [0.5, 12.5, 1.75],
			"scale": [0.83789, 0.83789, 0.83789]
		},
		"firstperson_righthand": {
			"rotation": [-22.99, -84.63, 157.7],
			"translation": [1.75, 9, 2],
			"scale": [0.48398, 0.48398, 0.48398]
		},
		"firstperson_lefthand": {
			"rotation": [-45.96, 87.02, -133.5],
			"translation": [1.75, 9, 2],
			"scale": [0.48398, 0.48398, 0.48398]
		},
		"ground": {
			"translation": [0, 9.25, 0],
			"scale": [0.66406, 0.66406, 0.66406]
		},
		"gui": {
			"rotation": [0, 0, -132],
			"translation": [-2, 2.5, 0],
			"scale": [0.79102, 0.79102, 0.79102]
		},
		"head": {
			"rotation": [0, 0, -90]
		},
		"fixed": {
			"rotation": [0, 0, 45],
			"translation": [4.5, -4.5, -0.5],
			"scale": [1.17969, 1.17969, 1.17969]
		}
	},
	"groups": [
		{
			"name": "group",
			"origin": [10.1875, 5.75, -7],
			"color": 0,
			"children": [0, 1, 2, 3, 4, 5, 6, 7, 8, 9, 10, 11, 12, 13, 14, 15, 16, 17, 18]
		}
	]
}