{
	"credit": "Made with Blockbench",
	"textures": {
		"4": "irons_spellbooks:item/autoloader_crossbow_pulling_4"
	},
	"elements": [
		{
			"from": [4.05983, 11.025, 7.06],
			"to": [8.55983, 11.825, 8.06],
			"rotation": {"angle": 45, "axis": "z", "origin": [5.80983, 9.825, 7.06]},
			"faces": {
				"north": {"uv": [6, 1, 8.25, 1.5], "texture": "#4"},
				"east": {"uv": [8, 5.5, 8.5, 6], "texture": "#4"},
				"south": {"uv": [8, 0, 10.25, 0.5], "texture": "#4"},
				"west": {"uv": [8.5, 1, 9, 1.5], "texture": "#4"},
				"up": {"uv": [10.25, 1, 8, 0.5], "texture": "#4"},
				"down": {"uv": [10.25, 3, 8, 3.5], "texture": "#4"}
			}
		},
		{
			"from": [0.95983, 9.775, 7.16],
			"to": [3.15983, 10.375, 7.96],
			"rotation": {"angle": -22.5, "axis": "z", "origin": [2.70983, 8.375, 7.06]},
			"faces": {
				"north": {"uv": [7, 10, 8, 10.25], "texture": "#4"},
				"east": {"uv": [8, 10.5, 8.5, 10.75], "texture": "#4"},
				"south": {"uv": [8, 10, 9, 10.25], "texture": "#4"},
				"west": {"uv": [8.5, 10.5, 9, 10.75], "texture": "#4"},
				"up": {"uv": [4, 4.5, 3, 4], "texture": "#4"},
				"down": {"uv": [6, 4, 5, 4.5], "texture": "#4"}
			}
		},
		{
			"from": [7.54017, 11.025, 7.06],
			"to": [12.04017, 11.825, 8.06],
			"rotation": {"angle": -45, "axis": "z", "origin": [10.29017, 9.825, 7.06]},
			"faces": {
				"north": {"uv": [8, 3.5, 10.25, 4], "texture": "#4"},
				"east": {"uv": [9.5, 10, 10, 10.5], "texture": "#4"},
				"south": {"uv": [8, 4, 10.25, 4.5], "texture": "#4"},
				"west": {"uv": [10, 10, 10.5, 10.5], "texture": "#4"},
				"up": {"uv": [10.25, 5, 8, 4.5], "texture": "#4"},
				"down": {"uv": [10.25, 5, 8, 5.5], "texture": "#4"}
			}
		},
		{
			"from": [12.84017, 9.775, 7.16],
			"to": [15.04017, 10.375, 7.96],
			"rotation": {"angle": 22.5, "axis": "z", "origin": [13.29017, 8.375, 7.06]},
			"faces": {
				"north": {"uv": [10, 8, 11, 8.25], "texture": "#4"},
				"east": {"uv": [10.5, 9, 11, 9.25], "texture": "#4"},
				"south": {"uv": [10, 8.5, 11, 8.75], "texture": "#4"},
				"west": {"uv": [9.5, 10.5, 10, 10.75], "texture": "#4"},
				"up": {"uv": [7, 4.5, 6, 4], "texture": "#4"},
				"down": {"uv": [2, 6.5, 1, 7], "texture": "#4"}
			}
		},
		{
			"from": [2.43483, 9.6, 6.86],
			"to": [2.93483, 10.2, 6.86],
			"rotation": {"angle": -22.5, "axis": "z", "origin": [3.73483, 9.925, 6.86]},
			"faces": {
				"north": {"uv": [11, 1, 11.25, 1.25], "rotation": 90, "texture": "#4"},
				"east": {"uv": [0, 0, 0, 0.25], "rotation": 270, "texture": "#4"},
				"south": {"uv": [1, 11, 1.25, 11.25], "rotation": 270, "texture": "#4"},
				"west": {"uv": [0, 0.25, 0, 0], "rotation": 270, "texture": "#4"},
				"up": {"uv": [0, 0, 0, 0.25], "rotation": 270, "texture": "#4"},
				"down": {"uv": [0, 0, 0, 0.25], "rotation": 270, "texture": "#4"}
			}
		},
		{
			"from": [4.53483, 9.6, 6.86],
			"to": [5.03483, 10.2, 6.86],
			"rotation": {"angle": -22.5, "axis": "z", "origin": [3.73483, 9.925, 6.86]},
			"faces": {
				"north": {"uv": [11, 1, 11.25, 1.25], "rotation": 90, "texture": "#4"},
				"east": {"uv": [0, 0, 0, 0.25], "rotation": 270, "texture": "#4"},
				"south": {"uv": [1, 11, 1.25, 11.25], "rotation": 270, "texture": "#4"},
				"west": {"uv": [0, 0.25, 0, 0], "rotation": 270, "texture": "#4"},
				"up": {"uv": [0, 0, 0, 0.25], "rotation": 270, "texture": "#4"},
				"down": {"uv": [0, 0, 0, 0.25], "rotation": 270, "texture": "#4"}
			}
		},
		{
			"from": [3.48483, 8.55, 6.86],
			"to": [4.08483, 9.15, 6.86],
			"rotation": {"angle": -22.5, "axis": "z", "origin": [3.73483, 9.925, 6.86]},
			"faces": {
				"north": {"uv": [1.5, 11, 1.75, 11.25], "rotation": 90, "texture": "#4"},
				"east": {"uv": [0, 0, 0, 0.25], "rotation": 270, "texture": "#4"},
				"south": {"uv": [1, 11, 1.25, 11.25], "rotation": 270, "texture": "#4"},
				"west": {"uv": [0, 0.25, 0, 0], "rotation": 270, "texture": "#4"},
				"up": {"uv": [0, 0, 0, 0.25], "rotation": 270, "texture": "#4"},
				"down": {"uv": [0, 0, 0, 0.25], "rotation": 270, "texture": "#4"}
			}
		},
		{
			"from": [3.48483, 10.7, 6.86],
			"to": [4.08483, 11.3, 6.86],
			"rotation": {"angle": -22.5, "axis": "z", "origin": [3.73483, 9.925, 6.86]},
			"faces": {
				"north": {"uv": [1.5, 11, 1.75, 11.25], "rotation": 90, "texture": "#4"},
				"east": {"uv": [0, 0, 0, 0.25], "rotation": 270, "texture": "#4"},
				"south": {"uv": [1, 11, 1.25, 11.25], "rotation": 270, "texture": "#4"},
				"west": {"uv": [0, 0.25, 0, 0], "rotation": 270, "texture": "#4"},
				"up": {"uv": [0, 0, 0, 0.25], "rotation": 270, "texture": "#4"},
				"down": {"uv": [0, 0, 0, 0.25], "rotation": 270, "texture": "#4"}
			}
		},
		{
			"from": [2.93483, 9.1, 6.76],
			"to": [4.53483, 10.7, 6.96],
			"rotation": {"angle": -22.5, "axis": "z", "origin": [3.73483, 9.925, 6.86]},
			"faces": {
				"north": {"uv": [6, 9.5, 6.75, 10.25], "rotation": 90, "texture": "#4"},
				"east": {"uv": [10.5, 6, 10.75, 6.75], "rotation": 270, "texture": "#4"},
				"south": {"uv": [9.5, 6.5, 10.25, 7.25], "rotation": 270, "texture": "#4"},
				"west": {"uv": [10.5, 4.75, 10.75, 4], "rotation": 270, "texture": "#4"},
				"up": {"uv": [10.5, 4, 10.75, 4.75], "rotation": 270, "texture": "#4"},
				"down": {"uv": [10.5, 4, 10.75, 4.75], "rotation": 270, "texture": "#4"}
			}
		},
		{
			"from": [11.68483, 9.15, 6.76],
			"to": [13.28483, 10.75, 6.96],
			"rotation": {"angle": 22.5, "axis": "z", "origin": [12.48483, 9.925, 6.86]},
			"faces": {
				"north": {"uv": [9.5, 5.5, 10.25, 6.25], "rotation": 270, "texture": "#4"},
				"east": {"uv": [6.25, 11.25, 6, 10.5], "rotation": 90, "texture": "#4"},
				"south": {"uv": [9.5, 2, 10.25, 2.75], "rotation": 90, "texture": "#4"},
				"west": {"uv": [10.75, 6, 10.5, 6.75], "rotation": 90, "texture": "#4"},
				"up": {"uv": [10.5, 5, 10.75, 5.75], "rotation": 90, "texture": "#4"},
				"down": {"uv": [10.5, 4, 10.75, 4.75], "rotation": 90, "texture": "#4"}
			}
		},
		{
			"from": [13.28483, 9.65, 6.86],
			"to": [13.78483, 10.25, 6.86],
			"rotation": {"angle": 22.5, "axis": "z", "origin": [12.48483, 9.925, 6.86]},
			"faces": {
				"north": {"uv": [11, 1, 11.25, 1.25], "rotation": 270, "texture": "#4"},
				"east": {"uv": [0, 0.25, 0, 0], "rotation": 90, "texture": "#4"},
				"south": {"uv": [1, 11, 1.25, 11.25], "rotation": 90, "texture": "#4"},
				"west": {"uv": [0, 0, 0, 0.25], "rotation": 90, "texture": "#4"},
				"up": {"uv": [0, 0, 0, 0.25], "rotation": 90, "texture": "#4"},
				"down": {"uv": [0, 0, 0, 0.25], "rotation": 90, "texture": "#4"}
			}
		},
		{
			"from": [11.18483, 9.65, 6.86],
			"to": [11.68483, 10.25, 6.86],
			"rotation": {"angle": 22.5, "axis": "z", "origin": [12.48483, 9.925, 6.86]},
			"faces": {
				"north": {"uv": [11, 1, 11.25, 1.25], "rotation": 270, "texture": "#4"},
				"east": {"uv": [0, 0.25, 0, 0], "rotation": 90, "texture": "#4"},
				"south": {"uv": [1, 11, 1.25, 11.25], "rotation": 90, "texture": "#4"},
				"west": {"uv": [0, 0, 0, 0.25], "rotation": 90, "texture": "#4"},
				"up": {"uv": [0, 0, 0, 0.25], "rotation": 90, "texture": "#4"},
				"down": {"uv": [0, 0, 0, 0.25], "rotation": 90, "texture": "#4"}
			}
		},
		{
			"from": [12.13483, 10.7, 6.86],
			"to": [12.73483, 11.3, 6.86],
			"rotation": {"angle": 22.5, "axis": "z", "origin": [12.48483, 9.925, 6.86]},
			"faces": {
				"north": {"uv": [1.5, 11, 1.75, 11.25], "rotation": 270, "texture": "#4"},
				"east": {"uv": [0, 0.25, 0, 0], "rotation": 90, "texture": "#4"},
				"south": {"uv": [1, 11, 1.25, 11.25], "rotation": 90, "texture": "#4"},
				"west": {"uv": [0, 0, 0, 0.25], "rotation": 90, "texture": "#4"},
				"up": {"uv": [0, 0, 0, 0.25], "rotation": 90, "texture": "#4"},
				"down": {"uv": [0, 0, 0, 0.25], "rotation": 90, "texture": "#4"}
			}
		},
		{
			"from": [12.13483, 8.55, 6.86],
			"to": [12.73483, 9.15, 6.86],
			"rotation": {"angle": 22.5, "axis": "z", "origin": [12.48483, 9.925, 6.86]},
			"faces": {
				"north": {"uv": [1.5, 11, 1.75, 11.25], "rotation": 270, "texture": "#4"},
				"east": {"uv": [0, 0.25, 0, 0], "rotation": 90, "texture": "#4"},
				"south": {"uv": [1, 11, 1.25, 11.25], "rotation": 90, "texture": "#4"},
				"west": {"uv": [0, 0, 0, 0.25], "rotation": 90, "texture": "#4"},
				"up": {"uv": [0, 0, 0, 0.25], "rotation": 90, "texture": "#4"},
				"down": {"uv": [0, 0, 0, 0.25], "rotation": 90, "texture": "#4"}
			}
		},
		{
			"from": [7.94, 3.85, 6.235],
			"to": [8.14, 5.45, 7.835],
			"rotation": {"angle": 22.5, "axis": "x", "origin": [8.0325, 4.675, 7.035]},
			"faces": {
				"north": {"uv": [6.25, 11.25, 6, 10.5], "rotation": 180, "texture": "#4"},
				"east": {"uv": [9.5, 2, 10.25, 2.75], "rotation": 90, "texture": "#4"},
				"south": {"uv": [10.75, 6, 10.5, 6.75], "texture": "#4"},
				"west": {"uv": [9.5, 5.5, 10.25, 6.25], "rotation": 270, "texture": "#4"},
				"up": {"uv": [10.5, 5, 10.75, 5.75], "texture": "#4"},
				"down": {"uv": [10.5, 4, 10.75, 4.75], "rotation": 180, "texture": "#4"}
			}
		},
		{
			"from": [8.025, 4.35, 5.735],
			"to": [8.025, 4.95, 6.235],
			"rotation": {"angle": 22.5, "axis": "x", "origin": [8.0325, 4.675, 7.035]},
			"faces": {
				"north": {"uv": [0, 0.25, 0, 0], "rotation": 180, "texture": "#4"},
				"east": {"uv": [1, 11, 1.25, 11.25], "rotation": 90, "texture": "#4"},
				"south": {"uv": [0, 0, 0, 0.25], "texture": "#4"},
				"west": {"uv": [11, 1, 11.25, 1.25], "rotation": 270, "texture": "#4"},
				"up": {"uv": [0, 0, 0, 0.25], "texture": "#4"},
				"down": {"uv": [0, 0, 0, 0.25], "rotation": 180, "texture": "#4"}
			}
		},
		{
			"from": [8.025, 4.35, 7.835],
			"to": [8.025, 4.95, 8.335],
			"rotation": {"angle": 22.5, "axis": "x", "origin": [8.0325, 4.675, 7.035]},
			"faces": {
				"north": {"uv": [0, 0.25, 0, 0], "rotation": 180, "texture": "#4"},
				"east": {"uv": [1, 11, 1.25, 11.25], "rotation": 90, "texture": "#4"},
				"south": {"uv": [0, 0, 0, 0.25], "texture": "#4"},
				"west": {"uv": [11, 1, 11.25, 1.25], "rotation": 270, "texture": "#4"},
				"up": {"uv": [0, 0, 0, 0.25], "texture": "#4"},
				"down": {"uv": [0, 0, 0, 0.25], "rotation": 180, "texture": "#4"}
			}
		},
		{
			"from": [8.025, 3.3, 6.785],
			"to": [8.025, 3.9, 7.385],
			"rotation": {"angle": 22.5, "axis": "x", "origin": [8.0325, 4.675, 7.035]},
			"faces": {
				"north": {"uv": [0, 0.25, 0, 0], "rotation": 180, "texture": "#4"},
				"east": {"uv": [1, 11, 1.25, 11.25], "rotation": 90, "texture": "#4"},
				"south": {"uv": [0, 0, 0, 0.25], "texture": "#4"},
				"west": {"uv": [1.5, 11, 1.75, 11.25], "rotation": 270, "texture": "#4"},
				"up": {"uv": [0, 0, 0, 0.25], "texture": "#4"},
				"down": {"uv": [0, 0, 0, 0.25], "rotation": 180, "texture": "#4"}
			}
		},
		{
			"from": [8.025, 5.45, 6.785],
			"to": [8.025, 6.05, 7.385],
			"rotation": {"angle": 22.5, "axis": "x", "origin": [8.0325, 4.675, 7.035]},
			"faces": {
				"north": {"uv": [0, 0.25, 0, 0], "rotation": 180, "texture": "#4"},
				"east": {"uv": [1, 11, 1.25, 11.25], "rotation": 90, "texture": "#4"},
				"south": {"uv": [0, 0, 0, 0.25], "texture": "#4"},
				"west": {"uv": [1.5, 11, 1.75, 11.25], "rotation": 270, "texture": "#4"},
				"up": {"uv": [0, 0, 0, 0.25], "texture": "#4"},
				"down": {"uv": [0, 0, 0, 0.25], "rotation": 180, "texture": "#4"}
			}
		},
		{
			"from": [7.99, 10.8, 9.285],
			"to": [8.19, 12.4, 10.885],
			"rotation": {"angle": -22.5, "axis": "x", "origin": [8.095, 11.575, 10.085]},
			"faces": {
				"north": {"uv": [10.75, 6, 10.5, 6.75], "rotation": 180, "texture": "#4"},
				"east": {"uv": [9.5, 2, 10.25, 2.75], "rotation": 270, "texture": "#4"},
				"south": {"uv": [6.25, 11.25, 6, 10.5], "texture": "#4"},
				"west": {"uv": [9.5, 5.5, 10.25, 6.25], "rotation": 90, "texture": "#4"},
				"up": {"uv": [10.5, 4, 10.75, 4.75], "rotation": 180, "texture": "#4"},
				"down": {"uv": [10.5, 5, 10.75, 5.75], "texture": "#4"}
			}
		},
		{
			"from": [8.1, 11.3, 10.885],
			"to": [8.1, 11.9, 11.385],
			"rotation": {"angle": -22.5, "axis": "x", "origin": [8.095, 11.575, 10.085]},
			"faces": {
				"north": {"uv": [0, 0, 0, 0.25], "rotation": 180, "texture": "#4"},
				"east": {"uv": [1, 11, 1.25, 11.25], "rotation": 270, "texture": "#4"},
				"south": {"uv": [0, 0.25, 0, 0], "texture": "#4"},
				"west": {"uv": [11, 1, 11.25, 1.25], "rotation": 90, "texture": "#4"},
				"up": {"uv": [0, 0, 0, 0.25], "rotation": 180, "texture": "#4"},
				"down": {"uv": [0, 0, 0, 0.25], "texture": "#4"}
			}
		},
		{
			"from": [8.1, 11.3, 8.785],
			"to": [8.1, 11.9, 9.285],
			"rotation": {"angle": -22.5, "axis": "x", "origin": [8.095, 11.575, 10.085]},
			"faces": {
				"north": {"uv": [0, 0, 0, 0.25], "rotation": 180, "texture": "#4"},
				"east": {"uv": [1, 11, 1.25, 11.25], "rotation": 270, "texture": "#4"},
				"south": {"uv": [0, 0.25, 0, 0], "texture": "#4"},
				"west": {"uv": [11, 1, 11.25, 1.25], "rotation": 90, "texture": "#4"},
				"up": {"uv": [0, 0, 0, 0.25], "rotation": 180, "texture": "#4"},
				"down": {"uv": [0, 0, 0, 0.25], "texture": "#4"}
			}
		},
		{
			"from": [8.1, 12.35, 9.735],
			"to": [8.1, 12.95, 10.335],
			"rotation": {"angle": -22.5, "axis": "x", "origin": [8.095, 11.575, 10.085]},
			"faces": {
				"north": {"uv": [0, 0, 0, 0.25], "rotation": 180, "texture": "#4"},
				"east": {"uv": [1, 11, 1.25, 11.25], "rotation": 270, "texture": "#4"},
				"south": {"uv": [0, 0.25, 0, 0], "texture": "#4"},
				"west": {"uv": [1.5, 11, 1.75, 11.25], "rotation": 90, "texture": "#4"},
				"up": {"uv": [0, 0, 0, 0.25], "rotation": 180, "texture": "#4"},
				"down": {"uv": [0, 0, 0, 0.25], "texture": "#4"}
			}
		},
		{
			"from": [8.1, 10.2, 9.735],
			"to": [8.1, 10.8, 10.335],
			"rotation": {"angle": -22.5, "axis": "x", "origin": [8.095, 11.575, 10.085]},
			"faces": {
				"north": {"uv": [0, 0, 0, 0.25], "rotation": 180, "texture": "#4"},
				"east": {"uv": [1, 11, 1.25, 11.25], "rotation": 270, "texture": "#4"},
				"south": {"uv": [0, 0.25, 0, 0], "texture": "#4"},
				"west": {"uv": [1.5, 11, 1.75, 11.25], "rotation": 90, "texture": "#4"},
				"up": {"uv": [0, 0, 0, 0.25], "rotation": 180, "texture": "#4"},
				"down": {"uv": [0, 0, 0, 0.25], "texture": "#4"}
			}
		},
		{
			"from": [7.04289, 5.275, 6.94],
			"to": [9.04289, 13.125, 8.79],
			"rotation": {"angle": 0, "axis": "y", "origin": [7.04289, -0.775, 6.71]},
			"faces": {
				"north": {"uv": [0, 0, 1, 4], "texture": "#4"},
				"east": {"uv": [1, 0, 2, 4], "texture": "#4"},
				"south": {"uv": [2, 0, 3, 4], "texture": "#4"},
				"west": {"uv": [3, 0, 4, 4], "texture": "#4"},
				"up": {"uv": [2, 9, 1, 8], "texture": "#4"},
				"down": {"uv": [3, 8, 2, 9], "texture": "#4"}
			}
		},
		{
			"from": [7.84289, 6.675, 6.9],
			"to": [8.24289, 14.425, 7.1],
			"rotation": {"angle": 0, "axis": "y", "origin": [7.04289, 0.625, 6.71]},
			"faces": {
				"north": {"uv": [9, 8, 9.25, 12], "texture": "#4"},
				"east": {"uv": [1, 0, 2, 4], "texture": "#4"},
				"south": {"uv": [2, 0, 3, 4], "texture": "#4"},
				"west": {"uv": [3, 0, 4, 4], "texture": "#4"},
				"up": {"uv": [2, 9, 1, 8], "texture": "#4"},
				"down": {"uv": [3, 8, 2, 9], "texture": "#4"}
			}
		},
		{
			"from": [7.94289, 11.125, 8.45],
			"to": [8.24289, 12.775, 10.25],
			"rotation": {"angle": -45, "axis": "x", "origin": [8.09289, 11.675, 9.75]},
			"faces": {
				"north": {"uv": [9, 8, 9.25, 12], "texture": "#4"},
				"east": {"uv": [1, 0, 2, 4], "texture": "#4"},
				"south": {"uv": [9, 8, 9.25, 12], "texture": "#4"},
				"west": {"uv": [3, 0, 4, 4], "texture": "#4"},
				"up": {"uv": [2, 9, 1, 8], "texture": "#4"},
				"down": {"uv": [9.25, 8, 9, 12], "texture": "#4"}
			}
		},
		{
			"from": [7.84289, 3.175, 6.9],
			"to": [8.24289, 6.175, 7.1],
			"rotation": {"angle": 0, "axis": "y", "origin": [7.04289, -7.625, 6.71]},
			"faces": {
				"north": {"uv": [9, 8, 9.25, 12], "texture": "#4"},
				"east": {"uv": [1, 0, 2, 4], "texture": "#4"},
				"south": {"uv": [2, 0, 3, 4], "texture": "#4"},
				"west": {"uv": [3, 0, 4, 4], "texture": "#4"},
				"up": {"uv": [2, 9, 1, 8], "texture": "#4"},
				"down": {"uv": [3, 8, 2, 9], "texture": "#4"}
			}
		},
		{
			"from": [7.29289, -0.775, 6.95],
			"to": [8.79289, 5.325, 8.05],
			"rotation": {"angle": 0, "axis": "y", "origin": [7.04289, -0.775, 6.71]},
			"faces": {
				"north": {"uv": [4, 1.5, 4.75, 4.5], "texture": "#4"},
				"east": {"uv": [3, 6, 3.5, 9], "texture": "#4"},
				"south": {"uv": [2, 4, 2.75, 7], "texture": "#4"},
				"west": {"uv": [3.5, 6, 4, 9], "texture": "#4"},
				"up": {"uv": [10.25, 9.5, 9.5, 9], "texture": "#4"},
				"down": {"uv": [10.25, 9.5, 9.5, 10], "texture": "#4"}
			}
		},
		{
			"from": [7.19289, 3.725, 5.94],
			"to": [8.89289, 6.975, 7.04],
			"rotation": {"angle": 22.5, "axis": "x", "origin": [7.04289, 0.975, 5.71]},
			"faces": {
				"north": {"uv": [6, 6, 6.75, 7.75], "texture": "#4"},
				"east": {"uv": [0, 9.5, 0.5, 11.25], "texture": "#4"},
				"south": {"uv": [0, 6.5, 0.75, 8.25], "texture": "#4"},
				"west": {"uv": [0.5, 9.5, 1, 11.25], "texture": "#4"},
				"up": {"uv": [1.75, 10.5, 1, 10], "texture": "#4"},
				"down": {"uv": [10.75, 1, 10, 1.5], "texture": "#4"}
			}
		},
		{
			"from": [7.99289, 2.475, 8.69],
			"to": [7.99289, 5.725, 9.59],
			"rotation": {"angle": 0, "axis": "y", "origin": [6.84289, -0.275, 8.46]},
			"faces": {
				"north": {"uv": [0, 0, 0, 1.75], "texture": "#4"},
				"east": {"uv": [5, 9.5, 5.5, 11.25], "texture": "#4"},
				"south": {"uv": [0, 0, 0, 1.75], "texture": "#4"},
				"west": {"uv": [5.5, 9.5, 6, 11.25], "texture": "#4"},
				"up": {"uv": [0, 0.5, 0, 0], "texture": "#4"},
				"down": {"uv": [0, 0, 0, 0.5], "texture": "#4"}
			}
		},
		{
			"from": [6.29289, 5.975, 6.96],
			"to": [9.79289, 7.975, 8.96],
			"rotation": {"angle": 0, "axis": "y", "origin": [7.04289, 5.975, 6.96]},
			"faces": {
				"north": {"uv": [5, 2, 6.75, 3], "texture": "#4"},
				"east": {"uv": [6, 8, 7, 9], "texture": "#4"},
				"south": {"uv": [3, 5, 4.75, 6], "texture": "#4"},
				"west": {"uv": [7, 8, 8, 9], "texture": "#4"},
				"up": {"uv": [6.75, 4, 5, 3], "texture": "#4"},
				"down": {"uv": [6.75, 5, 5, 6], "texture": "#4"}
			}
		},
		{
			"from": [7.14289, 6.475, 6.96],
			"to": [8.94289, 8.475, 9.46],
			"rotation": {"angle": 45, "axis": "x", "origin": [7.04289, 6.475, 6.96]},
			"faces": {
				"north": {"uv": [8, 8, 9, 9], "texture": "#4"},
				"east": {"uv": [1, 7, 2.25, 8], "texture": "#4"},
				"south": {"uv": [0, 8.5, 1, 9.5], "texture": "#4"},
				"west": {"uv": [7, 2, 8.25, 3], "texture": "#4"},
				"up": {"uv": [8, 4.25, 7, 3], "texture": "#4"},
				"down": {"uv": [8, 4.5, 7, 5.75], "texture": "#4"}
			}
		},
		{
			"from": [7.04289, 11.975, 7.21],
			"to": [9.04289, 13.975, 9.71],
			"rotation": {"angle": 45, "axis": "x", "origin": [7.04289, 11.975, 7.21]},
			"faces": {
				"north": {"uv": [8.5, 2, 9.5, 3], "texture": "#4"},
				"east": {"uv": [7, 6, 8.25, 7], "texture": "#4"},
				"south": {"uv": [8.5, 5.5, 9.5, 6.5], "texture": "#4"},
				"west": {"uv": [7, 7, 8.25, 8], "texture": "#4"},
				"up": {"uv": [5, 8.75, 4, 7.5], "texture": "#4"},
				"down": {"uv": [6, 7.5, 5, 8.75], "texture": "#4"}
			}
		},
		{
			"from": [6.29289, 10.225, 6.96],
			"to": [9.79289, 13.225, 8.96],
			"rotation": {"angle": 0, "axis": "y", "origin": [7.04289, 11.225, 6.96]},
			"faces": {
				"north": {"uv": [0, 4, 1.75, 5.5], "texture": "#4"},
				"east": {"uv": [4, 6, 5, 7.5], "texture": "#4"},
				"south": {"uv": [4, 0, 5.75, 1.5], "texture": "#4"},
				"west": {"uv": [5, 6, 6, 7.5], "texture": "#4"},
				"up": {"uv": [1.75, 6.5, 0, 5.5], "texture": "#4"},
				"down": {"uv": [7.75, 0, 6, 1], "texture": "#4"}
			}
		},
		{
			"from": [6.64289, 13.225, 6.91],
			"to": [8.64289, 15.225, 8.91],
			"rotation": {"angle": -45, "axis": "z", "origin": [6.64289, 13.225, 6.96]},
			"faces": {
				"north": {"uv": [8.5, 6.5, 9.5, 7.5], "texture": "#4"},
				"east": {"uv": [1, 9, 2, 10], "texture": "#4"},
				"south": {"uv": [9, 1, 10, 2], "texture": "#4"},
				"west": {"uv": [2, 9, 3, 10], "texture": "#4"},
				"up": {"uv": [4, 10, 3, 9], "texture": "#4"},
				"down": {"uv": [5, 9, 4, 10], "texture": "#4"}
			}
		},
		{
			"from": [6.89289, 13.975, 7.91],
			"to": [7.89289, 14.975, 9.41],
			"rotation": {"angle": -45, "axis": "z", "origin": [6.64289, 13.225, 7.96]},
			"faces": {
				"north": {"uv": [10.5, 0, 11, 0.5], "texture": "#4"},
				"east": {"uv": [10, 1.5, 10.75, 2], "texture": "#4"},
				"south": {"uv": [10.5, 0.5, 11, 1], "texture": "#4"},
				"west": {"uv": [2, 10, 2.75, 10.5], "texture": "#4"},
				"up": {"uv": [3.5, 10.75, 3, 10], "texture": "#4"},
				"down": {"uv": [4, 10, 3.5, 10.75], "texture": "#4"}
			}
		},
		{
			"from": [4.04289, 13.575, 6.96],
			"to": [12.04289, 13.875, 7.86],
			"rotation": {"angle": 0, "axis": "y", "origin": [6.29289, 11.875, 6.96]},
			"faces": {
				"north": {"uv": [8.5, 7.5, 12.5, 7.75], "texture": "#4"},
				"east": {"uv": [10.5, 7, 11, 7.25], "texture": "#4"},
				"south": {"uv": [5, 9, 9, 9.25], "texture": "#4"},
				"west": {"uv": [7.5, 10.5, 8, 10.75], "texture": "#4"},
				"up": {"uv": [7, 5, 3, 4.5], "texture": "#4"},
				"down": {"uv": [9, 1.5, 5, 2], "texture": "#4"}
			}
		},
		{
			"from": [1.175, 4.875, 6.85],
			"to": [14.275, 12.475, 6.85],
			"rotation": {"angle": 0, "axis": "y", "origin": [9.025, 8.225, 6.46]},
			"faces": {
				"north": {"uv": [9.25, 11, 15.8, 14.8], "texture": "#4"},
				"east": {"uv": [0, 0, 0, 3.8], "texture": "#4"},
				"south": {"uv": [15.8, 11, 9.25, 14.8], "texture": "#4"},
				"west": {"uv": [0, 0, 0, 3.8], "texture": "#4"},
				"up": {"uv": [0, 0, 6.55, 0], "texture": "#4"},
				"down": {"uv": [0, 0, 6.55, 0], "texture": "#4"}
			}
		},
		{
			"from": [7.1, 15.4, 7.25],
			"to": [9, 15.5, 8.4],
			"rotation": {"angle": 0, "axis": "y", "origin": [7, 13.5, 6.25]},
			"faces": {
				"north": {"uv": [1, 10.5, 2, 10.75], "texture": "#4"},
				"east": {"uv": [10.5, 9.5, 11, 9.75], "texture": "#4"},
				"south": {"uv": [2, 10.5, 3, 10.75], "texture": "#4"},
				"west": {"uv": [10, 10.5, 10.5, 10.75], "texture": "#4"},
				"up": {"uv": [8, 10, 7, 9.5], "texture": "#4"},
				"down": {"uv": [9, 9.5, 8, 10], "texture": "#4"}
			}
		},
		{
			"from": [7.1, 13.6, 7.25],
			"to": [7.2, 15.4, 8.4],
			"rotation": {"angle": 0, "axis": "y", "origin": [9.1, 13.4, 6.25]},
			"faces": {
				"north": {"uv": [10.5, 2, 10.75, 3], "texture": "#4"},
				"east": {"uv": [2.5, 7, 3, 8], "texture": "#4"},
				"south": {"uv": [10.5, 3, 10.75, 4], "texture": "#4"},
				"west": {"uv": [9.5, 8, 10, 9], "texture": "#4"},
				"up": {"uv": [10.75, 10.5, 10.5, 10], "texture": "#4"},
				"down": {"uv": [10.75, 10.5, 10.5, 11], "texture": "#4"}
			}
		},
		{
			"from": [8.9, 13.7, 7.25],
			"to": [9, 15.4, 8.4],
			"rotation": {"angle": 0, "axis": "y", "origin": [10.9, 13.4, 6.25]},
			"faces": {
				"north": {"uv": [6.5, 10.5, 6.75, 11.25], "texture": "#4"},
				"east": {"uv": [4, 10, 4.5, 10.75], "texture": "#4"},
				"south": {"uv": [7, 10.5, 7.25, 11.25], "texture": "#4"},
				"west": {"uv": [4.5, 10, 5, 10.75], "texture": "#4"},
				"up": {"uv": [11.25, 0.5, 11, 0], "texture": "#4"},
				"down": {"uv": [11.25, 0.5, 11, 1], "texture": "#4"}
			}
		}
	],
	"display": {
		"thirdperson_righthand": {
			"rotation": [-89, 180, 0],
			"translation": [0, 0, -2]
		},
		"thirdperson_lefthand": {
			"rotation": [-89, 180, 0],
			"translation": [0, 0, -2]
		},
		"firstperson_righthand": {
			"rotation": [91, 8.5, 179.86],
			"translation": [2.75, 0, -2]
		},
		"firstperson_lefthand": {
			"rotation": [91, 8.5, 179.86],
			"translation": [2.75, 0, -2]
		},
		"ground": {
			"translation": [0, 4.75, 0]
		},
		"gui": {
			"rotation": [0, 180, -46],
			"translation": [-0.5, 0.5, 0],
			"scale": [1.18945, 1.18945, 1.18945]
		},
		"head": {
			"translation": [0, 5, 0]
		},
		"fixed": {
			"rotation": [0, 0, -46],
			"translation": [0.75, 1, 0],
			"scale": [1.29297, 1.29297, 1.29297]
		}
	},
	"groups": [
		{
			"name": "arco",
			"origin": [13.36517, 8.375, 6.76],
			"color": 0,
			"children": [0, 1, 2, 3]
		},
		{
			"name": "engrenagem",
			"origin": [5.13483, 8.225, 6.26],
			"color": 0,
			"children": [
				{
					"name": "engrenagem",
					"origin": [7.60983, 11.225, 6.56],
					"color": 0,
					"children": [4, 5, 6, 7, 8]
				},
				{
					"name": "engrenagem",
					"origin": [7.60983, 11.225, 6.56],
					"color": 0,
					"children": [9, 10, 11, 12, 13]
				},
				{
					"name": "engrenagem",
					"origin": [7.60983, 11.225, 6.56],
					"color": 0,
					"children": [14, 15, 16, 17, 18]
				},
				{
					"name": "engrenagem",
					"origin": [7.60983, 11.225, 6.56],
					"color": 0,
					"children": [19, 20, 21, 22, 23]
				}
			]
		},
		{
			"name": "besta",
			"origin": [13.36517, 8.375, 6.76],
			"color": 0,
			"children": [24, 25, 26, 27, 28, 29, 30, 31, 32, 33, 34, 35, 36, 37]
		},
		38,
		39,
		40,
		41
	]
}