{
	"credit": "Made with Blockbench",
	"texture_size": [32, 32],
	"textures": {
		"1": "irons_spellbooks:item/hellrazor"
	},
	"elements": [
		{
			"from": [7.505, -4.88147, 8.02414],
			"to": [8.505, 13.61853, 9.02414],
			"rotation": {"angle": 0, "axis": "x", "origin": [8, 8, 8]},
			"faces": {
				"north": {"uv": [3.5, 0, 4, 9.25], "texture": "#1"},
				"east": {"uv": [0, 4, 0.5, 13.25], "texture": "#1"},
				"south": {"uv": [4, 0, 4.5, 9.25], "texture": "#1"},
				"west": {"uv": [0.5, 4, 1, 13.25], "texture": "#1"},
				"up": {"uv": [8.5, 7, 8, 6.5], "texture": "#1"},
				"down": {"uv": [9, 6.5, 8.5, 7], "texture": "#1"}
			}
		},
		{
			"from": [7.405, 12.11853, 7.92414],
			"to": [8.605, 13.71853, 9.12414],
			"rotation": {"angle": 0, "axis": "x", "origin": [8, 8, 8]},
			"faces": {
				"north": {"uv": [10.5, 10.5, 11, 11.25], "texture": "#1"},
				"east": {"uv": [11, 0, 11.5, 0.75], "texture": "#1"},
				"south": {"uv": [11, 1, 11.5, 1.75], "texture": "#1"},
				"west": {"uv": [11, 2, 11.5, 2.75], "texture": "#1"},
				"up": {"uv": [11.5, 9.5, 11, 9], "texture": "#1"},
				"down": {"uv": [11.5, 9.5, 11, 10], "texture": "#1"}
			}
		},
		{
			"from": [7.405, -4.98147, 7.92414],
			"to": [8.605, -3.38147, 9.12414],
			"rotation": {"angle": 0, "axis": "x", "origin": [8, 8, 8]},
			"faces": {
				"north": {"uv": [10.5, 8.5, 11, 9.25], "texture": "#1"},
				"east": {"uv": [9.5, 10.5, 10, 11.25], "texture": "#1"},
				"south": {"uv": [10.5, 9.5, 11, 10.25], "texture": "#1"},
				"west": {"uv": [10, 10.5, 10.5, 11.25], "texture": "#1"},
				"up": {"uv": [11.5, 8.5, 11, 8], "texture": "#1"},
				"down": {"uv": [11.5, 8.5, 11, 9], "texture": "#1"}
			}
		},
		{
			"from": [8.005, -4.6556, -1.1535],
			"to": [8.005, -1.0556, 2.5465],
			"rotation": {"angle": -45, "axis": "x", "origin": [8, 8, 8]},
			"faces": {
				"north": {"uv": [11.5, 0, 11.75, 0.75], "texture": "#1"},
				"east": {"uv": [3.75, 12.25, 2.25, 13.75], "texture": "#1"},
				"south": {"uv": [11.5, 2, 11.75, 2.75], "texture": "#1"},
				"west": {"uv": [2.25, 12.25, 3.75, 13.75], "texture": "#1"},
				"up": {"uv": [11.75, 4.75, 11.5, 4.5], "texture": "#1"},
				"down": {"uv": [5.25, 11.5, 5, 11.75], "texture": "#1"}
			}
		},
		{
			"from": [7.605, 7.88107, 4.28841],
			"to": [8.405, 8.88107, 8.58841],
			"rotation": {"angle": 22.5, "axis": "x", "origin": [8, 8, 8]},
			"faces": {
				"north": {"uv": [11, 7, 11.5, 7.5], "texture": "#1"},
				"east": {"uv": [7.5, 4, 9.75, 4.5], "texture": "#1"},
				"south": {"uv": [11, 7.5, 11.5, 8], "texture": "#1"},
				"west": {"uv": [7.5, 7, 9.75, 7.5], "texture": "#1"},
				"up": {"uv": [3, 8.75, 2.5, 6.5], "texture": "#1"},
				"down": {"uv": [6, 7.5, 5.5, 9.75], "texture": "#1"}
			}
		},
		{
			"from": [7.505, 9.05626, 2.54618],
			"to": [8.505, 10.25626, 5.04618],
			"rotation": {"angle": 0, "axis": "x", "origin": [8, 8, 8]},
			"faces": {
				"north": {"uv": [11, 7, 11.5, 7.5], "texture": "#1"},
				"east": {"uv": [9.5, 0, 10.75, 0.5], "texture": "#1"},
				"south": {"uv": [11, 7.5, 11.5, 8], "texture": "#1"},
				"west": {"uv": [9.5, 0.5, 10.75, 1], "texture": "#1"},
				"up": {"uv": [10, 3.75, 9.5, 2.5], "texture": "#1"},
				"down": {"uv": [4, 9.5, 3.5, 10.75], "texture": "#1"}
			}
		},
		{
			"from": [7.605, 11.19252, 11.96276],
			"to": [8.405, 11.99252, 19.86276],
			"rotation": {"angle": -45, "axis": "x", "origin": [8, 8, 8]},
			"faces": {
				"north": {"uv": [9.5, 1, 10, 1.5], "texture": "#1"},
				"east": {"uv": [6, 4.5, 10, 5], "texture": "#1"},
				"south": {"uv": [9.5, 6.5, 10, 7], "texture": "#1"},
				"west": {"uv": [6, 5, 10, 5.5], "texture": "#1"},
				"up": {"uv": [3.5, 8, 3, 4], "texture": "#1"},
				"down": {"uv": [6.5, 5.5, 6, 9.5], "texture": "#1"}
			}
		},
		{
			"from": [7.705, 19.49571, 5.17596],
			"to": [8.305, 20.34571, 8.92596],
			"rotation": {"angle": 22.5, "axis": "x", "origin": [8, 8, 8]},
			"faces": {
				"north": {"uv": [3.25, 12, 3, 11.5], "rotation": 180, "texture": "#1"},
				"east": {"uv": [7.5, 7.5, 8, 9.5], "rotation": 90, "texture": "#1"},
				"south": {"uv": [11.75, 3, 11.5, 3.5], "texture": "#1"},
				"west": {"uv": [1, 8, 1.5, 10], "rotation": 270, "texture": "#1"},
				"up": {"uv": [6, 9.5, 6.25, 11.5], "texture": "#1"},
				"down": {"uv": [4, 9.5, 4.25, 11.5], "rotation": 180, "texture": "#1"}
			}
		},
		{
			"from": [7.905, 7.87348, 17.10339],
			"to": [8.105, 10.97348, 19.25339],
			"rotation": {"angle": -45, "axis": "x", "origin": [8, 8, 8]},
			"faces": {
				"north": {"uv": [5.5, 10, 5.75, 11.5], "texture": "#1"},
				"east": {"uv": [8.5, 0, 7.5, 1.5], "texture": "#1"},
				"south": {"uv": [10, 6, 10.25, 7.5], "texture": "#1"},
				"west": {"uv": [7.5, 0, 8.5, 1.5], "texture": "#1"},
				"up": {"uv": [11.25, 4, 11, 3], "texture": "#1"},
				"down": {"uv": [3.75, 11, 3.5, 12], "texture": "#1"}
			}
		},
		{
			"from": [7.505, 9.96905, 17.56291],
			"to": [8.505, 12.21905, 18.76291],
			"rotation": {"angle": -45, "axis": "x", "origin": [8, 8, 8]},
			"faces": {
				"north": {"uv": [9, 2.5, 9.5, 3.75], "texture": "#1"},
				"east": {"uv": [9, 9, 8.5, 10.25], "texture": "#1"},
				"south": {"uv": [8, 9, 8.5, 10.25], "texture": "#1"},
				"west": {"uv": [8.5, 9, 9, 10.25], "texture": "#1"},
				"up": {"uv": [11.5, 6.5, 11, 6], "texture": "#1"},
				"down": {"uv": [11.5, 6.5, 11, 7], "texture": "#1"}
			}
		},
		{
			"from": [7.855, 16.83229, 3.21321],
			"to": [8.155, 20.23229, 10.06321],
			"rotation": {"angle": 0, "axis": "x", "origin": [8, 8, 8]},
			"faces": {
				"north": {"uv": [1, 10, 1.25, 11.75], "texture": "#1"},
				"east": {"uv": [3.5, 2, 0, 3.75], "texture": "#1"},
				"south": {"uv": [10, 1, 10.25, 2.75], "texture": "#1"},
				"west": {"uv": [0, 2, 3.5, 3.75], "texture": "#1"},
				"up": {"uv": [3.25, 11.5, 3, 8], "texture": "#1"},
				"down": {"uv": [6.75, 8.5, 6.5, 12], "texture": "#1"}
			}
		},
		{
			"from": [7.895, 16.67134, 13.49559],
			"to": [8.095, 19.67134, 16.49559],
			"rotation": {"angle": -45, "axis": "x", "origin": [8, 8, 8]},
			"faces": {
				"north": {"uv": [10.5, 1, 10.75, 2.5], "texture": "#1"},
				"east": {"uv": [6, 4.5, 4.5, 6], "texture": "#1"},
				"south": {"uv": [10.5, 2.5, 10.75, 4], "texture": "#1"},
				"west": {"uv": [4.5, 4.5, 6, 6], "texture": "#1"},
				"up": {"uv": [10.75, 5.5, 10.5, 4], "texture": "#1"},
				"down": {"uv": [10.75, 5.5, 10.5, 7], "texture": "#1"}
			}
		},
		{
			"from": [7.955, 13.14318, -4.99297],
			"to": [8.055, 16.14318, -1.99297],
			"rotation": {"angle": 22.5, "axis": "x", "origin": [8, 8, 8]},
			"faces": {
				"north": {"uv": [8.25, 12, 8, 10.5], "rotation": 180, "texture": "#1"},
				"east": {"uv": [6, 6, 4.5, 7.5], "rotation": 90, "texture": "#1"},
				"south": {"uv": [8.75, 10.5, 8.5, 12], "texture": "#1"},
				"west": {"uv": [4.5, 6, 6, 7.5], "rotation": 270, "texture": "#1"},
				"up": {"uv": [7.5, 10.5, 7.75, 12], "texture": "#1"},
				"down": {"uv": [10.5, 7, 10.75, 8.5], "rotation": 180, "texture": "#1"}
			}
		},
		{
			"from": [8.005, 17.82419, -0.77932],
			"to": [8.005, 20.32419, 1.72068],
			"rotation": {"angle": -22.5, "axis": "x", "origin": [8, 8, 8]},
			"faces": {
				"north": {"uv": [0, 0, 0, 1.25], "texture": "#1"},
				"east": {"uv": [7.75, 5.5, 6.5, 6.75], "texture": "#1"},
				"south": {"uv": [0, 0, 0, 1.25], "texture": "#1"},
				"west": {"uv": [6.5, 5.5, 7.75, 6.75], "texture": "#1"},
				"up": {"uv": [0, 1.25, 0, 0], "texture": "#1"},
				"down": {"uv": [0, 0, 0, 1], "texture": "#1"}
			}
		},
		{
			"from": [7.555, 17.58229, 8.21321],
			"to": [8.455, 19.48229, 10.31321],
			"rotation": {"angle": 0, "axis": "x", "origin": [8, 8, 8]},
			"faces": {
				"north": {"uv": [7.5, 9.5, 8, 10.5], "texture": "#1"},
				"east": {"uv": [9, 5.5, 8, 6.5], "texture": "#1"},
				"south": {"uv": [9.5, 7.5, 10, 8.5], "texture": "#1"},
				"west": {"uv": [8, 5.5, 9, 6.5], "texture": "#1"},
				"up": {"uv": [10, 9.5, 9.5, 8.5], "texture": "#1"},
				"down": {"uv": [10, 9.5, 9.5, 10.5], "texture": "#1"}
			}
		},
		{
			"from": [7.895, 18.15434, 2.28222],
			"to": [8.095, 21.05434, 8.38222],
			"rotation": {"angle": -22.5, "axis": "x", "origin": [8, 8, 8]},
			"faces": {
				"north": {"uv": [9, 10, 9.25, 11.5], "texture": "#1"},
				"east": {"uv": [7.5, 1.5, 4.5, 3], "texture": "#1"},
				"south": {"uv": [10, 9, 10.25, 10.5], "texture": "#1"},
				"west": {"uv": [4.5, 1.5, 7.5, 3], "texture": "#1"},
				"up": {"uv": [1.75, 12, 1.5, 9], "texture": "#1"},
				"down": {"uv": [2.25, 9, 2, 12], "texture": "#1"}
			}
		},
		{
			"from": [7.955, 8.10624, -5.29559],
			"to": [8.055, 13.20624, -3.39559],
			"rotation": {"angle": 22.5, "axis": "x", "origin": [8, 8, 8]},
			"faces": {
				"north": {"uv": [5, 9, 5.25, 11.5], "texture": "#1"},
				"east": {"uv": [3, 4, 2, 6.5], "texture": "#1"},
				"south": {"uv": [9, 7.5, 9.25, 10], "texture": "#1"},
				"west": {"uv": [2, 4, 3, 6.5], "texture": "#1"},
				"up": {"uv": [11.25, 5, 11, 4], "texture": "#1"},
				"down": {"uv": [11.25, 5, 11, 6], "texture": "#1"}
			}
		},
		{
			"from": [8.005, 10.6262, -4.1951],
			"to": [8.005, 13.2262, -2.7951],
			"rotation": {"angle": 0, "axis": "x", "origin": [8, 8, 8]},
			"faces": {
				"north": {"uv": [0, 0, 0, 1.25], "texture": "#1"},
				"east": {"uv": [9.25, 0, 8.5, 1.25], "texture": "#1"},
				"south": {"uv": [0, 0, 0, 1.25], "texture": "#1"},
				"west": {"uv": [8.5, 0, 9.25, 1.25], "texture": "#1"},
				"up": {"uv": [0, 0.5, 0, 0], "texture": "#1"},
				"down": {"uv": [0, 0, 0, 0.5], "texture": "#1"}
			}
		},
		{
			"from": [7.955, 12.97113, 14.46945],
			"to": [8.055, 15.82113, 15.96945],
			"rotation": {"angle": 0, "axis": "x", "origin": [8, 8, 8]},
			"faces": {
				"north": {"uv": [7, 10, 7.25, 11.5], "texture": "#1"},
				"east": {"uv": [5.25, 7.5, 4.5, 9], "texture": "#1"},
				"south": {"uv": [10, 7.5, 10.25, 9], "texture": "#1"},
				"west": {"uv": [4.5, 7.5, 5.25, 9], "texture": "#1"},
				"up": {"uv": [11.25, 10.75, 11, 10], "texture": "#1"},
				"down": {"uv": [11.25, 11, 11, 11.75], "texture": "#1"}
			}
		},
		{
			"from": [8.005, 13.79248, 12.10423],
			"to": [8.005, 15.64248, 13.10423],
			"rotation": {"angle": 22.5, "axis": "x", "origin": [8, 8, 8]},
			"faces": {
				"north": {"uv": [0, 0, 0, 1], "texture": "#1"},
				"east": {"uv": [10, 5.5, 9.5, 6.5], "texture": "#1"},
				"south": {"uv": [0, 0, 0, 1], "texture": "#1"},
				"west": {"uv": [9.5, 5.5, 10, 6.5], "texture": "#1"},
				"up": {"uv": [0, 0.5, 0, 0], "texture": "#1"},
				"down": {"uv": [0, 0, 0, 0.5], "texture": "#1"}
			}
		},
		{
			"from": [7.705, 16.54568, 4.86336],
			"to": [8.305, 17.59568, 7.86336],
			"rotation": {"angle": 22.5, "axis": "x", "origin": [8, 8, 8]},
			"faces": {
				"north": {"uv": [11.75, 4, 11.5, 3.5], "rotation": 180, "texture": "#1"},
				"east": {"uv": [8.5, 2.5, 9, 4], "rotation": 90, "texture": "#1"},
				"south": {"uv": [4.25, 11.5, 4, 12], "texture": "#1"},
				"west": {"uv": [7, 8.5, 7.5, 10], "rotation": 270, "texture": "#1"},
				"up": {"uv": [10, 4.5, 10.25, 6], "texture": "#1"},
				"down": {"uv": [10, 3, 10.25, 4.5], "rotation": 180, "texture": "#1"}
			}
		},
		{
			"from": [7.805, 15.64242, 4.62487],
			"to": [8.205, 20.64242, 5.47487],
			"rotation": {"angle": 22.5, "axis": "x", "origin": [8, 8, 8]},
			"faces": {
				"north": {"uv": [2.75, 11.5, 2.5, 9], "rotation": 180, "texture": "#1"},
				"east": {"uv": [7.5, 1.5, 10, 2], "rotation": 90, "texture": "#1"},
				"south": {"uv": [4.75, 9, 4.5, 11.5], "texture": "#1"},
				"west": {"uv": [7.5, 2, 10, 2.5], "rotation": 270, "texture": "#1"},
				"up": {"uv": [4.5, 11.5, 4.75, 12], "texture": "#1"},
				"down": {"uv": [11.5, 4, 11.75, 4.5], "rotation": 180, "texture": "#1"}
			}
		}
	],
	"display": {
		"thirdperson_righthand": {
			"translation": [-0.5, 4.75, 0.75],
			"scale": [1.32, 1.32, 1.32]
		},
		"thirdperson_lefthand": {
			"rotation": [-15, 0, 0],
			"translation": [0, 0.25, 1],
			"scale": [1.32, 1.32, 1.32]
		},
		"firstperson_righthand": {
			"rotation": [-48, 0, 0],
			"translation": [5.75, 2, 0]
		},
		"firstperson_lefthand": {
			"rotation": [-48, 0, 0],
			"translation": [5.75, 2, 0]
		},
		"ground": {
			"translation": [0, 8, 0],
			"scale": [0.59, 0.59, 0.59]
		},
		"gui": {
			"rotation": [90, 39.75, -90],
			"translation": [0.75, -0.5, -0.25],
			"scale": [0.74, 0.74, 0.74]
		},
		"head": {
			"rotation": [-84.75, 0, 0],
			"translation": [0, 13, 10.75]
		},
		"fixed": {
			"rotation": [90, -48.75, 90],
			"translation": [0, -0.5, -0.25]
		}
	}
}