{
	"credit": "Made with Blockbench",
	"texture_size": [32, 32],
	"textures": {
		"0": "irons_spellbooks:item/hither_thither_wand",
		"particle": "irons_spellbooks:item/hither_thither_wand"
	},
	"elements": [
		{
			"from": [6.75, 18.25, 7.4],
			"to": [8.75, 18.75, 9.6],
			"rotation": {"angle": 0, "axis": "y", "origin": [6.75, 18.5, 7.5]},
			"faces": {
				"north": {"uv": [6, 6.5, 7, 6.75], "texture": "#0"},
				"east": {"uv": [6.5, 6, 7.5, 6.25], "texture": "#0"},
				"south": {"uv": [7, 0, 8, 0.25], "texture": "#0"},
				"west": {"uv": [7, 0.5, 8, 0.75], "texture": "#0"},
				"up": {"uv": [2, 4, 1, 3], "texture": "#0"},
				"down": {"uv": [4, 1.5, 3, 2.5], "texture": "#0"}
			}
		},
		{
			"from": [7, 18.75, 7.65],
			"to": [8.5, 19.25, 9.35],
			"rotation": {"angle": 0, "axis": "y", "origin": [6.75, 19, 7.5]},
			"faces": {
				"north": {"uv": [7.5, 4, 8.25, 4.25], "texture": "#0"},
				"east": {"uv": [7.5, 4.5, 8.25, 4.75], "texture": "#0"},
				"south": {"uv": [7.5, 5, 8.25, 5.25], "texture": "#0"},
				"west": {"uv": [5.5, 7.5, 6.25, 7.75], "texture": "#0"},
				"up": {"uv": [6.25, 2.75, 5.5, 2], "texture": "#0"},
				"down": {"uv": [3.75, 5.5, 3, 6.25], "texture": "#0"}
			}
		},
		{
			"from": [7.1, 19.25, 7.75],
			"to": [8.4, 21, 9.25],
			"light_emission": 1,
			"rotation": {"angle": 0, "axis": "y", "origin": [6.75, 19.5, 7.5]},
			"faces": {
				"north": {"uv": [9.5, 7.5, 8.75, 8.5], "texture": "#0"},
				"east": {"uv": [10.25, 7.5, 9.5, 8.5], "texture": "#0"},
				"south": {"uv": [9.5, 7.5, 8.75, 8.5], "texture": "#0"},
				"west": {"uv": [10.25, 7.5, 9.5, 8.5], "texture": "#0"},
				"up": {"uv": [8.75, 7.5, 9.5, 6.75], "texture": "#0"},
				"down": {"uv": [10, 8.75, 10.5, 9.25], "texture": "#0"}
			}
		},
		{
			"from": [7.35, 20.75, 7.9],
			"to": [8.25, 21.5, 8.9],
			"light_emission": 1,
			"rotation": {"angle": 0, "axis": "y", "origin": [6.65, 21, 7.6]},
			"faces": {
				"north": {"uv": [8.75, 6.5, 8.25, 6.25], "texture": "#0"},
				"east": {"uv": [9.25, 6.25, 8.75, 6.5], "texture": "#0"},
				"south": {"uv": [9.75, 6.5, 9.25, 6.25], "texture": "#0"},
				"west": {"uv": [9.25, 6.5, 8.75, 6.75], "texture": "#0"},
				"up": {"uv": [8.25, 7.5, 8.75, 7], "texture": "#0"},
				"down": {"uv": [12, 9, 12, 9.5], "texture": "#0"}
			}
		},
		{
			"from": [7.2, 20.75, 8.25],
			"to": [7.9, 22, 9.05],
			"light_emission": 1,
			"rotation": {"angle": 0, "axis": "y", "origin": [6.4, 21, 7.85]},
			"faces": {
				"north": {"uv": [10.75, 8, 10.25, 8.625], "texture": "#0"},
				"east": {"uv": [11.25, 8, 10.75, 8.6125], "texture": "#0"},
				"south": {"uv": [10.75, 8, 10.25, 8.625], "texture": "#0"},
				"west": {"uv": [11.25, 8, 10.75, 8.625], "texture": "#0"},
				"up": {"uv": [9.5, 7, 10, 7.5], "texture": "#0"},
				"down": {"uv": [10.75, 8.75, 10.75, 8.75], "texture": "#0"}
			}
		},
		{
			"from": [8.5, 19, 8.25],
			"to": [8.9, 19.3, 8.75],
			"rotation": {"angle": 0, "axis": "y", "origin": [7.25, 19.25, 8]},
			"faces": {
				"north": {"uv": [4.5, 8, 4.75, 8.25], "texture": "#0"},
				"east": {"uv": [5, 8, 5.25, 8.25], "texture": "#0"},
				"south": {"uv": [5.5, 8, 5.75, 8.25], "texture": "#0"},
				"west": {"uv": [8, 5.5, 8.25, 5.75], "texture": "#0"},
				"up": {"uv": [6.25, 8.25, 6, 8], "texture": "#0"},
				"down": {"uv": [8.25, 6, 8, 6.25], "texture": "#0"}
			}
		},
		{
			"from": [6.65, 19, 8.25],
			"to": [7.05, 19.3, 8.75],
			"rotation": {"angle": 0, "axis": "y", "origin": [4.75, 19.25, 8]},
			"faces": {
				"north": {"uv": [6.5, 8, 6.75, 8.25], "texture": "#0"},
				"east": {"uv": [8, 6.5, 8.25, 6.75], "texture": "#0"},
				"south": {"uv": [7, 8, 7.25, 8.25], "texture": "#0"},
				"west": {"uv": [8, 7, 8.25, 7.25], "texture": "#0"},
				"up": {"uv": [7.75, 8.25, 7.5, 8], "texture": "#0"},
				"down": {"uv": [8.25, 7.5, 8, 7.75], "texture": "#0"}
			}
		},
		{
			"from": [7.55, 19, 9.25],
			"to": [7.95, 19.3, 9.75],
			"rotation": {"angle": 0, "axis": "y", "origin": [5.75, 19.25, 9.1]},
			"faces": {
				"north": {"uv": [8, 8, 8.25, 8.25], "texture": "#0"},
				"east": {"uv": [0, 8.5, 0.25, 8.75], "texture": "#0"},
				"south": {"uv": [8.5, 0, 8.75, 0.25], "texture": "#0"},
				"west": {"uv": [0.5, 8.5, 0.75, 8.75], "texture": "#0"},
				"up": {"uv": [8.75, 0.75, 8.5, 0.5], "texture": "#0"},
				"down": {"uv": [1.25, 8.5, 1, 8.75], "texture": "#0"}
			}
		},
		{
			"from": [7.55, 19, 7.3],
			"to": [7.95, 19.3, 7.8],
			"rotation": {"angle": 0, "axis": "y", "origin": [5.75, 19.25, 7.15]},
			"faces": {
				"north": {"uv": [8.5, 1, 8.75, 1.25], "texture": "#0"},
				"east": {"uv": [1.5, 8.5, 1.75, 8.75], "texture": "#0"},
				"south": {"uv": [8.5, 1.5, 8.75, 1.75], "texture": "#0"},
				"west": {"uv": [2, 8.5, 2.25, 8.75], "texture": "#0"},
				"up": {"uv": [8.75, 2.25, 8.5, 2], "texture": "#0"},
				"down": {"uv": [2.75, 8.5, 2.5, 8.75], "texture": "#0"}
			}
		},
		{
			"from": [7.5, 17.15, 7.9],
			"to": [8, 18.85, 9.6],
			"rotation": {"angle": -45, "axis": "x", "origin": [6.75, 17.75, 8.5]},
			"faces": {
				"north": {"uv": [1, 7.5, 1.25, 8.25], "texture": "#0"},
				"east": {"uv": [4.5, 2, 5.25, 2.75], "texture": "#0"},
				"south": {"uv": [7.5, 1, 7.75, 1.75], "texture": "#0"},
				"west": {"uv": [4.5, 3, 5.25, 3.75], "texture": "#0"},
				"up": {"uv": [1.75, 8.25, 1.5, 7.5], "texture": "#0"},
				"down": {"uv": [2.25, 7.5, 2, 8.25], "texture": "#0"}
			}
		},
		{
			"from": [6.85, 18, 8.25],
			"to": [8.65, 19, 8.75],
			"rotation": {"angle": 0, "axis": "y", "origin": [7.25, 17.75, 7.5]},
			"faces": {
				"north": {"uv": [4.5, 6, 5.25, 6.5], "texture": "#0"},
				"east": {"uv": [7, 7.5, 7.25, 8], "texture": "#0"},
				"south": {"uv": [6, 5, 6.75, 5.5], "texture": "#0"},
				"west": {"uv": [7.5, 7, 7.75, 7.5], "texture": "#0"},
				"up": {"uv": [8.25, 2.25, 7.5, 2], "texture": "#0"},
				"down": {"uv": [8.25, 2.5, 7.5, 2.75], "texture": "#0"}
			}
		},
		{
			"from": [5.75, 9.75, 7.9],
			"to": [6.5, 13.1, 8.65],
			"rotation": {"angle": -22.5, "axis": "z", "origin": [4.75, 6.25, 7.75]},
			"faces": {
				"north": {"uv": [2, 3, 2.5, 4.5], "texture": "#0"},
				"east": {"uv": [2.5, 3, 3, 4.5], "texture": "#0"},
				"south": {"uv": [3, 2.5, 3.5, 4], "texture": "#0"},
				"west": {"uv": [3.5, 2.5, 4, 4], "texture": "#0"},
				"up": {"uv": [4, 4.5, 3.5, 4], "texture": "#0"},
				"down": {"uv": [7, 4, 6.5, 4.5], "texture": "#0"}
			}
		},
		{
			"from": [5.9, 10, 7.85],
			"to": [6.75, 11, 8.7],
			"rotation": {"angle": -22.5, "axis": "z", "origin": [5, 6.75, 7.75]},
			"faces": {
				"north": {"uv": [7, 1, 7.5, 1.5], "texture": "#0"},
				"east": {"uv": [7, 1.5, 7.5, 2], "texture": "#0"},
				"south": {"uv": [2, 7, 2.5, 7.5], "texture": "#0"},
				"west": {"uv": [2.5, 7, 3, 7.5], "texture": "#0"},
				"up": {"uv": [7.5, 3, 7, 2.5], "texture": "#0"},
				"down": {"uv": [7.5, 3, 7, 3.5], "texture": "#0"}
			}
		},
		{
			"from": [8, 11.9, 7.3],
			"to": [9, 14.9, 8.3],
			"rotation": {"angle": 22.5, "axis": "x", "origin": [9, 10.75, 7.25]},
			"faces": {
				"north": {"uv": [4, 0, 4.5, 1.5], "texture": "#0"},
				"east": {"uv": [1, 4, 1.5, 5.5], "texture": "#0"},
				"south": {"uv": [1.5, 4, 2, 5.5], "texture": "#0"},
				"west": {"uv": [4, 1.5, 4.5, 3], "texture": "#0"},
				"up": {"uv": [7, 5, 6.5, 4.5], "texture": "#0"},
				"down": {"uv": [7, 5.5, 6.5, 6], "texture": "#0"}
			}
		},
		{
			"from": [8.9, 14.4, 8.6],
			"to": [10.15, 17.15, 9.85],
			"rotation": {"angle": 22.5, "axis": "z", "origin": [10.5, 12, 8.25]},
			"faces": {
				"north": {"uv": [2, 0, 2.75, 1.5], "texture": "#0"},
				"east": {"uv": [2, 1.5, 2.75, 3], "texture": "#0"},
				"south": {"uv": [0, 3, 0.75, 4.5], "texture": "#0"},
				"west": {"uv": [3, 0, 3.75, 1.5], "texture": "#0"},
				"up": {"uv": [5.25, 1.75, 4.5, 1], "texture": "#0"},
				"down": {"uv": [2.75, 4.5, 2, 5.25], "texture": "#0"}
			}
		},
		{
			"from": [8.25, 14.5, 9],
			"to": [8.5, 17, 9.25],
			"rotation": {"angle": -22.5, "axis": "z", "origin": [7.75, 14.25, 8.25]},
			"faces": {
				"north": {"uv": [6.5, 2.5, 6.75, 3.75], "texture": "#0"},
				"east": {"uv": [3, 6.5, 3.25, 7.75], "texture": "#0"},
				"south": {"uv": [3.5, 6.5, 3.75, 7.75], "texture": "#0"},
				"west": {"uv": [4, 6.5, 4.25, 7.75], "texture": "#0"},
				"up": {"uv": [8.25, 3.75, 8, 3.5], "texture": "#0"},
				"down": {"uv": [4.25, 8, 4, 8.25], "texture": "#0"}
			}
		},
		{
			"from": [7.01393, 17.75, 14.7],
			"to": [8.51393, 20.5, 16.2],
			"rotation": {"angle": -22.5, "axis": "x", "origin": [8.26393, 1.5, 17]},
			"faces": {
				"north": {"uv": [0, 0, 0.75, 1.5], "texture": "#0"},
				"east": {"uv": [1, 0, 1.75, 1.5], "texture": "#0"},
				"south": {"uv": [0, 1.5, 0.75, 3], "texture": "#0"},
				"west": {"uv": [1, 1.5, 1.75, 3], "texture": "#0"},
				"up": {"uv": [0.75, 5.25, 0, 4.5], "texture": "#0"},
				"down": {"uv": [5.25, 0, 4.5, 0.75], "texture": "#0"}
			}
		},
		{
			"from": [6.95, 8.75, 7.86],
			"to": [7.85, 9.5, 8.69],
			"rotation": {"angle": 0, "axis": "y", "origin": [6, 5.75, 7.75]},
			"faces": {
				"north": {"uv": [7, 3.5, 7.5, 4], "texture": "#0"},
				"east": {"uv": [7, 4, 7.5, 4.5], "texture": "#0"},
				"south": {"uv": [7, 4.5, 7.5, 5], "texture": "#0"},
				"west": {"uv": [7, 5, 7.5, 5.5], "texture": "#0"},
				"up": {"uv": [6, 7.5, 5.5, 7], "texture": "#0"},
				"down": {"uv": [7.5, 5.5, 7, 6], "texture": "#0"}
			}
		},
		{
			"from": [7.15, 8.31, 8],
			"to": [7.65, 8.94, 8.55],
			"rotation": {"angle": -45, "axis": "x", "origin": [7.4, 8.625, 8.275]},
			"faces": {
				"north": {"uv": [6, 7.5, 5.5, 7], "rotation": 180, "texture": "#0"},
				"east": {"uv": [7.5, 4, 7, 4.5], "rotation": 90, "texture": "#0"},
				"south": {"uv": [7.5, 5.5, 7, 6], "texture": "#0"},
				"west": {"uv": [7, 5, 7.5, 5.5], "rotation": 270, "texture": "#0"},
				"up": {"uv": [7, 4.5, 7.5, 5], "texture": "#0"},
				"down": {"uv": [7, 3.5, 7.5, 4], "rotation": 180, "texture": "#0"}
			}
		}
	],
	"display": {
		"thirdperson_righthand": {
			"rotation": [-171.33, 65.4, 169.35],
			"translation": [-0.75, -8, 2.75],
			"scale": [1.48438, 1.48438, 1.48438]
		},
		"thirdperson_lefthand": {
			"rotation": [-171.33, 65.4, 169.35],
			"translation": [-0.75, -8, 1.25],
			"scale": [1.48438, 1.48438, 1.48438]
		},
		"firstperson_righthand": {
			"rotation": [0, 95, 0],
			"translation": [3, -6, 0]
		},
		"firstperson_lefthand": {
			"rotation": [0, 95, 0],
			"translation": [3, -6, 0]
		},
		"ground": {
			"translation": [0, -4.5, 0]
		},
		"gui": {
			"rotation": [0, 180, 46.25],
			"translation": [-8, -7, -1.75],
			"scale": [1.51, 1.51, 1.51]
		},
		"fixed": {
			"rotation": [0, 0, 46.25],
			"translation": [8.5, -7, -1.75],
			"scale": [1.51, 1.51, 1.51]
		}
	}
}