{
	"credit": "Made with Blockbench",
	"texture_size": [32, 32],
	"textures": {
		"2": "irons_spellbooks:item/keeper_flamberge"
	},
	"elements": [
		{
			"from": [7.8115, -10.03, 7.25],
			"to": [8.1515, 12.77, 8.87],
			"rotation": {"angle": 0, "axis": "y", "origin": [7.99875, 7.93953, 8]},
			"faces": {
				"north": {"uv": [3.75, 0, 3.5, 9], "texture": "#2"},
				"east": {"uv": [0, 0, 0.75, 9], "texture": "#2"},
				"south": {"uv": [3.25, 0, 3, 9], "texture": "#2"},
				"west": {"uv": [0.75, 0, 0, 9], "texture": "#2"},
				"up": {"uv": [9.5, 8.25, 9.75, 7.5], "texture": "#2"},
				"down": {"uv": [9.5, 8.5, 9.75, 9.25], "texture": "#2"}
			}
		},
		{
			"from": [7.8375, 7.69945, 8.82082],
			"to": [8.1075, 9.85945, 10.98082],
			"rotation": {"angle": -45, "axis": "x", "origin": [7.99875, 7.93953, 8]},
			"faces": {
				"north": {"uv": [0.25, 9, 0, 10], "texture": "#2"},
				"east": {"uv": [6.5, 1.5, 5.5, 2.5], "texture": "#2"},
				"south": {"uv": [0.75, 9, 0.5, 10], "texture": "#2"},
				"west": {"uv": [6.5, 0.5, 5.5, 1.5], "texture": "#2"},
				"up": {"uv": [1, 10, 1.25, 9], "texture": "#2"},
				"down": {"uv": [9, 1, 9.25, 2], "texture": "#2"}
			}
		},
		{
			"from": [7.8375, 6.55393, 5.55988],
			"to": [8.1075, 8.71393, 7.71988],
			"rotation": {"angle": -45, "axis": "x", "origin": [7.99875, 7.93953, 8.1]},
			"faces": {
				"north": {"uv": [1.75, 9, 1.5, 10], "texture": "#2"},
				"east": {"uv": [6.5, 2.5, 5.5, 3.5], "texture": "#2"},
				"south": {"uv": [9.25, 2, 9, 3], "texture": "#2"},
				"west": {"uv": [5.5, 2.5, 6.5, 3.5], "texture": "#2"},
				"up": {"uv": [3, 10, 3.25, 9], "texture": "#2"},
				"down": {"uv": [9, 3, 9.25, 4], "texture": "#2"}
			}
		},
		{
			"from": [7.8375, 1.97188, 0.97783],
			"to": [8.1075, 4.13188, 3.13783],
			"rotation": {"angle": -45, "axis": "x", "origin": [7.99875, 7.93953, 8.1]},
			"faces": {
				"north": {"uv": [3.75, 9, 3.5, 10], "texture": "#2"},
				"east": {"uv": [6.5, 4.5, 5.5, 5.5], "texture": "#2"},
				"south": {"uv": [9.25, 5, 9, 6], "texture": "#2"},
				"west": {"uv": [5.5, 4.5, 6.5, 5.5], "texture": "#2"},
				"up": {"uv": [6, 10, 6.25, 9], "texture": "#2"},
				"down": {"uv": [6.5, 9, 6.75, 10], "texture": "#2"}
			}
		},
		{
			"from": [7.8375, 3.11739, 4.23877],
			"to": [8.1075, 5.27739, 6.39877],
			"rotation": {"angle": -45, "axis": "x", "origin": [7.99875, 7.93953, 8]},
			"faces": {
				"north": {"uv": [9.25, 6.5, 9, 7.5], "texture": "#2"},
				"east": {"uv": [7.5, 0.5, 6.5, 1.5], "texture": "#2"},
				"south": {"uv": [7.25, 9, 7, 10], "texture": "#2"},
				"west": {"uv": [6.5, 5.5, 5.5, 6.5], "texture": "#2"},
				"up": {"uv": [9, 8.5, 9.25, 7.5], "texture": "#2"},
				"down": {"uv": [9, 8.5, 9.25, 9.5], "texture": "#2"}
			}
		},
		{
			"from": [7.8375, -2.31017, -3.30422],
			"to": [8.1075, -0.75017, -1.74422],
			"rotation": {"angle": -45, "axis": "x", "origin": [7.99875, 7.93953, 8.1]},
			"faces": {
				"north": {"uv": [9.25, 9.5, 9, 10.25], "texture": "#2"},
				"east": {"uv": [6, 6.5, 6.75, 7.25], "texture": "#2"},
				"south": {"uv": [9.75, 9.5, 9.5, 10.25], "texture": "#2"},
				"west": {"uv": [6.75, 6.5, 6, 7.25], "texture": "#2"},
				"up": {"uv": [0, 10.75, 0.25, 10], "texture": "#2"},
				"down": {"uv": [10, 0, 10.25, 0.75], "texture": "#2"}
			}
		},
		{
			"from": [7.8375, -4.76126, -4.24361],
			"to": [8.1075, -3.30126, -2.68361],
			"rotation": {"angle": -45, "axis": "x", "origin": [7.99875, 7.93953, 8]},
			"faces": {
				"north": {"uv": [9.25, 9.5, 9, 10.25], "texture": "#2"},
				"east": {"uv": [5.75, 6.5, 5, 7.25], "texture": "#2"},
				"south": {"uv": [9.75, 9.5, 9.5, 10.25], "texture": "#2"},
				"west": {"uv": [7.25, 5.5, 6.5, 6.25], "texture": "#2"},
				"up": {"uv": [0, 10.75, 0.25, 10], "texture": "#2"},
				"down": {"uv": [10, 0, 10.25, 0.75], "texture": "#2"}
			}
		},
		{
			"from": [7.7375, -11.13422, 7],
			"to": [8.2075, -9.07422, 9.06],
			"rotation": {"angle": -45, "axis": "x", "origin": [7.9725, -10.10422, 8.1]},
			"faces": {
				"north": {"uv": [9.25, 9.5, 9, 10.25], "texture": "#2"},
				"east": {"uv": [5.75, 6.5, 5, 7.25], "texture": "#2"},
				"south": {"uv": [9.75, 9.5, 9.5, 10.25], "texture": "#2"},
				"west": {"uv": [5, 6.5, 5.75, 7.25], "texture": "#2"},
				"up": {"uv": [0, 10.75, 0.25, 10], "texture": "#2"},
				"down": {"uv": [10, 0, 10.25, 0.75], "texture": "#2"}
			}
		},
		{
			"from": [7.8375, -6.49368, -6.41229],
			"to": [8.1075, -4.93368, -4.85229],
			"rotation": {"angle": -45, "axis": "x", "origin": [7.99875, 7.93953, 8.1]},
			"faces": {
				"north": {"uv": [9.25, 9.5, 9, 10.25], "texture": "#2"},
				"east": {"uv": [11.25, 11.5, 10.5, 12.25], "texture": "#2"},
				"south": {"uv": [9.75, 9.5, 9.5, 10.25], "texture": "#2"},
				"west": {"uv": [11.25, 11.5, 10.5, 12.25], "texture": "#2"},
				"up": {"uv": [0, 10.75, 0.25, 10], "texture": "#2"},
				"down": {"uv": [10, 0, 10.25, 0.75], "texture": "#2"}
			}
		},
		{
			"from": [7.8375, -1.16466, -0.04328],
			"to": [8.1075, 0.39534, 1.51672],
			"rotation": {"angle": -45, "axis": "x", "origin": [7.99875, 7.93953, 8]},
			"faces": {
				"north": {"uv": [0.75, 10, 0.5, 10.75], "texture": "#2"},
				"east": {"uv": [6.75, 6.5, 6, 7.25], "texture": "#2"},
				"south": {"uv": [1.25, 10, 1, 10.75], "texture": "#2"},
				"west": {"uv": [7.25, 5.5, 6.5, 6.25], "texture": "#2"},
				"up": {"uv": [10, 1.75, 10.25, 1], "texture": "#2"},
				"down": {"uv": [1.5, 10, 1.75, 10.75], "texture": "#2"}
			}
		},
		{
			"from": [7.71, 20.69905, 20.84598],
			"to": [8.27, 22.37905, 22.52598],
			"rotation": {"angle": -45, "axis": "x", "origin": [7.99875, 7.93953, 8]},
			"faces": {
				"north": {"uv": [2.25, 10, 2, 10.75], "texture": "#2"},
				"east": {"uv": [8.25, 0.5, 7.5, 1.25], "texture": "#2"},
				"south": {"uv": [10.25, 2, 10, 2.75], "texture": "#2"},
				"west": {"uv": [7.5, 0.5, 8.25, 1.25], "texture": "#2"},
				"up": {"uv": [2.5, 10.75, 2.75, 10], "texture": "#2"},
				"down": {"uv": [3, 10, 3.25, 10.75], "texture": "#2"}
			}
		},
		{
			"from": [7.57, 20.36809, 20.51502],
			"to": [8.41, 21.48809, 21.63502],
			"rotation": {"angle": -45, "axis": "x", "origin": [7.99875, 7.93953, 8]},
			"faces": {
				"north": {"uv": [5.5, 6, 5, 6.5], "texture": "#2"},
				"east": {"uv": [10, 0.5, 9.5, 1], "texture": "#2"},
				"south": {"uv": [9, 6.5, 8.5, 7], "texture": "#2"},
				"west": {"uv": [8, 6, 7.5, 6.5], "texture": "#2"},
				"up": {"uv": [9.5, 1.5, 10, 1], "texture": "#2"},
				"down": {"uv": [9.5, 1.5, 10, 2], "texture": "#2"}
			}
		},
		{
			"from": [7.43, 12.36933, 12.51626],
			"to": [8.61, 14.04933, 14.19626],
			"rotation": {"angle": -45, "axis": "x", "origin": [7.99875, 7.93953, 8]},
			"faces": {
				"north": {"uv": [8, 5, 7.5, 5.75], "texture": "#2"},
				"east": {"uv": [8.25, 2.5, 7.5, 3.25], "texture": "#2"},
				"south": {"uv": [6.5, 8, 6, 8.75], "texture": "#2"},
				"west": {"uv": [7.5, 2.5, 8.25, 3.25], "texture": "#2"},
				"up": {"uv": [6.5, 8.75, 7, 8], "texture": "#2"},
				"down": {"uv": [7, 8, 7.5, 8.75], "texture": "#2"}
			}
		},
		{
			"from": [7.29, 12.78933, 12.93626],
			"to": [8.69, 13.62933, 13.77626],
			"rotation": {"angle": -45, "axis": "x", "origin": [7.99875, 7.93953, 8]},
			"faces": {
				"north": {"uv": [8.75, 7, 8, 7.5], "texture": "#2"},
				"east": {"uv": [10, 2, 9.5, 2.5], "texture": "#2"},
				"south": {"uv": [8.75, 7.5, 8, 8], "texture": "#2"},
				"west": {"uv": [9.5, 2, 10, 2.5], "texture": "#2"},
				"up": {"uv": [8, 8.5, 8.75, 8], "texture": "#2"},
				"down": {"uv": [8.5, 0.5, 9.25, 1], "texture": "#2"}
			}
		},
		{
			"from": [7.71, 17.13457, 8.95018],
			"to": [8.27, 17.97457, 9.79018],
			"rotation": {"angle": -45, "axis": "x", "origin": [7.99875, 7.93953, 8]},
			"faces": {
				"north": {"uv": [5.75, 10.5, 5.5, 11], "texture": "#2"},
				"east": {"uv": [9.5, 2.5, 10, 3], "texture": "#2"},
				"south": {"uv": [10.75, 5.5, 10.5, 6], "texture": "#2"},
				"west": {"uv": [10, 2.5, 9.5, 3], "texture": "#2"},
				"up": {"uv": [6, 11, 6.25, 10.5], "texture": "#2"},
				"down": {"uv": [6.5, 10.5, 6.75, 11], "texture": "#2"}
			}
		},
		{
			"from": [7.71, 8.88971, 17.19504],
			"to": [8.27, 9.72971, 18.03504],
			"rotation": {"angle": -45, "axis": "x", "origin": [7.99875, 7.93953, 8]},
			"faces": {
				"north": {"uv": [7.25, 10.5, 7, 11], "texture": "#2"},
				"east": {"uv": [9.5, 3, 10, 3.5], "texture": "#2"},
				"south": {"uv": [7.75, 10.5, 7.5, 11], "texture": "#2"},
				"west": {"uv": [10, 3, 9.5, 3.5], "texture": "#2"},
				"up": {"uv": [10.5, 8, 10.75, 7.5], "texture": "#2"},
				"down": {"uv": [8, 10.5, 8.25, 11], "texture": "#2"}
			}
		},
		{
			"from": [7.71, 15.98927, 7.50114],
			"to": [8.27, 26.70927, 8.62114],
			"rotation": {"angle": 0, "axis": "y", "origin": [7.99875, 7.93953, 8]},
			"faces": {
				"north": {"uv": [5.25, 0.5, 5, 5.75], "texture": "#2"},
				"east": {"uv": [3, 0, 2.5, 5.25], "texture": "#2"},
				"south": {"uv": [5.25, 0.5, 5, 5.75], "texture": "#2"},
				"west": {"uv": [2.5, 0, 2, 5.25], "texture": "#2"},
				"up": {"uv": [10.5, 8.5, 10.75, 8], "texture": "#2"},
				"down": {"uv": [9, 10.5, 9.25, 11], "texture": "#2"}
			}
		},
		{
			"from": [7.71, 12.76927, 7.32],
			"to": [8.27, 15.00927, 8.8],
			"rotation": {"angle": 0, "axis": "y", "origin": [7.99875, 7.93953, 8]},
			"faces": {
				"north": {"uv": [4.25, 9.5, 4, 10.5], "texture": "#2"},
				"east": {"uv": [7.25, 2.5, 6.5, 3.5], "texture": "#2"},
				"south": {"uv": [4.75, 9.5, 4.5, 10.5], "texture": "#2"},
				"west": {"uv": [2.75, 6.5, 2, 7.5], "texture": "#2"},
				"up": {"uv": [10, 3.75, 10.25, 3], "texture": "#2"},
				"down": {"uv": [3.5, 10, 3.75, 10.75], "texture": "#2"}
			}
		},
		{
			"from": [7.57, 15.84927, 7.36114],
			"to": [8.41, 17.10927, 8.76114],
			"rotation": {"angle": 0, "axis": "y", "origin": [7.99875, 7.93953, 8]},
			"faces": {
				"north": {"uv": [9, 1, 8.5, 1.75], "texture": "#2"},
				"east": {"uv": [4.75, 7.5, 4, 8.25], "texture": "#2"},
				"south": {"uv": [2.5, 8.5, 2, 9.25], "texture": "#2"},
				"west": {"uv": [8.25, 3.5, 7.5, 4.25], "texture": "#2"},
				"up": {"uv": [8.5, 2.75, 9, 2], "texture": "#2"},
				"down": {"uv": [2.5, 8.5, 3, 9.25], "texture": "#2"}
			}
		},
		{
			"from": [7.57, 17.14143, 11.28102],
			"to": [8.41, 17.56143, 12.68102],
			"rotation": {"angle": -22.5, "axis": "x", "origin": [7.99875, 7.93953, 8]},
			"faces": {
				"north": {"uv": [10, 10.5, 9.5, 10.75], "texture": "#2"},
				"east": {"uv": [10.75, 6, 10, 6.25], "texture": "#2"},
				"south": {"uv": [11, 9.5, 10.5, 9.75], "texture": "#2"},
				"west": {"uv": [6.25, 10, 5.5, 10.25], "texture": "#2"},
				"up": {"uv": [8.5, 3.75, 9, 3], "texture": "#2"},
				"down": {"uv": [4, 8.5, 4.5, 9.25], "texture": "#2"}
			}
		},
		{
			"from": [7.57, 19.40006, 2.57504],
			"to": [8.41, 19.82006, 3.97504],
			"rotation": {"angle": 22.5, "axis": "x", "origin": [7.99875, 7.93953, 8]},
			"faces": {
				"north": {"uv": [10.5, 10.5, 10, 10.75], "texture": "#2"},
				"east": {"uv": [10.75, 6.5, 10, 6.75], "texture": "#2"},
				"south": {"uv": [11, 10, 10.5, 10.25], "texture": "#2"},
				"west": {"uv": [7.25, 10, 6.5, 10.25], "texture": "#2"},
				"up": {"uv": [4.5, 9.25, 5, 8.5], "texture": "#2"},
				"down": {"uv": [8.5, 5, 9, 5.75], "texture": "#2"}
			}
		},
		{
			"from": [7.57, 23.09557, 1.0443],
			"to": [8.41, 23.51557, 2.4443],
			"rotation": {"angle": 22.5, "axis": "x", "origin": [7.99875, 7.93953, 8]},
			"faces": {
				"north": {"uv": [11, 10.5, 10.5, 10.75], "texture": "#2"},
				"east": {"uv": [10.75, 6.5, 10, 6.75], "texture": "#2"},
				"south": {"uv": [11, 10, 10.5, 10.25], "texture": "#2"},
				"west": {"uv": [7.25, 10, 6.5, 10.25], "texture": "#2"},
				"up": {"uv": [4.5, 9.25, 5, 8.5], "texture": "#2"},
				"down": {"uv": [8.5, 5, 9, 5.75], "texture": "#2"}
			}
		},
		{
			"from": [7.57, 20.83695, 12.81175],
			"to": [8.41, 21.25695, 14.21175],
			"rotation": {"angle": -22.5, "axis": "x", "origin": [7.99875, 7.93953, 8]},
			"faces": {
				"north": {"uv": [0.5, 11, 0, 11.25], "texture": "#2"},
				"east": {"uv": [10.75, 6, 10, 6.25], "texture": "#2"},
				"south": {"uv": [11, 9.5, 10.5, 9.75], "texture": "#2"},
				"west": {"uv": [6.25, 10, 5.5, 10.25], "texture": "#2"},
				"up": {"uv": [8.5, 3.75, 9, 3], "texture": "#2"},
				"down": {"uv": [4, 8.5, 4.5, 9.25], "texture": "#2"}
			}
		},
		{
			"from": [7.85, 15.42927, 2.24],
			"to": [8.13, 16.12927, 13.76],
			"rotation": {"angle": 0, "axis": "y", "origin": [7.99875, 7.93953, 8]},
			"faces": {
				"north": {"uv": [11.25, 0.5, 11, 0.75], "texture": "#2"},
				"east": {"uv": [9, 0, 4, 0.25], "texture": "#2"},
				"south": {"uv": [1.25, 11, 1, 11.25], "texture": "#2"},
				"west": {"uv": [4, 0, 9.75, 0.25], "texture": "#2"},
				"up": {"uv": [4, 5, 4.25, 0], "texture": "#2"},
				"down": {"uv": [4.5, 0.5, 4.75, 5.5], "texture": "#2"}
			}
		},
		{
			"from": [7.71, 15.34927, 6.38114],
			"to": [8.27, 16.26927, 9.74114],
			"rotation": {"angle": 0, "axis": "y", "origin": [7.99875, 7.93953, 8]},
			"faces": {
				"north": {"uv": [11.25, 0, 11, 0.5], "texture": "#2"},
				"east": {"uv": [8.25, 2, 6.5, 2.5], "texture": "#2"},
				"south": {"uv": [0.75, 11, 0.5, 11.5], "texture": "#2"},
				"west": {"uv": [8.25, 1.5, 6.5, 2], "texture": "#2"},
				"up": {"uv": [8, 6.75, 8.25, 5], "texture": "#2"},
				"down": {"uv": [5.5, 8, 5.75, 9.75], "texture": "#2"}
			}
		},
		{
			"from": [7.95, 12.13, 6.75],
			"to": [8.1, 12.63, 9.25],
			"rotation": {"angle": 0, "axis": "y", "origin": [7.99875, 7.93953, 8]},
			"faces": {
				"north": {"uv": [1.75, 11, 1.5, 11.25], "texture": "#2"},
				"east": {"uv": [9.75, 6, 8.5, 6.25], "texture": "#2"},
				"south": {"uv": [2.25, 11, 2, 11.25], "texture": "#2"},
				"west": {"uv": [9.75, 4, 8.5, 4.25], "texture": "#2"},
				"up": {"uv": [8, 9.75, 8.25, 8.5], "texture": "#2"},
				"down": {"uv": [8.5, 8.5, 8.75, 9.75], "texture": "#2"}
			}
		},
		{
			"from": [7.95, 11.13, 10.25],
			"to": [8.1, 11.63, 10.75],
			"rotation": {"angle": 0, "axis": "y", "origin": [7.99875, 7.93953, 8]},
			"faces": {
				"north": {"uv": [11.25, 2.5, 11, 2.75], "texture": "#2"},
				"east": {"uv": [3.75, 11, 3.5, 11.25], "texture": "#2"},
				"south": {"uv": [11.25, 3, 11, 3.25], "texture": "#2"},
				"west": {"uv": [3.25, 11, 3, 11.25], "texture": "#2"},
				"up": {"uv": [11, 3.75, 11.25, 3.5], "texture": "#2"},
				"down": {"uv": [4, 11, 4.25, 11.25], "texture": "#2"}
			}
		},
		{
			"from": [7.95, 11.13, 5.25],
			"to": [8.1, 11.63, 5.75],
			"rotation": {"angle": 0, "axis": "y", "origin": [7.99875, 7.93953, 8]},
			"faces": {
				"north": {"uv": [4.75, 11, 4.5, 11.25], "texture": "#2"},
				"east": {"uv": [5.75, 11, 5.5, 11.25], "texture": "#2"},
				"south": {"uv": [11.25, 5, 11, 5.25], "texture": "#2"},
				"west": {"uv": [11.25, 4.5, 11, 4.75], "texture": "#2"},
				"up": {"uv": [11, 5.75, 11.25, 5.5], "texture": "#2"},
				"down": {"uv": [6, 11, 6.25, 11.25], "texture": "#2"}
			}
		},
		{
			"from": [7.95, 11.63, 5.75],
			"to": [8.1, 12.13, 10.25],
			"rotation": {"angle": 0, "axis": "y", "origin": [7.99875, 7.93953, 8]},
			"faces": {
				"north": {"uv": [11.5, 2, 11.25, 2.25], "texture": "#2"},
				"east": {"uv": [7.25, 7.5, 5, 7.75], "texture": "#2"},
				"south": {"uv": [2.75, 11.5, 2.5, 11.75], "texture": "#2"},
				"west": {"uv": [9.75, 4.5, 7.5, 4.75], "texture": "#2"},
				"up": {"uv": [7.5, 9.75, 7.75, 7.5], "texture": "#2"},
				"down": {"uv": [5.25, 8, 5.5, 10.25], "texture": "#2"}
			}
		},
		{
			"from": [7.91, 16.13, 11],
			"to": [8.06, 16.63, 12.5],
			"rotation": {"angle": 0, "axis": "y", "origin": [7.99875, 7.93953, 8]},
			"faces": {
				"north": {"uv": [11.25, 2, 11, 2.25], "texture": "#2"},
				"east": {"uv": [8.25, 10, 7.5, 10.25], "texture": "#2"},
				"south": {"uv": [2.75, 11, 2.5, 11.25], "texture": "#2"},
				"west": {"uv": [10.75, 7, 10, 7.25], "texture": "#2"},
				"up": {"uv": [10, 8.25, 10.25, 7.5], "texture": "#2"},
				"down": {"uv": [8.5, 10, 8.75, 10.75], "texture": "#2"}
			}
		},
		{
			"from": [7.91, 16.63, 12],
			"to": [8.06, 17.13, 12.5],
			"rotation": {"angle": 0, "axis": "y", "origin": [7.99875, 7.93953, 8]},
			"faces": {
				"north": {"uv": [11.25, 2, 11, 2.25], "texture": "#2"},
				"east": {"uv": [6.75, 11, 6.5, 11.25], "texture": "#2"},
				"south": {"uv": [2.75, 11, 2.5, 11.25], "texture": "#2"},
				"west": {"uv": [11.25, 6, 11, 6.25], "texture": "#2"},
				"up": {"uv": [11, 6.75, 11.25, 6.5], "texture": "#2"},
				"down": {"uv": [5, 8, 5.25, 10.25], "texture": "#2"}
			}
		},
		{
			"from": [7.91, 17.13, 11.5],
			"to": [8.06, 17.63, 12],
			"rotation": {"angle": 0, "axis": "y", "origin": [7.99875, 7.93953, 8]},
			"faces": {
				"north": {"uv": [11.25, 2, 11, 2.25], "texture": "#2"},
				"east": {"uv": [11.25, 7, 11, 7.25], "texture": "#2"},
				"south": {"uv": [2.75, 11, 2.5, 11.25], "texture": "#2"},
				"west": {"uv": [7.25, 11, 7, 11.25], "texture": "#2"},
				"up": {"uv": [11, 6.75, 11.25, 6.5], "texture": "#2"},
				"down": {"uv": [7.5, 11, 7.75, 11.25], "texture": "#2"}
			}
		},
		{
			"from": [7.95, 14.97, 13],
			"to": [8.1, 15.47, 14.5],
			"rotation": {"angle": 0, "axis": "y", "origin": [7.99875, 7.93953, 8]},
			"faces": {
				"north": {"uv": [11.25, 7.5, 11, 7.75], "texture": "#2"},
				"east": {"uv": [10.75, 9, 10, 9.25], "texture": "#2"},
				"south": {"uv": [11.25, 8, 11, 8.25], "texture": "#2"},
				"west": {"uv": [10.75, 8.5, 10, 8.75], "texture": "#2"},
				"up": {"uv": [10, 10.25, 10.25, 9.5], "texture": "#2"},
				"down": {"uv": [10.5, 0, 10.75, 0.75], "texture": "#2"}
			}
		},
		{
			"from": [7.95, 14.47, 14],
			"to": [8.1, 14.97, 14.5],
			"rotation": {"angle": 0, "axis": "y", "origin": [7.99875, 7.93953, 8]},
			"faces": {
				"north": {"uv": [11.25, 7.5, 11, 7.75], "texture": "#2"},
				"east": {"uv": [8.75, 11, 8.5, 11.25], "texture": "#2"},
				"south": {"uv": [11.25, 8, 11, 8.25], "texture": "#2"},
				"west": {"uv": [8.25, 11, 8, 11.25], "texture": "#2"},
				"up": {"uv": [11, 9.25, 11.25, 9], "texture": "#2"},
				"down": {"uv": [9, 11, 9.25, 11.25], "texture": "#2"}
			}
		},
		{
			"from": [7.95, 13.97, 13.5],
			"to": [8.1, 14.47, 14],
			"rotation": {"angle": 0, "axis": "y", "origin": [7.99875, 7.93953, 8]},
			"faces": {
				"north": {"uv": [11.25, 7.5, 11, 7.75], "texture": "#2"},
				"east": {"uv": [8.75, 11, 8.5, 11.25], "texture": "#2"},
				"south": {"uv": [11.25, 8, 11, 8.25], "texture": "#2"},
				"west": {"uv": [8.25, 11, 8, 11.25], "texture": "#2"},
				"up": {"uv": [11, 8.75, 11.25, 8.5], "texture": "#2"},
				"down": {"uv": [9, 11, 9.25, 11.25], "texture": "#2"}
			}
		},
		{
			"from": [7.95, 14.47, 1.5],
			"to": [8.1, 14.97, 2],
			"rotation": {"angle": 0, "axis": "y", "origin": [7.99875, 7.93953, 8]},
			"faces": {
				"north": {"uv": [0.75, 11.5, 0.5, 11.75], "texture": "#2"},
				"east": {"uv": [11.75, 1, 11.5, 1.25], "texture": "#2"},
				"south": {"uv": [11.75, 0.5, 11.5, 0.75], "texture": "#2"},
				"west": {"uv": [1.25, 11.5, 1, 11.75], "texture": "#2"},
				"up": {"uv": [2, 11.75, 2.25, 11.5], "texture": "#2"},
				"down": {"uv": [11.5, 1.5, 11.75, 1.75], "texture": "#2"}
			}
		},
		{
			"from": [7.95, 13.97, 2],
			"to": [8.1, 14.47, 2.5],
			"rotation": {"angle": 0, "axis": "y", "origin": [7.99875, 7.93953, 8]},
			"faces": {
				"north": {"uv": [0.75, 11.5, 0.5, 11.75], "texture": "#2"},
				"east": {"uv": [11.75, 1, 11.5, 1.25], "texture": "#2"},
				"south": {"uv": [11.75, 0.5, 11.5, 0.75], "texture": "#2"},
				"west": {"uv": [1.25, 11.5, 1, 11.75], "texture": "#2"},
				"up": {"uv": [1.5, 11.75, 1.75, 11.5], "texture": "#2"},
				"down": {"uv": [11.5, 1.5, 11.75, 1.75], "texture": "#2"}
			}
		},
		{
			"from": [7.95, 14.97, 1.5],
			"to": [8.1, 15.47, 3],
			"rotation": {"angle": 0, "axis": "y", "origin": [7.99875, 7.93953, 8]},
			"faces": {
				"north": {"uv": [0.75, 11.5, 0.5, 11.75], "texture": "#2"},
				"east": {"uv": [11.25, 4, 10.5, 4.25], "texture": "#2"},
				"south": {"uv": [11.75, 0.5, 11.5, 0.75], "texture": "#2"},
				"west": {"uv": [4.75, 10.5, 4, 10.75], "texture": "#2"},
				"up": {"uv": [10.5, 5.25, 10.75, 4.5], "texture": "#2"},
				"down": {"uv": [5, 10.5, 5.25, 11.25], "texture": "#2"}
			}
		},
		{
			"from": [7.91, 16.13, 3.5],
			"to": [8.06, 16.63, 5],
			"rotation": {"angle": 0, "axis": "y", "origin": [7.99875, 7.93953, 8]},
			"faces": {
				"north": {"uv": [9.75, 11, 9.5, 11.25], "texture": "#2"},
				"east": {"uv": [11.25, 1.5, 10.5, 1.75], "texture": "#2"},
				"south": {"uv": [10.25, 11, 10, 11.25], "texture": "#2"},
				"west": {"uv": [11.25, 1, 10.5, 1.25], "texture": "#2"},
				"up": {"uv": [10.5, 2.75, 10.75, 2], "texture": "#2"},
				"down": {"uv": [10.5, 3, 10.75, 3.75], "texture": "#2"}
			}
		},
		{
			"from": [7.91, 16.63, 3.5],
			"to": [8.06, 17.13, 4],
			"rotation": {"angle": 0, "axis": "y", "origin": [7.99875, 7.93953, 8]},
			"faces": {
				"north": {"uv": [9.75, 11, 9.5, 11.25], "texture": "#2"},
				"east": {"uv": [0.25, 11.5, 0, 11.75], "texture": "#2"},
				"south": {"uv": [10.25, 11, 10, 11.25], "texture": "#2"},
				"west": {"uv": [11.25, 11, 11, 11.25], "texture": "#2"},
				"up": {"uv": [11.5, 0.25, 11.75, 0], "texture": "#2"},
				"down": {"uv": [11, 10.5, 11.25, 10.75], "texture": "#2"}
			}
		},
		{
			"from": [7.91, 17.13, 4],
			"to": [8.06, 17.63, 4.5],
			"rotation": {"angle": 0, "axis": "y", "origin": [7.99875, 7.93953, 8]},
			"faces": {
				"north": {"uv": [9.75, 11, 9.5, 11.25], "texture": "#2"},
				"east": {"uv": [11.25, 10, 11, 10.25], "texture": "#2"},
				"south": {"uv": [10.25, 11, 10, 11.25], "texture": "#2"},
				"west": {"uv": [11.25, 9.5, 11, 9.75], "texture": "#2"},
				"up": {"uv": [10.5, 11.25, 10.75, 11], "texture": "#2"},
				"down": {"uv": [11, 10.5, 11.25, 10.75], "texture": "#2"}
			}
		}
	],
	"display": {
		"thirdperson_righthand": {
			"rotation": [180, -180, 0],
			"translation": [-0.25, 9.5, 1.75]
		},
		"thirdperson_lefthand": {
			"rotation": [180, 0, 0],
			"translation": [-0.25, 10, 1.75]
		},
		"firstperson_righthand": {
			"rotation": [180, 0, 0],
			"translation": [1.25, 6.5, 3],
			"scale": [0.61914, 0.61914, 0.61914]
		},
		"firstperson_lefthand": {
			"rotation": [180, 0, 0],
			"translation": [1.25, 7.25, 3],
			"scale": [0.61914, 0.61914, 0.61914]
		},
		"ground": {
			"translation": [0, 7, 0],
			"scale": [0.76367, 0.76367, 0.76367]
		},
		"gui": {
			"rotation": [90, -43.25, -90],
			"translation": [-0.5, 0, 0],
			"scale": [0.64063, 0.64063, 0.64063]
		},
		"head": {
			"rotation": [180, -90, 180]
		},
		"fixed": {
			"rotation": [-90, 42.75, 90],
			"translation": [0, 0.75, -0.25],
			"scale": [0.77539, 0.77539, 0.77539]
		}
	},
	"groups": [
		{
			"name": "blade 3 melhor",
			"origin": [6.885, 14.25, 6.5],
			"color": 0,
			"children": [0, 1, 2, 3, 4, 5, 6, 7, 8, 9]
		},
		{
			"name": "cabo menor",
			"origin": [9, -1.58211, 7.01918],
			"color": 0,
			"children": [10, 11, 12, 13, 14, 15, 16, 17, 18, 19, 20, 21, 22, 23, 24]
		},
		25,
		26,
		27,
		28,
		29,
		30,
		31,
		32,
		33,
		34,
		35,
		36,
		37,
		38,
		39,
		40
	]
}