{
	"credit": "Made with Blockbench",
	"textures": {
		"0": "irons_spellbooks:item/legionnaire_flamberge",
		"particle": "irons_spellbooks:item/legionnaire_flamberge"
	},
	"elements": [
		{
			"from": [7.8485, -10.03, 7.25],
			"to": [8.1885, 12.77, 8.87],
			"rotation": {"angle": 0, "axis": "y", "origin": [8.00125, 7.93953, 8]},
			"faces": {
				"north": {"uv": [3.5, 0, 3.75, 9], "texture": "#0"},
				"east": {"uv": [0, 0, 0.75, 9], "texture": "#0"},
				"south": {"uv": [3, 0, 3.25, 9], "texture": "#0"},
				"west": {"uv": [0.75, 0, 0, 9], "texture": "#0"},
				"up": {"uv": [9.75, 8.25, 9.5, 7.5], "texture": "#0"},
				"down": {"uv": [9.75, 8.5, 9.5, 9.25], "texture": "#0"}
			}
		},
		{
			"from": [7.8925, 7.69945, 8.82082],
			"to": [8.1625, 9.85945, 10.98082],
			"rotation": {"angle": -45, "axis": "x", "origin": [8.00125, 7.93953, 8]},
			"faces": {
				"north": {"uv": [0, 9, 0.25, 10], "texture": "#0"},
				"east": {"uv": [6.5, 1.5, 5.5, 2.5], "texture": "#0"},
				"south": {"uv": [0.5, 9, 0.75, 10], "texture": "#0"},
				"west": {"uv": [5.5, 1.5, 6.5, 2.5], "texture": "#0"},
				"up": {"uv": [1.25, 10, 1, 9], "texture": "#0"},
				"down": {"uv": [9.25, 1, 9, 2], "texture": "#0"}
			}
		},
		{
			"from": [7.8925, 6.55393, 5.55988],
			"to": [8.1625, 8.71393, 7.71988],
			"rotation": {"angle": -45, "axis": "x", "origin": [8.00125, 7.93953, 8.1]},
			"faces": {
				"north": {"uv": [1.5, 9, 1.75, 10], "texture": "#0"},
				"east": {"uv": [6.5, 2.5, 5.5, 3.5], "texture": "#0"},
				"south": {"uv": [9, 2, 9.25, 3], "texture": "#0"},
				"west": {"uv": [5.5, 2.5, 6.5, 3.5], "texture": "#0"},
				"up": {"uv": [3.25, 10, 3, 9], "texture": "#0"},
				"down": {"uv": [9.25, 3, 9, 4], "texture": "#0"}
			}
		},
		{
			"from": [7.8925, 1.97188, 0.97783],
			"to": [8.1625, 4.13188, 3.13783],
			"rotation": {"angle": -45, "axis": "x", "origin": [8.00125, 7.93953, 8.1]},
			"faces": {
				"north": {"uv": [3.5, 9, 3.75, 10], "texture": "#0"},
				"east": {"uv": [6.5, 4.5, 5.5, 5.5], "texture": "#0"},
				"south": {"uv": [9, 5, 9.25, 6], "texture": "#0"},
				"west": {"uv": [5.5, 4.5, 6.5, 5.5], "texture": "#0"},
				"up": {"uv": [6.25, 10, 6, 9], "texture": "#0"},
				"down": {"uv": [6.75, 9, 6.5, 10], "texture": "#0"}
			}
		},
		{
			"from": [7.8925, 3.11739, 4.23877],
			"to": [8.1625, 5.27739, 6.39877],
			"rotation": {"angle": -45, "axis": "x", "origin": [8.00125, 7.93953, 8]},
			"faces": {
				"north": {"uv": [9, 6.5, 9.25, 7.5], "texture": "#0"},
				"east": {"uv": [7.5, 0.5, 6.5, 1.5], "texture": "#0"},
				"south": {"uv": [7, 9, 7.25, 10], "texture": "#0"},
				"west": {"uv": [6.5, 0.5, 7.5, 1.5], "texture": "#0"},
				"up": {"uv": [9.25, 8.5, 9, 7.5], "texture": "#0"},
				"down": {"uv": [9.25, 8.5, 9, 9.5], "texture": "#0"}
			}
		},
		{
			"from": [7.8925, -2.31017, -3.30422],
			"to": [8.1625, -0.75017, -1.74422],
			"rotation": {"angle": -45, "axis": "x", "origin": [8.00125, 7.93953, 8.1]},
			"faces": {
				"north": {"uv": [9, 9.5, 9.25, 10.25], "texture": "#0"},
				"east": {"uv": [6, 6.5, 6.75, 7.25], "texture": "#0"},
				"south": {"uv": [9.5, 9.5, 9.75, 10.25], "texture": "#0"},
				"west": {"uv": [6.75, 6.5, 6, 7.25], "texture": "#0"},
				"up": {"uv": [0.25, 10.75, 0, 10], "texture": "#0"},
				"down": {"uv": [10.25, 0, 10, 0.75], "texture": "#0"}
			}
		},
		{
			"from": [7.8925, -4.76126, -4.24361],
			"to": [8.1625, -3.30126, -2.68361],
			"rotation": {"angle": -45, "axis": "x", "origin": [8.00125, 7.93953, 8]},
			"faces": {
				"north": {"uv": [9, 9.5, 9.25, 10.25], "texture": "#0"},
				"east": {"uv": [5, 6.5, 5.75, 7.25], "texture": "#0"},
				"south": {"uv": [9.5, 9.5, 9.75, 10.25], "texture": "#0"},
				"west": {"uv": [5, 6.5, 5.75, 7.25], "texture": "#0"},
				"up": {"uv": [0.25, 10.75, 0, 10], "texture": "#0"},
				"down": {"uv": [10.25, 0, 10, 0.75], "texture": "#0"}
			}
		},
		{
			"from": [7.7925, -11.13422, 7],
			"to": [8.2625, -9.07422, 9.06],
			"rotation": {"angle": -45, "axis": "x", "origin": [8.0275, -10.10422, 8.1]},
			"faces": {
				"north": {"uv": [9, 9.5, 9.25, 10.25], "texture": "#0"},
				"east": {"uv": [5.75, 6.5, 5, 7.25], "texture": "#0"},
				"south": {"uv": [9.5, 9.5, 9.75, 10.25], "texture": "#0"},
				"west": {"uv": [5, 6.5, 5.75, 7.25], "texture": "#0"},
				"up": {"uv": [0.25, 10.75, 0, 10], "texture": "#0"},
				"down": {"uv": [10.25, 0, 10, 0.75], "texture": "#0"}
			}
		},
		{
			"from": [7.8925, -6.49368, -6.41229],
			"to": [8.1625, -4.93368, -4.85229],
			"rotation": {"angle": -45, "axis": "x", "origin": [8.00125, 7.93953, 8.1]},
			"faces": {
				"north": {"uv": [9, 9.5, 9.25, 10.25], "texture": "#0"},
				"east": {"uv": [10.5, 11.5, 11.25, 12.25], "texture": "#0"},
				"south": {"uv": [9.5, 9.5, 9.75, 10.25], "texture": "#0"},
				"west": {"uv": [10.5, 11.5, 11.25, 12.25], "texture": "#0"},
				"up": {"uv": [0.25, 10.75, 0, 10], "texture": "#0"},
				"down": {"uv": [10.25, 0, 10, 0.75], "texture": "#0"}
			}
		},
		{
			"from": [7.8925, -1.16466, -0.04328],
			"to": [8.1625, 0.39534, 1.51672],
			"rotation": {"angle": -45, "axis": "x", "origin": [8.00125, 7.93953, 8]},
			"faces": {
				"north": {"uv": [0.5, 10, 0.75, 10.75], "texture": "#0"},
				"east": {"uv": [6.75, 6.5, 6, 7.25], "texture": "#0"},
				"south": {"uv": [1, 10, 1.25, 10.75], "texture": "#0"},
				"west": {"uv": [6, 6.5, 6.75, 7.25], "texture": "#0"},
				"up": {"uv": [10.25, 1.75, 10, 1], "texture": "#0"},
				"down": {"uv": [1.75, 10, 1.5, 10.75], "texture": "#0"}
			}
		},
		{
			"from": [7.73, 20.69905, 20.84598],
			"to": [8.29, 22.37905, 22.52598],
			"rotation": {"angle": -45, "axis": "x", "origin": [8.00125, 7.93953, 8]},
			"faces": {
				"north": {"uv": [2, 10, 2.25, 10.75], "texture": "#0"},
				"east": {"uv": [8.25, 0.5, 7.5, 1.25], "texture": "#0"},
				"south": {"uv": [10, 2, 10.25, 2.75], "texture": "#0"},
				"west": {"uv": [7.5, 0.5, 8.25, 1.25], "texture": "#0"},
				"up": {"uv": [2.75, 10.75, 2.5, 10], "texture": "#0"},
				"down": {"uv": [3.25, 10, 3, 10.75], "texture": "#0"}
			}
		},
		{
			"from": [7.59, 20.36809, 20.51502],
			"to": [8.43, 21.48809, 21.63502],
			"rotation": {"angle": -45, "axis": "x", "origin": [8.00125, 7.93953, 8]},
			"faces": {
				"north": {"uv": [5, 6, 5.5, 6.5], "texture": "#0"},
				"east": {"uv": [7.5, 6, 8, 6.5], "texture": "#0"},
				"south": {"uv": [8.5, 6.5, 9, 7], "texture": "#0"},
				"west": {"uv": [9.5, 0.5, 10, 1], "texture": "#0"},
				"up": {"uv": [10, 1.5, 9.5, 1], "texture": "#0"},
				"down": {"uv": [10, 1.5, 9.5, 2], "texture": "#0"}
			}
		},
		{
			"from": [7.74, 28.55926, 7.50114],
			"to": [8.28, 29.27926, 8.62114],
			"rotation": {"angle": 0, "axis": "x", "origin": [8.01, 28.11926, 8.06114]},
			"faces": {
				"north": {"uv": [14, 3.75, 14.5, 4.25], "texture": "#0"},
				"east": {"uv": [14, 4.25, 13.25, 3.75], "texture": "#0"},
				"south": {"uv": [12.75, 3.75, 13.25, 4.25], "texture": "#0"},
				"west": {"uv": [13.25, 4.25, 14, 3.75], "texture": "#0"},
				"up": {"uv": [13.25, 3.75, 13.5, 3], "texture": "#0"},
				"down": {"uv": [13.25, 3, 13.75, 3.75], "texture": "#0"}
			}
		},
		{
			"from": [7.84, 27.80926, 7.60114],
			"to": [8.18, 28.87926, 8.52114],
			"rotation": {"angle": 0, "axis": "x", "origin": [8.01, 27.36926, 8.06114]},
			"faces": {
				"north": {"uv": [14, 4.25, 14.25, 4.75], "texture": "#0"},
				"east": {"uv": [13.75, 4.75, 13.25, 4.25], "texture": "#0"},
				"south": {"uv": [13, 4.25, 13.25, 4.75], "texture": "#0"},
				"west": {"uv": [13.25, 4.75, 13.75, 4.25], "texture": "#0"},
				"up": {"uv": [13.25, 5.5, 13.75, 4.75], "texture": "#0"},
				"down": {"uv": [13.25, 4.75, 13.75, 5.5], "texture": "#0"}
			}
		},
		{
			"from": [7.39, 12.36933, 12.51626],
			"to": [8.57, 14.04933, 14.19626],
			"rotation": {"angle": -45, "axis": "x", "origin": [8.00125, 7.93953, 8]},
			"faces": {
				"north": {"uv": [7.5, 5, 8, 5.75], "texture": "#0"},
				"east": {"uv": [8.25, 2.5, 7.5, 3.25], "texture": "#0"},
				"south": {"uv": [6, 8, 6.5, 8.75], "texture": "#0"},
				"west": {"uv": [7.5, 2.5, 8.25, 3.25], "texture": "#0"},
				"up": {"uv": [7, 8.75, 6.5, 8], "texture": "#0"},
				"down": {"uv": [7.5, 8, 7, 8.75], "texture": "#0"}
			}
		},
		{
			"from": [7.31, 12.78933, 12.93626],
			"to": [8.71, 13.62933, 13.77626],
			"rotation": {"angle": -45, "axis": "x", "origin": [8.00125, 7.93953, 8]},
			"faces": {
				"north": {"uv": [8, 7, 8.75, 7.5], "texture": "#0"},
				"east": {"uv": [10, 2, 9.5, 2.5], "texture": "#0"},
				"south": {"uv": [8, 7.5, 8.75, 8], "texture": "#0"},
				"west": {"uv": [9.5, 2, 10, 2.5], "texture": "#0"},
				"up": {"uv": [8.75, 8.5, 8, 8], "texture": "#0"},
				"down": {"uv": [9.25, 0.5, 8.5, 1], "texture": "#0"}
			}
		},
		{
			"from": [7.73, 17.13457, 8.95018],
			"to": [8.29, 17.97457, 9.79018],
			"rotation": {"angle": -45, "axis": "x", "origin": [8.00125, 7.93953, 8]},
			"faces": {
				"north": {"uv": [5.5, 10.5, 5.75, 11], "texture": "#0"},
				"east": {"uv": [9.5, 2.5, 10, 3], "texture": "#0"},
				"south": {"uv": [10.5, 5.5, 10.75, 6], "texture": "#0"},
				"west": {"uv": [10, 2.5, 9.5, 3], "texture": "#0"},
				"up": {"uv": [6.25, 11, 6, 10.5], "texture": "#0"},
				"down": {"uv": [6.75, 10.5, 6.5, 11], "texture": "#0"}
			}
		},
		{
			"from": [7.73, 8.88971, 17.19504],
			"to": [8.29, 9.72971, 18.03504],
			"rotation": {"angle": -45, "axis": "x", "origin": [8.00125, 7.93953, 8]},
			"faces": {
				"north": {"uv": [7, 10.5, 7.25, 11], "texture": "#0"},
				"east": {"uv": [9.5, 3, 10, 3.5], "texture": "#0"},
				"south": {"uv": [7.5, 10.5, 7.75, 11], "texture": "#0"},
				"west": {"uv": [10, 3, 9.5, 3.5], "texture": "#0"},
				"up": {"uv": [10.75, 8, 10.5, 7.5], "texture": "#0"},
				"down": {"uv": [8.25, 10.5, 8, 11], "texture": "#0"}
			}
		},
		{
			"from": [7.73, 15.98927, 7.50114],
			"to": [8.29, 26.70927, 8.62114],
			"rotation": {"angle": 0, "axis": "y", "origin": [8.00125, 7.93953, 8]},
			"faces": {
				"north": {"uv": [5, 0.5, 5.25, 5.75], "texture": "#0"},
				"east": {"uv": [2, 0, 2.5, 5.25], "texture": "#0"},
				"south": {"uv": [5, 0.5, 5.25, 5.75], "texture": "#0"},
				"west": {"uv": [2.5, 0, 3, 5.25], "texture": "#0"},
				"up": {"uv": [10.75, 8.5, 10.5, 8], "texture": "#0"},
				"down": {"uv": [9.25, 10.5, 9, 11], "texture": "#0"}
			}
		},
		{
			"from": [7.73, 12.76927, 7.32],
			"to": [8.29, 15.00927, 8.8],
			"rotation": {"angle": 0, "axis": "y", "origin": [8.00125, 7.93953, 8]},
			"faces": {
				"north": {"uv": [4, 9.5, 4.25, 10.5], "texture": "#0"},
				"east": {"uv": [2, 6.5, 2.75, 7.5], "texture": "#0"},
				"south": {"uv": [4.5, 9.5, 4.75, 10.5], "texture": "#0"},
				"west": {"uv": [6.5, 2.5, 7.25, 3.5], "texture": "#0"},
				"up": {"uv": [10.25, 3.75, 10, 3], "texture": "#0"},
				"down": {"uv": [3.75, 10, 3.5, 10.75], "texture": "#0"}
			}
		},
		{
			"from": [7.53, 12.75, 7.22],
			"to": [8.49, 13.34, 8.9],
			"rotation": {"angle": 0, "axis": "y", "origin": [8.00125, 8.03953, 8]},
			"faces": {
				"north": {"uv": [4, 12.25, 4.5, 12.5], "texture": "#0"},
				"east": {"uv": [3, 12, 4, 12.25], "texture": "#0"},
				"south": {"uv": [4, 12, 4.5, 12.25], "texture": "#0"},
				"west": {"uv": [3, 12, 4, 12.25], "texture": "#0"},
				"up": {"uv": [2.5, 13, 3, 12], "texture": "#0"},
				"down": {"uv": [2.5, 12, 3, 13], "texture": "#0"}
			}
		},
		{
			"from": [7.59, 15.84927, 7.36114],
			"to": [8.43, 17.10927, 8.76114],
			"rotation": {"angle": 0, "axis": "y", "origin": [8.00125, 7.93953, 8]},
			"faces": {
				"north": {"uv": [8.5, 1, 9, 1.75], "texture": "#0"},
				"east": {"uv": [7.5, 3.5, 8.25, 4.25], "texture": "#0"},
				"south": {"uv": [2, 8.5, 2.5, 9.25], "texture": "#0"},
				"west": {"uv": [4, 7.5, 4.75, 8.25], "texture": "#0"},
				"up": {"uv": [9, 2.75, 8.5, 2], "texture": "#0"},
				"down": {"uv": [3, 8.5, 2.5, 9.25], "texture": "#0"}
			}
		},
		{
			"from": [7.59, 17.14143, 11.28102],
			"to": [8.43, 17.56143, 12.68102],
			"rotation": {"angle": -22.5, "axis": "x", "origin": [8.00125, 7.93953, 8]},
			"faces": {
				"north": {"uv": [9.5, 10.5, 10, 10.75], "texture": "#0"},
				"east": {"uv": [5.5, 10, 6.25, 10.25], "texture": "#0"},
				"south": {"uv": [10.5, 9.5, 11, 9.75], "texture": "#0"},
				"west": {"uv": [10, 6, 10.75, 6.25], "texture": "#0"},
				"up": {"uv": [9, 3.75, 8.5, 3], "texture": "#0"},
				"down": {"uv": [4.5, 8.5, 4, 9.25], "texture": "#0"}
			}
		},
		{
			"from": [7.59, 19.40006, 2.57504],
			"to": [8.43, 19.82006, 3.97504],
			"rotation": {"angle": 22.5, "axis": "x", "origin": [8.00125, 7.93953, 8]},
			"faces": {
				"north": {"uv": [10, 10.5, 10.5, 10.75], "texture": "#0"},
				"east": {"uv": [6.5, 10, 7.25, 10.25], "texture": "#0"},
				"south": {"uv": [10.5, 10, 11, 10.25], "texture": "#0"},
				"west": {"uv": [10, 6.5, 10.75, 6.75], "texture": "#0"},
				"up": {"uv": [5, 9.25, 4.5, 8.5], "texture": "#0"},
				"down": {"uv": [9, 5, 8.5, 5.75], "texture": "#0"}
			}
		},
		{
			"from": [7.59, 23.09557, 1.0443],
			"to": [8.43, 23.51557, 2.4443],
			"rotation": {"angle": 22.5, "axis": "x", "origin": [8.00125, 7.93953, 8]},
			"faces": {
				"north": {"uv": [10.5, 10.5, 11, 10.75], "texture": "#0"},
				"east": {"uv": [6.5, 10, 7.25, 10.25], "texture": "#0"},
				"south": {"uv": [10.5, 10, 11, 10.25], "texture": "#0"},
				"west": {"uv": [10, 6.5, 10.75, 6.75], "texture": "#0"},
				"up": {"uv": [5, 9.25, 4.5, 8.5], "texture": "#0"},
				"down": {"uv": [9, 5, 8.5, 5.75], "texture": "#0"}
			}
		},
		{
			"from": [7.59, 20.83695, 12.81175],
			"to": [8.43, 21.25695, 14.21175],
			"rotation": {"angle": -22.5, "axis": "x", "origin": [8.00125, 7.93953, 8]},
			"faces": {
				"north": {"uv": [0, 11, 0.5, 11.25], "texture": "#0"},
				"east": {"uv": [5.5, 10, 6.25, 10.25], "texture": "#0"},
				"south": {"uv": [10.5, 9.5, 11, 9.75], "texture": "#0"},
				"west": {"uv": [10, 6, 10.75, 6.25], "texture": "#0"},
				"up": {"uv": [9, 3.75, 8.5, 3], "texture": "#0"},
				"down": {"uv": [4.5, 8.5, 4, 9.25], "texture": "#0"}
			}
		},
		{
			"from": [7.87, 15.42927, 2.24],
			"to": [8.15, 16.12927, 13.76],
			"rotation": {"angle": 0, "axis": "y", "origin": [8.00125, 7.93953, 8]},
			"faces": {
				"north": {"uv": [11, 0.5, 11.25, 0.75], "texture": "#0"},
				"east": {"uv": [9.75, 0, 4, 0.25], "texture": "#0"},
				"south": {"uv": [1, 11, 1.25, 11.25], "texture": "#0"},
				"west": {"uv": [4, 0, 9, 0.25], "texture": "#0"},
				"up": {"uv": [4.25, 5, 4, 0], "texture": "#0"},
				"down": {"uv": [4.75, 0.5, 4.5, 5.5], "texture": "#0"}
			}
		},
		{
			"from": [7.73, 15.34927, 6.38114],
			"to": [8.29, 16.26927, 9.74114],
			"rotation": {"angle": 0, "axis": "y", "origin": [8.00125, 7.93953, 8]},
			"faces": {
				"north": {"uv": [11, 0, 11.25, 0.5], "texture": "#0"},
				"east": {"uv": [6.5, 1.5, 8.25, 2], "texture": "#0"},
				"south": {"uv": [0.5, 11, 0.75, 11.5], "texture": "#0"},
				"west": {"uv": [6.5, 2, 8.25, 2.5], "texture": "#0"},
				"up": {"uv": [8.25, 6.75, 8, 5], "texture": "#0"},
				"down": {"uv": [5.75, 8, 5.5, 9.75], "texture": "#0"}
			}
		},
		{
			"from": [7.9, 12.13, 6.83],
			"to": [8.05, 12.63, 9.33],
			"rotation": {"angle": 0, "axis": "y", "origin": [7.975, 11.88, 8]},
			"faces": {
				"north": {"uv": [1.5, 11, 1.75, 11.25], "texture": "#0"},
				"east": {"uv": [9.75, 6, 8.5, 6.25], "texture": "#0"},
				"south": {"uv": [2, 11, 2.25, 11.25], "texture": "#0"},
				"west": {"uv": [8.5, 6, 9.75, 6.25], "texture": "#0"},
				"up": {"uv": [8.25, 9.75, 8, 8.5], "texture": "#0"},
				"down": {"uv": [8.75, 8.5, 8.5, 9.75], "texture": "#0"}
			}
		},
		{
			"from": [7.9, 11.13, 10.08],
			"to": [8.05, 11.63, 10.58],
			"rotation": {"angle": 0, "axis": "y", "origin": [7.975, 11.88, 7.8]},
			"faces": {
				"north": {"uv": [11, 2.5, 11.25, 2.75], "texture": "#0"},
				"east": {"uv": [3, 11, 3.25, 11.25], "texture": "#0"},
				"south": {"uv": [11, 3, 11.25, 3.25], "texture": "#0"},
				"west": {"uv": [3.5, 11, 3.75, 11.25], "texture": "#0"},
				"up": {"uv": [11.25, 3.75, 11, 3.5], "texture": "#0"},
				"down": {"uv": [4.25, 11, 4, 11.25], "texture": "#0"}
			}
		},
		{
			"from": [7.9, 10.63, 10.58],
			"to": [8.05, 11.13, 11.08],
			"rotation": {"angle": 0, "axis": "y", "origin": [7.975, 11.38, 8.3]},
			"faces": {
				"north": {"uv": [11, 2.5, 11.25, 2.75], "texture": "#0"},
				"east": {"uv": [3, 11, 3.25, 11.25], "texture": "#0"},
				"south": {"uv": [11, 3, 11.25, 3.25], "texture": "#0"},
				"west": {"uv": [3.5, 11, 3.75, 11.25], "texture": "#0"},
				"up": {"uv": [11.25, 3.75, 11, 3.5], "texture": "#0"},
				"down": {"uv": [4.25, 11, 4, 11.25], "texture": "#0"}
			}
		},
		{
			"from": [7.9, 11.13, 5.58],
			"to": [8.05, 11.63, 6.08],
			"rotation": {"angle": 0, "axis": "y", "origin": [7.975, 11.88, 8.28]},
			"faces": {
				"north": {"uv": [4.5, 11, 4.75, 11.25], "texture": "#0"},
				"east": {"uv": [11, 4.5, 11.25, 4.75], "texture": "#0"},
				"south": {"uv": [11, 5, 11.25, 5.25], "texture": "#0"},
				"west": {"uv": [5.5, 11, 5.75, 11.25], "texture": "#0"},
				"up": {"uv": [11.25, 5.75, 11, 5.5], "texture": "#0"},
				"down": {"uv": [6.25, 11, 6, 11.25], "texture": "#0"}
			}
		},
		{
			"from": [7.9, 10.63, 5.08],
			"to": [8.05, 11.13, 5.58],
			"rotation": {"angle": 0, "axis": "y", "origin": [7.975, 11.38, 7.78]},
			"faces": {
				"north": {"uv": [4.5, 11, 4.75, 11.25], "texture": "#0"},
				"east": {"uv": [11, 4.5, 11.25, 4.75], "texture": "#0"},
				"south": {"uv": [11, 5, 11.25, 5.25], "texture": "#0"},
				"west": {"uv": [5.5, 11, 5.75, 11.25], "texture": "#0"},
				"up": {"uv": [11.25, 5.75, 11, 5.5], "texture": "#0"},
				"down": {"uv": [6.25, 11, 6, 11.25], "texture": "#0"}
			}
		},
		{
			"from": [7.9, 11.63, 5.83],
			"to": [8.05, 12.13, 10.33],
			"rotation": {"angle": 0, "axis": "y", "origin": [7.975, 11.88, 8]},
			"faces": {
				"north": {"uv": [11.25, 2, 11.5, 2.25], "texture": "#0"},
				"east": {"uv": [7.25, 7.5, 5, 7.75], "texture": "#0"},
				"south": {"uv": [2.5, 11.5, 2.75, 11.75], "texture": "#0"},
				"west": {"uv": [5, 7.5, 7.25, 7.75], "texture": "#0"},
				"up": {"uv": [7.75, 9.75, 7.5, 7.5], "texture": "#0"},
				"down": {"uv": [5.5, 8, 5.25, 10.25], "texture": "#0"}
			}
		},
		{
			"from": [7.94, 16.13, 11],
			"to": [8.09, 16.63, 12.5],
			"rotation": {"angle": 0, "axis": "y", "origin": [8.00125, 7.93953, 8]},
			"faces": {
				"north": {"uv": [11, 2, 11.25, 2.25], "texture": "#0"},
				"east": {"uv": [10, 7, 10.75, 7.25], "texture": "#0"},
				"south": {"uv": [2.5, 11, 2.75, 11.25], "texture": "#0"},
				"west": {"uv": [7.5, 10, 8.25, 10.25], "texture": "#0"},
				"up": {"uv": [10.25, 8.25, 10, 7.5], "texture": "#0"},
				"down": {"uv": [8.75, 10, 8.5, 10.75], "texture": "#0"}
			}
		},
		{
			"from": [7.94, 16.63, 12],
			"to": [8.09, 17.13, 12.5],
			"rotation": {"angle": 0, "axis": "y", "origin": [8.00125, 7.93953, 8]},
			"faces": {
				"north": {"uv": [11, 2, 11.25, 2.25], "texture": "#0"},
				"east": {"uv": [11, 6, 11.25, 6.25], "texture": "#0"},
				"south": {"uv": [2.5, 11, 2.75, 11.25], "texture": "#0"},
				"west": {"uv": [6.5, 11, 6.75, 11.25], "texture": "#0"},
				"up": {"uv": [11.25, 6.75, 11, 6.5], "texture": "#0"},
				"down": {"uv": [5.25, 8, 5, 10.25], "texture": "#0"}
			}
		},
		{
			"from": [7.94, 17.13, 11.5],
			"to": [8.09, 17.63, 12],
			"rotation": {"angle": 0, "axis": "x", "origin": [8.00125, 7.93953, 8]},
			"faces": {
				"north": {"uv": [11, 2, 11.25, 2.25], "texture": "#0"},
				"east": {"uv": [7, 11, 7.25, 11.25], "texture": "#0"},
				"south": {"uv": [2.5, 11, 2.75, 11.25], "texture": "#0"},
				"west": {"uv": [11, 7, 11.25, 7.25], "texture": "#0"},
				"up": {"uv": [11.25, 6.75, 11, 6.5], "texture": "#0"},
				"down": {"uv": [7.75, 11, 7.5, 11.25], "texture": "#0"}
			}
		},
		{
			"from": [7.9, 14.97, 13],
			"to": [8.05, 15.47, 14.5],
			"rotation": {"angle": 0, "axis": "y", "origin": [8.00125, 7.93953, 8]},
			"faces": {
				"north": {"uv": [10.25, 9, 10.5, 9.25], "texture": "#0"},
				"east": {"uv": [10, 8.5, 10.75, 8.75], "texture": "#0"},
				"south": {"uv": [11, 8, 11.25, 8.25], "texture": "#0"},
				"west": {"uv": [10, 9, 10.75, 9.25], "texture": "#0"},
				"up": {"uv": [10.25, 10.25, 10, 9.5], "texture": "#0"},
				"down": {"uv": [10.75, 0, 10.5, 0.75], "texture": "#0"}
			}
		},
		{
			"from": [7.9, 14.47, 14],
			"to": [8.05, 14.97, 14.5],
			"rotation": {"angle": 0, "axis": "y", "origin": [8.00125, 7.93953, 8]},
			"faces": {
				"north": {"uv": [11, 7.5, 11.25, 7.75], "texture": "#0"},
				"east": {"uv": [8, 11, 8.25, 11.25], "texture": "#0"},
				"south": {"uv": [11, 8, 11.25, 8.25], "texture": "#0"},
				"west": {"uv": [8.5, 11, 8.75, 11.25], "texture": "#0"},
				"up": {"uv": [11.25, 9.25, 11, 9], "texture": "#0"},
				"down": {"uv": [9.25, 11, 9, 11.25], "texture": "#0"}
			}
		},
		{
			"from": [7.9, 13.97, 13],
			"to": [8.05, 14.47, 14],
			"rotation": {"angle": 0, "axis": "y", "origin": [8.00125, 7.93953, 8]},
			"faces": {
				"north": {"uv": [11, 7.5, 11.25, 7.75], "texture": "#0"},
				"east": {"uv": [8, 11, 8.25, 11.25], "texture": "#0"},
				"south": {"uv": [11, 8, 11.25, 8.25], "texture": "#0"},
				"west": {"uv": [8.5, 11, 8.75, 11.25], "texture": "#0"},
				"up": {"uv": [11.25, 8.75, 11, 8.5], "texture": "#0"},
				"down": {"uv": [9.25, 11, 9, 11.25], "texture": "#0"}
			}
		},
		{
			"from": [7.9, 13.47, 12.5],
			"to": [8.05, 13.97, 13],
			"rotation": {"angle": 0, "axis": "x", "origin": [7.975, 13.47, 12.75]},
			"faces": {
				"north": {"uv": [11.25, 8.75, 11, 8.5], "rotation": 180, "texture": "#0"},
				"east": {"uv": [7, 11, 7.25, 11.25], "rotation": 90, "texture": "#0"},
				"south": {"uv": [9.25, 11, 9, 11.25], "texture": "#0"},
				"west": {"uv": [7, 11, 7.25, 11.25], "rotation": 270, "texture": "#0"},
				"up": {"uv": [11, 8, 11.25, 8.25], "texture": "#0"},
				"down": {"uv": [11, 7.5, 11.25, 7.75], "rotation": 180, "texture": "#0"}
			}
		},
		{
			"from": [7.9, 14.47, 1.5],
			"to": [8.05, 14.97, 2],
			"rotation": {"angle": 0, "axis": "y", "origin": [8.00125, 7.93953, 8]},
			"faces": {
				"north": {"uv": [0.5, 11.5, 0.75, 11.75], "texture": "#0"},
				"east": {"uv": [1, 11.5, 1.25, 11.75], "texture": "#0"},
				"south": {"uv": [11.5, 0.5, 11.75, 0.75], "texture": "#0"},
				"west": {"uv": [11.5, 1, 11.75, 1.25], "texture": "#0"},
				"up": {"uv": [2.25, 11.75, 2, 11.5], "texture": "#0"},
				"down": {"uv": [11.75, 1.5, 11.5, 1.75], "texture": "#0"}
			}
		},
		{
			"from": [7.9, 13.97, 2],
			"to": [8.05, 14.47, 3],
			"rotation": {"angle": 0, "axis": "y", "origin": [8.00125, 7.93953, 8]},
			"faces": {
				"north": {"uv": [0.5, 11.5, 0.75, 11.75], "texture": "#0"},
				"east": {"uv": [0, 11.5, 0.25, 11.75], "texture": "#0"},
				"south": {"uv": [11.5, 0.5, 11.75, 0.75], "texture": "#0"},
				"west": {"uv": [10.75, 1, 11, 1.25], "texture": "#0"},
				"up": {"uv": [1.75, 11.75, 1.5, 11.5], "texture": "#0"},
				"down": {"uv": [11.75, 1.5, 11.5, 1.75], "texture": "#0"}
			}
		},
		{
			"from": [7.9, 13.47, 3],
			"to": [8.05, 13.97, 3.5],
			"rotation": {"angle": 0, "axis": "y", "origin": [8.00125, 7.93953, 8]},
			"faces": {
				"north": {"uv": [0.5, 11.5, 0.75, 11.75], "texture": "#0"},
				"east": {"uv": [0, 11.5, 0.25, 11.75], "texture": "#0"},
				"south": {"uv": [11.5, 0.5, 11.75, 0.75], "texture": "#0"},
				"west": {"uv": [11, 0, 11.25, 0.25], "texture": "#0"},
				"up": {"uv": [1.75, 11.75, 1.5, 11.5], "texture": "#0"},
				"down": {"uv": [11.75, 1.5, 11.5, 1.75], "texture": "#0"}
			}
		},
		{
			"from": [7.9, 14.97, 1.5],
			"to": [8.05, 15.47, 3],
			"rotation": {"angle": 0, "axis": "y", "origin": [8.00125, 7.93953, 8]},
			"faces": {
				"north": {"uv": [0.5, 11.5, 0.75, 11.75], "texture": "#0"},
				"east": {"uv": [4, 10.5, 4.75, 10.75], "texture": "#0"},
				"south": {"uv": [11.5, 0.5, 11.75, 0.75], "texture": "#0"},
				"west": {"uv": [10.5, 4, 11.25, 4.25], "texture": "#0"},
				"up": {"uv": [10.75, 5.25, 10.5, 4.5], "texture": "#0"},
				"down": {"uv": [5.25, 10.5, 5, 11.25], "texture": "#0"}
			}
		},
		{
			"from": [7.94, 16.13, 3.5],
			"to": [8.09, 16.63, 5],
			"rotation": {"angle": 0, "axis": "y", "origin": [8.00125, 7.93953, 8]},
			"faces": {
				"north": {"uv": [9.5, 11, 9.75, 11.25], "texture": "#0"},
				"east": {"uv": [10.5, 1, 11.25, 1.25], "texture": "#0"},
				"south": {"uv": [10, 11, 10.25, 11.25], "texture": "#0"},
				"west": {"uv": [10.5, 1.5, 11.25, 1.75], "texture": "#0"},
				"up": {"uv": [10.75, 2.75, 10.5, 2], "texture": "#0"},
				"down": {"uv": [10.75, 3, 10.5, 3.75], "texture": "#0"}
			}
		},
		{
			"from": [7.94, 16.63, 3.5],
			"to": [8.09, 17.13, 4],
			"rotation": {"angle": 0, "axis": "y", "origin": [8.00125, 7.93953, 8]},
			"faces": {
				"north": {"uv": [9.5, 11, 9.75, 11.25], "texture": "#0"},
				"east": {"uv": [11, 11, 11.25, 11.25], "texture": "#0"},
				"south": {"uv": [10, 11, 10.25, 11.25], "texture": "#0"},
				"west": {"uv": [0, 11.5, 0.25, 11.75], "texture": "#0"},
				"up": {"uv": [11.75, 0.25, 11.5, 0], "texture": "#0"},
				"down": {"uv": [11.25, 10.5, 11, 10.75], "texture": "#0"}
			}
		},
		{
			"from": [7.94, 17.13, 4],
			"to": [8.09, 17.63, 4.5],
			"rotation": {"angle": 0, "axis": "y", "origin": [8.00125, 7.93953, 8]},
			"faces": {
				"north": {"uv": [9.5, 11, 9.75, 11.25], "texture": "#0"},
				"east": {"uv": [11, 9.5, 11.25, 9.75], "texture": "#0"},
				"south": {"uv": [10, 11, 10.25, 11.25], "texture": "#0"},
				"west": {"uv": [11, 10, 11.25, 10.25], "texture": "#0"},
				"up": {"uv": [10.75, 11.25, 10.5, 11], "texture": "#0"},
				"down": {"uv": [11.25, 10.5, 11, 10.75], "texture": "#0"}
			}
		}
	],
	"display": {
		"thirdperson_righthand": {
			"rotation": [180, -180, 0],
			"translation": [-0.25, 9.5, 1.75]
		},
		"thirdperson_lefthand": {
			"rotation": [180, 0, 0],
			"translation": [-0.25, 10, 1.75]
		},
		"firstperson_righthand": {
			"rotation": [180, 0, 0],
			"translation": [1.25, 6.5, 3],
			"scale": [0.61914, 0.61914, 0.61914]
		},
		"firstperson_lefthand": {
			"rotation": [180, 0, 0],
			"translation": [1.25, 7.25, 3],
			"scale": [0.61914, 0.61914, 0.61914]
		},
		"ground": {
			"translation": [0, 7, 0],
			"scale": [0.76367, 0.76367, 0.76367]
		},
		"gui": {
			"rotation": [90, -43.25, -90],
			"translation": [-0.5, 0, 0],
			"scale": [0.64063, 0.64063, 0.64063]
		},
		"head": {
			"rotation": [180, -90, 180]
		},
		"fixed": {
			"rotation": [-90, 42.75, 90],
			"translation": [0, 0.75, -0.25],
			"scale": [0.77539, 0.77539, 0.77539]
		}
	},
	"groups": [
		{
			"name": "blade 3 melhor",
			"origin": [6.885, 14.25, 6.5],
			"color": 0,
			"children": [0, 1, 2, 3, 4, 5, 6, 7, 8, 9]
		},
		{
			"name": "cabo menor",
			"origin": [9, -1.58211, 7.01918],
			"color": 0,
			"children": [10, 11, 12, 13, 14, 15, 16, 17, 18, 19, 20, 21, 22, 23, 24, 25, 26, 27]
		},
		28,
		29,
		30,
		31,
		32,
		33,
		34,
		35,
		36,
		37,
		38,
		39,
		40,
		41,
		42,
		43,
		44,
		45,
		46,
		47
	]
}