{
	"credit": "Made with Blockbench",
	"textures": {
		"0": "irons_spellbooks:item/scroll_eldritch",
		"particle": "irons_spellbooks:item/scroll_eldritch"
	},
	"elements": [
		{
			"from": [3, -0.1112, 8.24672],
			"to": [13, 7.8888, 8.24672],
			"rotation": {"angle": 22.5, "axis": "x", "origin": [8, 3.8088, 8.19672]},
			"faces": {
				"north": {"uv": [0, 0, 5, 4], "texture": "#0"},
				"east": {"uv": [0, 0, 0, 4], "texture": "#0"},
				"south": {"uv": [0, 4, 5, 8], "texture": "#0"},
				"west": {"uv": [0, 0, 0, 4], "texture": "#0"},
				"up": {"uv": [5, 0, 0, 0], "texture": "#0"},
				"down": {"uv": [5, 0, 0, 0], "texture": "#0"}
			}
		},
		{
			"from": [3, 7.5088, 9.79672],
			"to": [13, 15.5088, 9.79672],
			"rotation": {"angle": 0, "axis": "y", "origin": [3, 7.5088, 7.79672]},
			"faces": {
				"north": {"uv": [5, 0, 10, 4], "texture": "#0"},
				"east": {"uv": [0, 0, 0, 4], "texture": "#0"},
				"south": {"uv": [5, 4, 10, 8], "texture": "#0"},
				"west": {"uv": [0, 0, 0, 4], "texture": "#0"},
				"up": {"uv": [5, 0, 0, 0], "texture": "#0"},
				"down": {"uv": [5, 0, 0, 0], "texture": "#0"}
			}
		},
		{
			"from": [3, 0.9088, 4.89672],
			"to": [13, 2.9088, 6.89672],
			"rotation": {"angle": 22.5, "axis": "x", "origin": [3, 0.9088, 4.89672]},
			"faces": {
				"north": {"uv": [0, 8, 5, 9], "texture": "#0"},
				"east": {"uv": [0, 11, 1, 12], "texture": "#0"},
				"south": {"uv": [5, 8, 10, 9], "texture": "#0"},
				"west": {"uv": [1, 11, 2, 12], "texture": "#0"},
				"up": {"uv": [5, 10, 0, 9], "texture": "#0"},
				"down": {"uv": [10, 9, 5, 10], "texture": "#0"}
			}
		},
		{
			"from": [2.25, 1.1588, 5.14672],
			"to": [13.75, 2.6588, 6.64672],
			"rotation": {"angle": 22.5, "axis": "x", "origin": [3, 0.9088, 4.89672]},
			"faces": {
				"north": {"uv": [10, 6, 15.75, 6.75], "texture": "#0"},
				"east": {"uv": [6, 11, 6.75, 11.75], "texture": "#0"},
				"south": {"uv": [10, 7, 15.75, 7.75], "texture": "#0"},
				"west": {"uv": [7, 11, 7.75, 11.75], "texture": "#0"},
				"up": {"uv": [15.75, 8.75, 10, 8], "texture": "#0"},
				"down": {"uv": [15.75, 9, 10, 9.75], "texture": "#0"}
			}
		},
		{
			"from": [3, 13.55, 7.85328],
			"to": [13, 15.55, 9.85328],
			"rotation": {"angle": 0, "axis": "y", "origin": [8, 14.55, 8.85328]},
			"faces": {
				"north": {"uv": [0, 8, 5, 9], "texture": "#0"},
				"east": {"uv": [2, 11, 3, 12], "texture": "#0"},
				"south": {"uv": [10, 0, 15, 1], "texture": "#0"},
				"west": {"uv": [3, 11, 4, 12], "texture": "#0"},
				"up": {"uv": [5, 10, 0, 9], "texture": "#0"},
				"down": {"uv": [10, 9, 5, 10], "texture": "#0"}
			}
		},
		{
			"from": [2.25, 13.8, 8.10328],
			"to": [13.75, 15.3, 9.60328],
			"rotation": {"angle": 0, "axis": "y", "origin": [8, 14.55, 8.85328]},
			"faces": {
				"north": {"uv": [10, 3, 15.75, 3.75], "texture": "#0"},
				"east": {"uv": [4, 11, 4.75, 11.75], "texture": "#0"},
				"south": {"uv": [10, 4, 15.75, 4.75], "texture": "#0"},
				"west": {"uv": [5, 11, 5.75, 11.75], "texture": "#0"},
				"up": {"uv": [10.75, 10.75, 5, 10], "texture": "#0"},
				"down": {"uv": [15.75, 5, 10, 5.75], "texture": "#0"}
			}
		},
		{
			"from": [3, -0.0112, 8.24672],
			"to": [13, 7.9888, 8.24672],
			"rotation": {"angle": 22.5, "axis": "x", "origin": [8, 3.9088, 8.19672]},
			"faces": {
				"north": {"uv": [11, 9.75, 16, 13.75], "texture": "#0"},
				"east": {"uv": [0, 0, 0, 4], "texture": "#0"},
				"south": {"uv": [16, 9.75, 11, 13.75], "texture": "#0"},
				"west": {"uv": [0, 0, 0, 4], "texture": "#0"},
				"up": {"uv": [5, 0, 0, 0], "texture": "#0"},
				"down": {"uv": [5, 0, 0, 0], "texture": "#0"}
			}
		},
		{
			"from": [3, 7.5088, 9.69672],
			"to": [13, 15.5088, 9.69672],
			"rotation": {"angle": 0, "axis": "y", "origin": [3, 7.5088, 7.69672]},
			"faces": {
				"north": {"uv": [6, 12, 11, 16], "texture": "#0"},
				"east": {"uv": [0, 0, 0, 4], "texture": "#0"},
				"south": {"uv": [11, 12, 6, 16], "texture": "#0"},
				"west": {"uv": [0, 0, 0, 4], "texture": "#0"},
				"up": {"uv": [5, 0, 0, 0], "texture": "#0"},
				"down": {"uv": [5, 0, 0, 0], "texture": "#0"}
			}
		}
	],
	"display": {
		"thirdperson_righthand": {
			"rotation": [47.38, -79.19, -38.13],
			"translation": [0, -2.25, -4],
			"scale": [0.57422, 0.57422, 0.57422]
		},
		"thirdperson_lefthand": {
			"rotation": [47.38, -79.19, -38.13],
			"translation": [0, -2.25, -4],
			"scale": [0.57422, 0.57422, 0.57422]
		},
		"firstperson_righthand": {
			"rotation": [-12, 180, 0],
			"translation": [5.75, -1.25, -1],
			"scale": [0.57422, 0.57422, 0.57422]
		},
		"firstperson_lefthand": {
			"rotation": [-12, 180, 0],
			"translation": [5.75, -1.25, -1],
			"scale": [0.57422, 0.57422, 0.57422]
		},
		"gui": {
			"rotation": [0, 180, 0]
		},
		"head": {
			"translation": [0, 0, -8.75]
		},
		"fixed": {
			"translation": [0, 0.5, -1.5]
		}
	}
}