{
	"credit": "Made with Blockbench",
	"texture_size": [64, 64],
	"textures": {
		"1": "irons_spellbooks:item/scroll_nature"
	},
	"elements": [
		{
			"from": [3, -0.1112, 8.24672],
			"to": [13, 7.8888, 8.24672],
			"rotation": {"angle": 22.5, "axis": "x", "origin": [8, 3.8088, 8.19672]},
			"faces": {
				"north": {"uv": [0, 0, 2.5, 2], "texture": "#1"},
				"east": {"uv": [0, 0, 0, 2], "texture": "#1"},
				"south": {"uv": [0, 2, 2.5, 4], "texture": "#1"},
				"west": {"uv": [0, 0, 0, 2], "texture": "#1"},
				"up": {"uv": [2.5, 0, 0, 0], "texture": "#1"},
				"down": {"uv": [2.5, 0, 0, 0], "texture": "#1"}
			}
		},
		{
			"from": [3, 7.5088, 9.79672],
			"to": [13, 15.5088, 9.79672],
			"rotation": {"angle": 0, "axis": "y", "origin": [3, 7.5088, 7.79672]},
			"faces": {
				"north": {"uv": [2.5, 0, 5, 2], "texture": "#1"},
				"east": {"uv": [0, 0, 0, 2], "texture": "#1"},
				"south": {"uv": [2.5, 2, 5, 4], "texture": "#1"},
				"west": {"uv": [0, 0, 0, 2], "texture": "#1"},
				"up": {"uv": [2.5, 0, 0, 0], "texture": "#1"},
				"down": {"uv": [2.5, 0, 0, 0], "texture": "#1"}
			}
		},
		{
			"from": [3, 0.9088, 4.89672],
			"to": [13, 2.9088, 6.89672],
			"rotation": {"angle": 22.5, "axis": "x", "origin": [3, 0.9088, 4.89672]},
			"faces": {
				"north": {"uv": [5, 2, 7.5, 2.5], "texture": "#1"},
				"east": {"uv": [0, 6.25, 0.5, 6.75], "texture": "#1"},
				"south": {"uv": [5, 2.5, 7.5, 3], "texture": "#1"},
				"west": {"uv": [0.5, 6.25, 1, 6.75], "texture": "#1"},
				"up": {"uv": [7.5, 3.5, 5, 3], "texture": "#1"},
				"down": {"uv": [7.5, 3.5, 5, 4], "texture": "#1"}
			}
		},
		{
			"from": [1.25, 1.4088, 5.39672],
			"to": [13.75, 2.4088, 6.39672],
			"rotation": {"angle": 22.5, "axis": "x", "origin": [3, 0.9088, 4.89672]},
			"faces": {
				"north": {"uv": [5, 5.5, 8.125, 5.75], "texture": "#1"},
				"east": {"uv": [2, 6.25, 2.25, 6.5], "texture": "#1"},
				"south": {"uv": [5, 5.75, 8.125, 6], "texture": "#1"},
				"west": {"uv": [2.25, 6.25, 2.5, 6.5], "texture": "#1"},
				"up": {"uv": [3.125, 6.25, 0, 6], "texture": "#1"},
				"down": {"uv": [6.375, 6, 3.25, 6.25], "texture": "#1"}
			}
		},
		{
			"from": [1, 2.15, 6.05328],
			"to": [2.75, 2.35, 6.30328],
			"rotation": {"angle": -22.5, "axis": "z", "origin": [1.875, 2.2, 6.20328]},
			"faces": {
				"north": {"uv": [5, 5.5, 5.625, 5.625], "texture": "#1"},
				"east": {"uv": [2, 6.25, 2.25, 6.5], "texture": "#1"},
				"south": {"uv": [5, 5.75, 5.625, 5.875], "texture": "#1"},
				"west": {"uv": [2.25, 6.25, 2.375, 6.375], "texture": "#1"},
				"up": {"uv": [0.5, 6.125, 0, 6], "texture": "#1"},
				"down": {"uv": [3.875, 6, 3.25, 6.125], "texture": "#1"}
			}
		},
		{
			"from": [1.475, 2.325, 6.15328],
			"to": [1.575, 3.325, 6.25328],
			"rotation": {"angle": 22.5, "axis": "z", "origin": [1.625, 2.95, 6.20328]},
			"faces": {
				"north": {"uv": [5, 5.5, 5.625, 5.625], "texture": "#1"},
				"east": {"uv": [0, 6, 0.5, 6.125], "texture": "#1"},
				"south": {"uv": [5, 5.75, 5.625, 5.875], "texture": "#1"},
				"west": {"uv": [3.25, 6, 3.875, 6.125], "texture": "#1"},
				"up": {"uv": [2.375, 6.375, 2.25, 6.25], "texture": "#1"},
				"down": {"uv": [2.25, 6.25, 2, 6.5], "texture": "#1"}
			}
		},
		{
			"from": [3, 13.55, 7.85328],
			"to": [13, 15.55, 9.85328],
			"rotation": {"angle": 0, "axis": "y", "origin": [8, 14.55, 8.85328]},
			"faces": {
				"north": {"uv": [5, 2, 7.5, 2.5], "texture": "#1"},
				"east": {"uv": [1, 6.25, 1.5, 6.75], "texture": "#1"},
				"south": {"uv": [5, 4, 7.5, 4.5], "texture": "#1"},
				"west": {"uv": [1.5, 6.25, 2, 6.75], "texture": "#1"},
				"up": {"uv": [7.5, 3.5, 5, 3], "texture": "#1"},
				"down": {"uv": [7.5, 3.5, 5, 4], "texture": "#1"}
			}
		},
		{
			"from": [2.25, 14.05, 8.35328],
			"to": [15.25, 15.05, 9.35328],
			"rotation": {"angle": 0, "axis": "y", "origin": [8, 14.55, 8.85328]},
			"faces": {
				"north": {"uv": [5, 4.5, 8.25, 4.75], "texture": "#1"},
				"east": {"uv": [2.5, 6.25, 2.75, 6.5], "texture": "#1"},
				"south": {"uv": [5, 4.75, 8.25, 5], "texture": "#1"},
				"west": {"uv": [2.75, 6.25, 3, 6.5], "texture": "#1"},
				"up": {"uv": [8.25, 5.25, 5, 5], "texture": "#1"},
				"down": {"uv": [8.25, 5.25, 5, 5.5], "texture": "#1"}
			}
		},
		{
			"from": [13.75, 13.65, 8.70328],
			"to": [16, 13.95, 9.00328],
			"rotation": {"angle": 22.5, "axis": "z", "origin": [11, 13.8, 8.85328]},
			"faces": {
				"north": {"uv": [5, 4.5, 5.625, 4.625], "texture": "#1"},
				"east": {"uv": [2.5, 6.25, 2.625, 6.375], "texture": "#1"},
				"south": {"uv": [5, 4.75, 5.625, 4.875], "texture": "#1"},
				"west": {"uv": [2.75, 6.25, 3, 6.5], "texture": "#1"},
				"up": {"uv": [5.625, 5.125, 5, 5], "texture": "#1"},
				"down": {"uv": [8.25, 5.25, 5, 5.375], "texture": "#1"}
			}
		},
		{
			"from": [3, -0.0112, 8.24672],
			"to": [13, 7.9888, 8.24672],
			"rotation": {"angle": 22.5, "axis": "x", "origin": [8, 3.9088, 8.19672]},
			"faces": {
				"north": {"uv": [0, 4, 2.5, 6], "texture": "#1"},
				"east": {"uv": [0, 0, 0, 2], "texture": "#1"},
				"south": {"uv": [0, 4, 2.5, 6], "texture": "#1"},
				"west": {"uv": [0, 0, 0, 2], "texture": "#1"},
				"up": {"uv": [2.5, 0, 0, 0], "texture": "#1"},
				"down": {"uv": [2.5, 0, 0, 0], "texture": "#1"}
			}
		},
		{
			"from": [3, 7.5088, 9.69672],
			"to": [13, 15.5088, 9.69672],
			"rotation": {"angle": 0, "axis": "y", "origin": [3, 7.5088, 7.69672]},
			"faces": {
				"north": {"uv": [2.5, 4, 5, 6], "texture": "#1"},
				"east": {"uv": [0, 0, 0, 2], "texture": "#1"},
				"south": {"uv": [5, 0, 7.5, 2], "texture": "#1"},
				"west": {"uv": [0, 0, 0, 2], "texture": "#1"},
				"up": {"uv": [2.5, 0, 0, 0], "texture": "#1"},
				"down": {"uv": [2.5, 0, 0, 0], "texture": "#1"}
			}
		},
		{
			"from": [15.35, 15.05, 8.85],
			"to": [17.35, 17.05, 8.85],
			"rotation": {"angle": 0, "axis": "y", "origin": [15.35, 15.05, 8.85]},
			"faces": {
				"north": {"uv": [3.25, 6.25, 3.75, 6.75], "texture": "#1"},
				"east": {"uv": [0, 0, 0, 0.5], "texture": "#1"},
				"south": {"uv": [3.75, 6.25, 3.25, 6.75], "texture": "#1"},
				"west": {"uv": [0, 0, 0, 0.5], "texture": "#1"},
				"up": {"uv": [0, 0, 0.5, 0], "texture": "#1"},
				"down": {"uv": [0, 0, 0.5, 0], "texture": "#1"}
			}
		}
	],
	"display": {
		"thirdperson_righthand": {
			"rotation": [47.38, -79.19, -38.13],
			"translation": [0, -2.25, -4],
			"scale": [0.57422, 0.57422, 0.57422]
		},
		"thirdperson_lefthand": {
			"rotation": [47.38, -79.19, -38.13],
			"translation": [0, -2.25, -4],
			"scale": [0.57422, 0.57422, 0.57422]
		},
		"firstperson_righthand": {
			"rotation": [-12, 180, 0],
			"translation": [5.75, -1.25, -1],
			"scale": [0.57422, 0.57422, 0.57422]
		},
		"firstperson_lefthand": {
			"rotation": [-12, 180, 0],
			"translation": [5.75, -1.25, -1],
			"scale": [0.57422, 0.57422, 0.57422]
		},
		"gui": {
			"rotation": [0, 180, 0]
		},
		"head": {
			"translation": [0, 0, -8.75]
		},
		"fixed": {
			"translation": [0, 0.5, -1.5]
		}
	}
}