{
	"type": "apotheosis:attribute",
	"conditions": [{
		"type": "forge:mod_loaded",
		"modid": "irons_spellbooks"
	}],
	"attribute": "irons_spellbooks:max_mana",
	"operation": "ADDITION",
	"values": {
		"common": {
			"min": 5,
			"steps": 10,
			"step": 1
		},
		"uncommon": {
			"min": 10,
			"steps": 10,
			"step": 1
		},
		"rare": {
			"min": 15,
			"steps": 10,
			"step": 1
		},
		"epic": {
			"min": 20,
			"steps": 10,
			"step": 1
		},
		"mythic": {
			"min": 25,
			"steps": 10,
			"step": 1
		},
		"ancient": {
			"min": 30,
			"steps": 10,
			"step": 1
		}
	},
	"types": [
		"helmet", "chestplate", "leggings", "boots",
		"shield"
	]
}