{
	"credit": "Made with Blockbench",
	"parent": "block/block",
	"ambientocclusion": false,
	"render_type": "minecraft:cutout",
	"textures": {
		"0": "farmersrespite:block/coffee_stem_base",
		"1": "farmersrespite:block/coffee_berries_age2",
		"2": "farmersrespite:block/coffee_berries",
		"particle": "farmersrespite:block/coffee_stem_base"
	},
	"elements": [
		{
			"from": [6, 0, 6],
			"to": [10, 16, 10],
			"faces": {
				"north": {"uv": [0, 0, 4, 16], "texture": "#0"},
				"east": {"uv": [0, 0, 4, 16], "texture": "#0"},
				"south": {"uv": [0, 0, 4, 16], "texture": "#0"},
				"west": {"uv": [0, 0, 4, 16], "texture": "#0"},
				"up": {"uv": [4, 0, 8, 4], "texture": "#0"},
				"down": {"uv": [4, 0, 8, 4], "texture": "#0"}
			}
		},
		{
			"from": [8, 8, 10],
			"to": [8, 17, 24],
			"faces": {
				"east": {"uv": [16, 4, 2, 13], "texture": "#1"},
				"west": {"uv": [2, 4, 16, 13], "texture": "#1"}
			}
		},
		{
			"from": [7, 10, 15],
			"to": [9, 12, 17],
			"faces": {
				"north": {"uv": [1, 1, 3, 3], "texture": "#2"},
				"east": {"uv": [1, 1, 3, 3], "texture": "#2"},
				"south": {"uv": [1, 1, 3, 3], "texture": "#2"},
				"west": {"uv": [1, 1, 3, 3], "texture": "#2"},
				"up": {"uv": [1, 1, 3, 3], "texture": "#2"},
				"down": {"uv": [1, 1, 3, 3], "texture": "#2"}
			}
		},
		{
			"from": [7, 13, 11],
			"to": [9, 15, 13],
			"faces": {
				"north": {"uv": [1, 1, 3, 3], "texture": "#2"},
				"east": {"uv": [1, 1, 3, 3], "texture": "#2"},
				"south": {"uv": [1, 1, 3, 3], "texture": "#2"},
				"west": {"uv": [1, 1, 3, 3], "texture": "#2"},
				"up": {"uv": [1, 1, 3, 3], "texture": "#2"},
				"down": {"uv": [1, 1, 3, 3], "texture": "#2"}
			}
		},
		{
			"from": [7, 15, 19],
			"to": [9, 17, 21],
			"faces": {
				"north": {"uv": [1, 1, 3, 3], "texture": "#2"},
				"east": {"uv": [1, 1, 3, 3], "texture": "#2"},
				"south": {"uv": [1, 1, 3, 3], "texture": "#2"},
				"west": {"uv": [1, 1, 3, 3], "texture": "#2"},
				"up": {"uv": [1, 1, 3, 3], "texture": "#2"},
				"down": {"uv": [1, 1, 3, 3], "texture": "#2"}
			}
		},
		{
			"from": [7, 10, 20],
			"to": [9, 12, 22],
			"faces": {
				"north": {"uv": [1, 1, 3, 3], "texture": "#2"},
				"east": {"uv": [1, 1, 3, 3], "texture": "#2"},
				"south": {"uv": [1, 1, 3, 3], "texture": "#2"},
				"west": {"uv": [1, 1, 3, 3], "texture": "#2"},
				"up": {"uv": [1, 1, 3, 3], "texture": "#2"},
				"down": {"uv": [1, 1, 3, 3], "texture": "#2"}
			}
		}
	]
}