{
	"credit": "Made with Blockbench",
	"parent": "block/block",
	"ambientocclusion": false,
	"render_type": "minecraft:cutout",
	"textures": {
		"0": "farmersrespite:block/coffee_stem_base",
		"2": "farmersrespite:block/coffee_berries_age1",
		"3": "farmersrespite:block/coffee_berries",
		"particle": "farmersrespite:block/coffee_stem_base"
	},
	"elements": [
		{
			"from": [6, 0, 6],
			"to": [10, 16, 10],
			"faces": {
				"north": {"uv": [0, 0, 4, 16], "texture": "#0"},
				"east": {"uv": [0, 0, 4, 16], "texture": "#0"},
				"south": {"uv": [0, 0, 4, 16], "texture": "#0"},
				"west": {"uv": [0, 0, 4, 16], "texture": "#0"},
				"up": {"uv": [4, 0, 8, 4], "texture": "#0"},
				"down": {"uv": [4, 0, 8, 4], "texture": "#0"}
			}
		},
		{
			"from": [6, 0, 6],
			"to": [10, 16, 10],
			"faces": {
				"north": {"uv": [0, 0, 4, 16], "texture": "#0"},
				"east": {"uv": [0, 0, 4, 16], "texture": "#0"},
				"south": {"uv": [0, 0, 4, 16], "texture": "#0"},
				"west": {"uv": [0, 0, 4, 16], "texture": "#0"},
				"up": {"uv": [4, 0, 8, 4], "texture": "#0"},
				"down": {"uv": [4, 0, 8, 4], "texture": "#0"}
			}
		},
		{
			"from": [10, 0, 8],
			"to": [13, 4, 8],
			"faces": {
				"north": {"uv": [4, 4, 7, 8], "texture": "#0"},
				"south": {"uv": [7, 4, 4, 8], "texture": "#0"}
			}
		},
		{
			"from": [3, 0, 8],
			"to": [6, 3, 8],
			"faces": {
				"north": {"uv": [4, 8, 7, 11], "texture": "#0"},
				"south": {"uv": [7, 8, 4, 11], "texture": "#0"}
			}
		},
		{
			"from": [8, 0, 3],
			"to": [8, 4, 6],
			"faces": {
				"east": {"uv": [7, 4, 4, 8], "texture": "#0"},
				"west": {"uv": [4, 4, 7, 8], "texture": "#0"}
			}
		},
		{
			"from": [8, 0, 10],
			"to": [8, 3, 13],
			"faces": {
				"east": {"uv": [7, 8, 4, 11], "texture": "#0"},
				"west": {"uv": [4, 8, 7, 11], "texture": "#0"}
			}
		},
		{
			"from": [8, 8, 10],
			"to": [8, 17, 24],
			"faces": {
				"east": {"uv": [16, 4, 2, 13], "texture": "#2"},
				"west": {"uv": [2, 4, 16, 13], "texture": "#2"}
			}
		},
		{
			"from": [7, 15, 19],
			"to": [9, 17, 21],
			"faces": {
				"north": {"uv": [4, 1, 6, 3], "texture": "#3"},
				"east": {"uv": [4, 1, 6, 3], "texture": "#3"},
				"south": {"uv": [4, 1, 6, 3], "texture": "#3"},
				"west": {"uv": [4, 1, 6, 3], "texture": "#3"},
				"up": {"uv": [4, 1, 6, 3], "texture": "#3"},
				"down": {"uv": [4, 1, 6, 3], "texture": "#3"}
			}
		},
		{
			"from": [7, 10, 20],
			"to": [9, 12, 22],
			"faces": {
				"north": {"uv": [4, 1, 6, 3], "texture": "#3"},
				"east": {"uv": [4, 1, 6, 3], "texture": "#3"},
				"south": {"uv": [4, 1, 6, 3], "texture": "#3"},
				"west": {"uv": [4, 1, 6, 3], "texture": "#3"},
				"up": {"uv": [4, 1, 6, 3], "texture": "#3"},
				"down": {"uv": [4, 1, 6, 3], "texture": "#3"}
			}
		},
		{
			"from": [7, 10, 15],
			"to": [9, 12, 17],
			"faces": {
				"north": {"uv": [4, 1, 6, 3], "texture": "#3"},
				"east": {"uv": [4, 1, 6, 3], "texture": "#3"},
				"south": {"uv": [4, 1, 6, 3], "texture": "#3"},
				"west": {"uv": [4, 1, 6, 3], "texture": "#3"},
				"up": {"uv": [4, 1, 6, 3], "texture": "#3"},
				"down": {"uv": [4, 1, 6, 3], "texture": "#3"}
			}
		},
		{
			"from": [3, 0, 7],
			"to": [5, 3, 9],
			"rotation": {"angle": 0, "axis": "y", "origin": [3, 0, 7]},
			"faces": {
				"north": {"uv": [4, 6, 6, 9], "texture": "#0"},
				"east": {"uv": [4, 6, 6, 9], "texture": "#0"},
				"south": {"uv": [4, 6, 6, 9], "texture": "#0"},
				"west": {"uv": [4, 6, 6, 9], "texture": "#0"},
				"up": {"uv": [4, 6, 6, 8], "texture": "#0"},
				"down": {"uv": [4, 6, 6, 8], "texture": "#0"}
			}
		},
		{
			"from": [7, 0, 11],
			"to": [9, 3, 13],
			"rotation": {"angle": 0, "axis": "y", "origin": [7, 0, 11]},
			"faces": {
				"north": {"uv": [4, 6, 6, 9], "texture": "#0"},
				"east": {"uv": [4, 6, 6, 9], "texture": "#0"},
				"south": {"uv": [4, 6, 6, 9], "texture": "#0"},
				"west": {"uv": [4, 6, 6, 9], "texture": "#0"},
				"up": {"uv": [4, 6, 6, 8], "texture": "#0"},
				"down": {"uv": [4, 6, 6, 8], "texture": "#0"}
			}
		},
		{
			"from": [11, 0, 7],
			"to": [13, 4, 9],
			"rotation": {"angle": 0, "axis": "y", "origin": [11, 1, 7]},
			"faces": {
				"north": {"uv": [4, 6, 6, 10], "texture": "#0"},
				"east": {"uv": [4, 6, 6, 10], "texture": "#0"},
				"south": {"uv": [4, 6, 6, 10], "texture": "#0"},
				"west": {"uv": [4, 6, 6, 10], "texture": "#0"},
				"up": {"uv": [4, 6, 6, 8], "texture": "#0"},
				"down": {"uv": [4, 6, 6, 8], "texture": "#0"}
			}
		},
		{
			"from": [7, 0, 3],
			"to": [9, 4, 5],
			"rotation": {"angle": 0, "axis": "y", "origin": [7, 1, 3]},
			"faces": {
				"north": {"uv": [4, 6, 6, 10], "texture": "#0"},
				"east": {"uv": [4, 6, 6, 10], "texture": "#0"},
				"south": {"uv": [4, 6, 6, 10], "texture": "#0"},
				"west": {"uv": [4, 6, 6, 10], "texture": "#0"},
				"up": {"uv": [4, 6, 6, 8], "texture": "#0"},
				"down": {"uv": [4, 6, 6, 8], "texture": "#0"}
			}
		},
		{
			"from": [7, 2, 5],
			"to": [9, 4, 6],
			"rotation": {"angle": 0, "axis": "y", "origin": [7, 1, 4]},
			"faces": {
				"north": {"uv": [4, 6, 6, 8], "texture": "#0"},
				"east": {"uv": [4, 6, 5, 8], "texture": "#0"},
				"south": {"uv": [4, 6, 6, 8], "texture": "#0"},
				"west": {"uv": [4, 6, 5, 8], "texture": "#0"},
				"up": {"uv": [4, 6, 6, 7], "texture": "#0"},
				"down": {"uv": [4, 6, 6, 7], "texture": "#0"}
			}
		},
		{
			"from": [10, 2, 7],
			"to": [11, 4, 9],
			"rotation": {"angle": 0, "axis": "y", "origin": [10, 1, 7]},
			"faces": {
				"north": {"uv": [4, 6, 5, 8], "texture": "#0"},
				"east": {"uv": [4, 6, 6, 8], "texture": "#0"},
				"south": {"uv": [4, 6, 5, 8], "texture": "#0"},
				"west": {"uv": [4, 6, 6, 8], "texture": "#0"},
				"up": {"uv": [4, 6, 5, 8], "texture": "#0"},
				"down": {"uv": [4, 6, 5, 8], "texture": "#0"}
			}
		},
		{
			"from": [7, 1, 10],
			"to": [9, 3, 11],
			"rotation": {"angle": 0, "axis": "y", "origin": [7, 0, 11]},
			"faces": {
				"north": {"uv": [4, 6, 6, 8], "texture": "#0"},
				"east": {"uv": [4, 6, 5, 8], "texture": "#0"},
				"south": {"uv": [4, 6, 6, 8], "texture": "#0"},
				"west": {"uv": [4, 6, 5, 8], "texture": "#0"},
				"up": {"uv": [4, 6, 6, 7], "texture": "#0"},
				"down": {"uv": [4, 6, 6, 7], "texture": "#0"}
			}
		},
		{
			"from": [5, 1, 7],
			"to": [6, 3, 9],
			"rotation": {"angle": 0, "axis": "y", "origin": [3, 2, 7]},
			"faces": {
				"north": {"uv": [4, 6, 5, 8], "texture": "#0"},
				"east": {"uv": [4, 6, 6, 8], "texture": "#0"},
				"south": {"uv": [4, 6, 5, 8], "texture": "#0"},
				"west": {"uv": [4, 6, 6, 8], "texture": "#0"},
				"up": {"uv": [4, 6, 5, 8], "texture": "#0"},
				"down": {"uv": [4, 6, 5, 8], "texture": "#0"}
			}
		}
	]
}