{
	"credit": "Made with Blockbench",
	"parent": "block/block",
	"ambientocclusion": false,
	"render_type": "minecraft:cutout",
	"textures": {
		"particle": "farmersrespite:block/small_tea_bush_plant",
		"plant": "farmersrespite:block/small_tea_bush_plant",
		"top": "farmersrespite:block/small_tea_bush_top",
		"side": "farmersrespite:block/small_tea_bush_side"
	},
	"elements": [
		{
			"from": [8, 0, 4],
			"to": [8, 11, 12],
			"rotation": {"angle": 45, "axis": "y", "origin": [8, 8, 8], "rescale": true},
			"faces": {
				"east": {"uv": [3, 5, 13, 16], "texture": "#plant"},
				"west": {"uv": [3, 5, 13, 16], "texture": "#plant"}
			}
		},
		{
			"from": [4, 0, 8],
			"to": [12, 11, 8],
			"rotation": {"angle": 45, "axis": "y", "origin": [8, 8, 8], "rescale": true},
			"faces": {
				"north": {"uv": [3, 5, 13, 16], "texture": "#plant"},
				"south": {"uv": [3, 5, 13, 16], "texture": "#plant"}
			}
		},
		{
			"from": [4, 11, 4],
			"to": [12, 11, 12],
			"faces": {
				"up": {"uv": [4, 4, 12, 12], "texture": "#top"},
				"down": {"uv": [4, 12, 12, 4], "texture": "#top"}
			}
		},
		{
			"from": [11.99, 3, 4],
			"to": [12, 11, 12],
			"faces": {
				"east": {"uv": [4, 3, 12, 12], "texture": "#side"},
				"west": {"uv": [4, 3, 12, 12], "texture": "#side"}
			}
		},
		{
			"from": [4, 2, 4],
			"to": [4.01, 11, 12],
			"faces": {
				"east": {"uv": [4, 3, 12, 12], "texture": "#side"},
				"west": {"uv": [4, 3, 12, 12], "texture": "#side"}
			}
		},
		{
			"from": [4, 2, 4],
			"to": [12, 11, 4.01],
			"faces": {
				"north": {"uv": [4, 3, 12, 12], "texture": "#side"},
				"south": {"uv": [4, 3, 12, 12], "texture": "#side"}
			}
		},
		{
			"from": [4, 2, 11.99],
			"to": [12, 11, 12],
			"faces": {
				"north": {"uv": [4, 3, 12, 12], "texture": "#side"},
				"south": {"uv": [4, 3, 12, 12], "texture": "#side"}
			}
		},
		{
			"from": [7, 0, 7],
			"to": [9, 5, 9],
			"rotation": {"angle": 0, "axis": "y", "origin": [7, 0, 7]},
			"faces": {
				"north": {"uv": [7, 11, 9, 16], "texture": "#plant"},
				"east": {"uv": [7, 11, 9, 16], "texture": "#plant"},
				"south": {"uv": [7, 11, 9, 16], "texture": "#plant"},
				"west": {"uv": [7, 11, 9, 16], "texture": "#plant"},
				"up": {"uv": [7, 14, 9, 16], "texture": "#plant"},
				"down": {"uv": [7, 14, 9, 16], "texture": "#plant"}
			}
		}
	]
}