{
	"credit": "Made with Blockbench",
	"parent": "farmersrespite:block/tea_bush_lower",
	"textures": {
		"2": "farmersrespite:block/tea_bush_branch",
		"particle": "farmersrespite:block/tea_bush_plant_lower_brown",
		"plant": "farmersrespite:block/tea_bush_plant_lower_brown",
		"side": "farmersrespite:block/tea_bush_side_brown"
	},
	"elements": [
		{
			"from": [0, 11, 0],
			"to": [16, 16, 0.01],
			"faces": {
				"north": {"uv": [0, 8, 16, 13], "texture": "#side", "cullface": "north"},
				"east": {"uv": [0, 0, 0, 0], "texture": "#side"},
				"south": {"uv": [16, 8, 0, 13], "texture": "#side"},
				"west": {"uv": [0, 0, 0, 0], "texture": "#side"},
				"up": {"uv": [0, 0, 0, 0], "texture": "#side"},
				"down": {"uv": [0, 0, 0, 0], "texture": "#side"}
			}
		},
		{
			"from": [0, 11, 15.99],
			"to": [16, 16, 16],
			"faces": {
				"north": {"uv": [16, 8, 0, 13], "texture": "#side"},
				"east": {"uv": [0, 0, 0, 0], "texture": "#side"},
				"south": {"uv": [0, 8, 16, 13], "texture": "#side", "cullface": "south"},
				"west": {"uv": [0, 0, 0, 0], "texture": "#side"},
				"up": {"uv": [0, 0, 0, 0], "texture": "#side"},
				"down": {"uv": [0, 0, 0, 0], "texture": "#side"}
			}
		},
		{
			"from": [0, 11, 0],
			"to": [0.01, 16, 16],
			"faces": {
				"north": {"uv": [0, 0, 0, 0], "texture": "#side"},
				"east": {"uv": [16, 8, 0, 13], "texture": "#side"},
				"south": {"uv": [0, 0, 0, 0], "texture": "#side"},
				"west": {"uv": [0, 8, 16, 13], "texture": "#side", "cullface": "west"},
				"up": {"uv": [0, 0, 0, 0], "texture": "#side"},
				"down": {"uv": [0, 0, 0, 0], "texture": "#side"}
			}
		},
		{
			"from": [15.99, 11, 0],
			"to": [16, 16, 16],
			"faces": {
				"north": {"uv": [0, 0, 0, 0], "texture": "#side"},
				"east": {"uv": [0, 8, 16, 13], "texture": "#side", "cullface": "east"},
				"south": {"uv": [0, 0, 0, 0], "texture": "#side"},
				"west": {"uv": [16, 8, 0, 13], "texture": "#side"},
				"up": {"uv": [0, 0, 0, 0], "texture": "#side"},
				"down": {"uv": [0, 0, 0, 0], "texture": "#side"}
			}
		},
		{
			"from": [0.1, 0, 8],
			"to": [15.9, 16, 8],
			"rotation": {"angle": 45, "axis": "y", "origin": [8, 8, 8], "rescale": true},
			"faces": {
				"north": {"uv": [0, 0, 16, 16], "texture": "#plant"},
				"east": {"uv": [0, 0, 0, 0], "texture": "#plant"},
				"south": {"uv": [0, 0, 16, 16], "texture": "#plant"},
				"west": {"uv": [0, 0, 0, 0], "texture": "#plant"},
				"up": {"uv": [0, 0, 0, 0], "texture": "#plant"},
				"down": {"uv": [0, 0, 0, 0], "texture": "#plant"}
			}
		},
		{
			"from": [8, 0, 0.1],
			"to": [8, 16, 15.9],
			"rotation": {"angle": 45, "axis": "y", "origin": [8, 8, 8], "rescale": true},
			"faces": {
				"north": {"uv": [0, 0, 0, 0], "texture": "#plant"},
				"east": {"uv": [0, 0, 16, 16], "texture": "#plant"},
				"south": {"uv": [0, 0, 0, 0], "texture": "#plant"},
				"west": {"uv": [0, 0, 16, 16], "texture": "#plant"},
				"up": {"uv": [0, 0, 0, 0], "texture": "#plant"},
				"down": {"uv": [0, 0, 0, 0], "texture": "#plant"}
			}
		},
		{
			"from": [7, 0, 7],
			"to": [9, 8, 9],
			"rotation": {"angle": 0, "axis": "y", "origin": [7, 0, 7]},
			"faces": {
				"north": {"uv": [7, 8, 9, 16], "texture": "#plant"},
				"east": {"uv": [7, 8, 9, 16], "texture": "#plant"},
				"south": {"uv": [7, 8, 9, 16], "texture": "#plant"},
				"west": {"uv": [7, 8, 9, 16], "texture": "#plant"},
				"up": {"uv": [7, 8, 9, 10], "texture": "#plant"},
				"down": {"uv": [7, 8, 9, 10], "texture": "#plant"}
			}
		},
		{
			"from": [7, 0, 7],
			"to": [9, 8, 9],
			"rotation": {"angle": 0, "axis": "y", "origin": [7, 0, 7]},
			"faces": {
				"north": {"uv": [7, 8, 9, 16], "texture": "#2"},
				"east": {"uv": [7, 8, 9, 16], "texture": "#2"},
				"south": {"uv": [7, 8, 9, 16], "texture": "#2"},
				"west": {"uv": [7, 8, 9, 16], "texture": "#2"},
				"up": {"uv": [7, 8, 9, 10], "texture": "#2"},
				"down": {"uv": [7, 8, 9, 10], "texture": "#2"}
			}
		},
		{
			"from": [6, 6, 6],
			"to": [7, 10, 7],
			"rotation": {"angle": 0, "axis": "y", "origin": [6, 7, 6]},
			"faces": {
				"north": {"uv": [7, 7, 8, 11], "texture": "#2"},
				"east": {"uv": [7, 7, 8, 11], "texture": "#2"},
				"south": {"uv": [7, 7, 8, 11], "texture": "#2"},
				"west": {"uv": [7, 7, 8, 11], "texture": "#2"},
				"up": {"uv": [7, 7, 8, 8], "texture": "#2"},
				"down": {"uv": [7, 7, 8, 8], "texture": "#2"}
			}
		},
		{
			"from": [5, 8, 5],
			"to": [6, 12, 6],
			"rotation": {"angle": 0, "axis": "y", "origin": [5, 9, 5]},
			"faces": {
				"north": {"uv": [7, 7, 8, 11], "texture": "#2"},
				"east": {"uv": [7, 7, 8, 11], "texture": "#2"},
				"south": {"uv": [7, 7, 8, 11], "texture": "#2"},
				"west": {"uv": [7, 7, 8, 11], "texture": "#2"},
				"up": {"uv": [7, 7, 8, 8], "texture": "#2"},
				"down": {"uv": [7, 7, 8, 8], "texture": "#2"}
			}
		},
		{
			"from": [9, 6, 6],
			"to": [10, 14, 7],
			"rotation": {"angle": 0, "axis": "y", "origin": [9, 6, 6]},
			"faces": {
				"north": {"uv": [7, 7, 8, 15], "texture": "#2"},
				"east": {"uv": [7, 7, 8, 15], "texture": "#2"},
				"south": {"uv": [7, 7, 8, 15], "texture": "#2"},
				"west": {"uv": [7, 7, 8, 15], "texture": "#2"},
				"up": {"uv": [7, 7, 8, 8], "texture": "#2"},
				"down": {"uv": [7, 7, 8, 8], "texture": "#2"}
			}
		},
		{
			"from": [6, 5, 9],
			"to": [7, 14, 10],
			"rotation": {"angle": 0, "axis": "y", "origin": [6, 6, 9]},
			"faces": {
				"north": {"uv": [7, 7, 8, 16], "texture": "#2"},
				"east": {"uv": [7, 7, 8, 16], "texture": "#2"},
				"south": {"uv": [7, 7, 8, 16], "texture": "#2"},
				"west": {"uv": [7, 7, 8, 16], "texture": "#2"},
				"up": {"uv": [7, 7, 8, 8], "texture": "#2"},
				"down": {"uv": [7, 7, 8, 8], "texture": "#2"}
			}
		},
		{
			"from": [5, 8, 10],
			"to": [6, 10, 11],
			"rotation": {"angle": 0, "axis": "y", "origin": [5, 6, 10]},
			"faces": {
				"north": {"uv": [7, 7, 8, 9], "texture": "#2"},
				"east": {"uv": [7, 7, 8, 9], "texture": "#2"},
				"south": {"uv": [7, 7, 8, 9], "texture": "#2"},
				"west": {"uv": [7, 7, 8, 9], "texture": "#2"},
				"up": {"uv": [7, 7, 8, 8], "texture": "#2"},
				"down": {"uv": [7, 7, 8, 8], "texture": "#2"}
			}
		},
		{
			"from": [4, 9, 11],
			"to": [5, 11, 12],
			"rotation": {"angle": 0, "axis": "y", "origin": [4, 7, 11]},
			"faces": {
				"north": {"uv": [7, 7, 8, 9], "texture": "#2"},
				"east": {"uv": [7, 7, 8, 9], "texture": "#2"},
				"south": {"uv": [7, 7, 8, 9], "texture": "#2"},
				"west": {"uv": [7, 7, 8, 9], "texture": "#2"},
				"up": {"uv": [7, 7, 8, 8], "texture": "#2"},
				"down": {"uv": [7, 7, 8, 8], "texture": "#2"}
			}
		},
		{
			"from": [9, 6, 9],
			"to": [10, 13, 10],
			"rotation": {"angle": 0, "axis": "y", "origin": [9, 7, 9]},
			"faces": {
				"north": {"uv": [7, 7, 8, 14], "texture": "#2"},
				"east": {"uv": [7, 7, 8, 14], "texture": "#2"},
				"south": {"uv": [7, 7, 8, 14], "texture": "#2"},
				"west": {"uv": [7, 7, 8, 14], "texture": "#2"},
				"up": {"uv": [7, 7, 8, 8], "texture": "#2"},
				"down": {"uv": [7, 7, 8, 8], "texture": "#2"}
			}
		},
		{
			"from": [9, 0, 9],
			"to": [10, 1, 10],
			"rotation": {"angle": 0, "axis": "y", "origin": [9, 1, 9]},
			"faces": {
				"north": {"uv": [7, 13, 8, 14], "texture": "#2"},
				"east": {"uv": [7, 13, 8, 14], "texture": "#2"},
				"south": {"uv": [7, 13, 8, 14], "texture": "#2"},
				"west": {"uv": [7, 13, 8, 14], "texture": "#2"},
				"up": {"uv": [7, 7, 8, 8], "texture": "#2"},
				"down": {"uv": [7, 7, 8, 8], "texture": "#2"}
			}
		},
		{
			"from": [6, 0, 6],
			"to": [7, 2, 7],
			"rotation": {"angle": 0, "axis": "y", "origin": [6, 1, 6]},
			"faces": {
				"north": {"uv": [7, 13, 8, 15], "texture": "#2"},
				"east": {"uv": [7, 13, 8, 15], "texture": "#2"},
				"south": {"uv": [7, 13, 8, 15], "texture": "#2"},
				"west": {"uv": [7, 13, 8, 15], "texture": "#2"},
				"up": {"uv": [7, 7, 8, 8], "texture": "#2"},
				"down": {"uv": [7, 7, 8, 8], "texture": "#2"}
			}
		},
		{
			"from": [10, 8, 10],
			"to": [11, 15, 11],
			"rotation": {"angle": 0, "axis": "y", "origin": [10, 7, 10]},
			"faces": {
				"north": {"uv": [7, 7, 8, 14], "texture": "#2"},
				"east": {"uv": [7, 7, 8, 14], "texture": "#2"},
				"south": {"uv": [7, 7, 8, 14], "texture": "#2"},
				"west": {"uv": [7, 7, 8, 14], "texture": "#2"},
				"up": {"uv": [7, 7, 8, 8], "texture": "#2"},
				"down": {"uv": [7, 7, 8, 8], "texture": "#2"}
			}
		}
	]
}