{
	"parent": "block/block",
	"render_type": "minecraft:cutout",
	"ambientocclusion": false,
	"elements": [
		{
			"from": [0, 11, 0],
			"to": [16, 16, 0.01],
			"faces": {
				"north": {"uv": [0, 8, 16, 13], "texture": "#side", "cullface": "north"},
				"south": {"uv": [16, 8, 0, 13], "texture": "#side"}
			}
		},
		{
			"from": [0, 11, 15.99],
			"to": [16, 16, 16],
			"faces": {
				"north": {"uv": [16, 8, 0, 13], "texture": "#side"},
				"south": {"uv": [0, 8, 16, 13], "texture": "#side", "cullface": "south"}
			}
		},
		{
			"from": [0, 11, 0],
			"to": [0.01, 16, 16],
			"faces": {
				"east": {"uv": [16, 8, 0, 13], "texture": "#side"},
				"west": {"uv": [0, 8, 16, 13], "texture": "#side", "cullface": "west"}
			}
		},
		{
			"from": [15.99, 11, 0],
			"to": [16, 16, 16],
			"faces": {
				"east": {"uv": [0, 8, 16, 13], "texture": "#side", "cullface": "east"},
				"west": {"uv": [16, 8, 0, 13], "texture": "#side"}
			}
		},
		{
			"from": [0.1, 0, 8],
			"to": [15.9, 16, 8],
			"rotation": {"angle": 45, "axis": "y", "origin": [8, 8, 8], "rescale": true},
			"faces": {
				"north": {"uv": [0, 0, 16, 16], "texture": "#plant"},
				"south": {"uv": [0, 0, 16, 16], "texture": "#plant"}
			}
		},
		{
			"from": [8, 0, 0.1],
			"to": [8, 16, 15.9],
			"rotation": {"angle": 45, "axis": "y", "origin": [8, 8, 8], "rescale": true},
			"faces": {
				"east": {"uv": [0, 0, 16, 16], "texture": "#plant"},
				"west": {"uv": [0, 0, 16, 16], "texture": "#plant"}
			}
		}
	]
}