{
	"credit": "Made with Blockbench",
	"parent": "block/block",
	"ambientocclusion": false,
	"render_type": "minecraft:cutout",
	"textures": {
		"particle": "farmersrespite:block/wild_tea_bush",
		"cross": "farmersrespite:block/wild_tea_bush",
		"overlay": "farmersrespite:block/wild_tea_bush_overlay"
	},
	"elements": [
		{
			"from": [0.8, 0, 8],
			"to": [15.2, 16, 8],
			"shade": false,
			"rotation": {"angle": 45, "axis": "y", "origin": [8, 8, 8], "rescale": true},
			"faces": {
				"north": {"uv": [0, 0, 16, 16], "texture": "#cross"},
				"south": {"uv": [0, 0, 16, 16], "texture": "#cross"}
			}
		},
		{
			"from": [6, 1, 0.8],
			"to": [6, 15, 15.2],
			"shade": false,
			"rotation": {"angle": -45, "axis": "z", "origin": [8, 8, 8], "rescale": true},
			"faces": {
				"east": {"uv": [0, 0, 16, 16], "texture": "#overlay", "tintindex": 0},
				"west": {"uv": [0, 0, 16, 16], "texture": "#overlay", "tintindex": 0}
			}
		},
		{
			"from": [10, 1, 0.8],
			"to": [10, 15, 15.2],
			"shade": false,
			"rotation": {"angle": 45, "axis": "z", "origin": [8, 8, 8], "rescale": true},
			"faces": {
				"east": {"uv": [0, 0, 16, 16], "texture": "#overlay", "tintindex": 0},
				"west": {"uv": [0, 0, 16, 16], "texture": "#overlay", "tintindex": 0}
			}
		},
		{
			"from": [0.8, 1, 6],
			"to": [15.2, 15, 6],
			"shade": false,
			"rotation": {"angle": 45, "axis": "x", "origin": [8, 8, 8], "rescale": true},
			"faces": {
				"north": {"uv": [0, 0, 16, 16], "texture": "#overlay", "tintindex": 0},
				"south": {"uv": [0, 0, 16, 16], "texture": "#overlay", "tintindex": 0}
			}
		},
		{
			"from": [8, 0, 0.8],
			"to": [8, 16, 15.2],
			"shade": false,
			"rotation": {"angle": 45, "axis": "y", "origin": [8, 8, 8], "rescale": true},
			"faces": {
				"east": {"uv": [0, 0, 16, 16], "texture": "#overlay", "tintindex": 0},
				"west": {"uv": [0, 0, 16, 16], "texture": "#overlay", "tintindex": 0}
			}
		},
		{
			"from": [8, 0, 0.8],
			"to": [8, 16, 15.2],
			"shade": false,
			"rotation": {"angle": -45, "axis": "y", "origin": [8, 8, 8], "rescale": true},
			"faces": {
				"east": {"uv": [0, 0, 16, 16], "texture": "#overlay", "tintindex": 0},
				"west": {"uv": [0, 0, 16, 16], "texture": "#overlay", "tintindex": 0}
			}
		},
		{
			"from": [0.8, 1, 10],
			"to": [15.2, 15, 10],
			"shade": false,
			"rotation": {"angle": -45, "axis": "x", "origin": [8, 8, 8], "rescale": true},
			"faces": {
				"north": {"uv": [0, 0, 16, 16], "texture": "#overlay", "tintindex": 0},
				"south": {"uv": [0, 0, 16, 16], "texture": "#overlay", "tintindex": 0}
			}
		},
		{
			"from": [8, 0, 0.8],
			"to": [8, 16, 15.2],
			"shade": false,
			"rotation": {"angle": 45, "axis": "y", "origin": [8, 8, 8], "rescale": true},
			"faces": {
				"east": {"uv": [0, 0, 16, 16], "texture": "#cross"},
				"west": {"uv": [0, 0, 16, 16], "texture": "#cross"}
			}
		},
		{
			"from": [8, 0, 0.8],
			"to": [8, 16, 15.2],
			"shade": false,
			"rotation": {"angle": 45, "axis": "y", "origin": [8, 8, 8], "rescale": true},
			"faces": {
				"east": {"uv": [0, 0, 16, 16], "texture": "#overlay", "tintindex": 0},
				"west": {"uv": [0, 0, 16, 16], "texture": "#overlay", "tintindex": 0}
			}
		},
		{
			"from": [8, 0, 0.8],
			"to": [8, 16, 15.2],
			"shade": false,
			"rotation": {"angle": 45, "axis": "y", "origin": [8, 8, 8], "rescale": true},
			"faces": {
				"east": {"uv": [0, 0, 16, 16], "texture": "#overlay", "tintindex": 0},
				"west": {"uv": [0, 0, 16, 16], "texture": "#overlay", "tintindex": 0}
			}
		},
		{
			"from": [7, 0, 7],
			"to": [9, 6, 9],
			"faces": {
				"north": {"uv": [7, 10, 9, 16], "texture": "#cross"},
				"east": {"uv": [7, 10, 9, 16], "texture": "#cross"},
				"south": {"uv": [7, 10, 9, 16], "texture": "#cross"},
				"west": {"uv": [7, 10, 9, 16], "texture": "#cross"},
				"up": {"uv": [7, 10, 9, 12], "texture": "#cross"},
				"down": {"uv": [7, 14, 9, 16], "texture": "#cross"}
			}
		},
		{
			"from": [7, 6, 7],
			"to": [9, 12, 9],
			"faces": {
				"north": {"uv": [7, 10, 9, 16], "texture": "#cross"},
				"east": {"uv": [7, 10, 9, 16], "texture": "#cross"},
				"south": {"uv": [7, 10, 9, 16], "texture": "#cross"},
				"west": {"uv": [7, 10, 9, 16], "texture": "#cross"},
				"up": {"uv": [7, 10, 9, 12], "texture": "#cross"},
				"down": {"uv": [7, 14, 9, 16], "texture": "#cross"}
			}
		}
	]
}