{
	"type": "lithostitched:add_template_pool_elements",
	"predicate": {
		"type": "lithostitched:all_of",
			"predicates": [
			{
				"type": "lithostitched:mod_loaded",
				"mod_id": "etched"
			}
		]
	},
	"template_pools": "ctov:village/mesa_fortified/deco",
	"elements": [
		{
			"weight": 5,
			"element": {
				"element_type": "lithostitched:limited",
  				"delegate": {
					"element_type": "minecraft:single_pool_element",
					"projection": "rigid",
					"processors": "ctov:village/mesa_fortified/house",
					"location":"ctov:village/mesa_fortified/deco/bard_house"
				},
  				"limit": 1
			}
		}
	]
}