{
	"type": "lithostitched:add_template_pool_elements",
	"predicate": {
		"type": "lithostitched:all_of",
			"predicates": [
			{
				"type": "lithostitched:mod_loaded",
				"mod_id": "etched"
			}
		]
	},
	"template_pools": "ctov:village/savanna_na/deco",
	"elements": [
		{
			"weight": 5,
			"element": {
				"element_type": "minecraft:single_pool_element",
				"projection": "rigid",
				"processors": "minecraft:empty",
				"location":"ctov:village/savanna_na/deco/bard_house"
			},
  				"limit": 1
		}
	]
}