{
	"format_version": "1.21.6",
	"credit": "Made by Satisfy",
	"textures": {
		"1": "brewery:block/whiskey_highland_hearth_top",
		"particle": "brewery:block/whiskey_highland_hearth"
	},
	"elements": [
		{
			"from": [3, 0, 3],
			"to": [13, 10, 13],
			"rotation": {"angle": 0, "axis": "y", "origin": [3, 0, 3]},
			"faces": {
				"north": {"uv": [3, 6, 13, 16], "texture": "#particle"},
				"east": {"uv": [3, 6, 13, 16], "texture": "#particle"},
				"south": {"uv": [3, 6, 13, 16], "texture": "#particle"},
				"west": {"uv": [3, 6, 13, 16], "texture": "#particle"},
				"up": {"uv": [3, 3, 13, 13], "texture": "#1"},
				"down": {"uv": [3, 3, 13, 13], "texture": "#1"}
			}
		},
		{
			"from": [7, 10, 7],
			"to": [9, 16, 9],
			"rotation": {"angle": 0, "axis": "y", "origin": [7, 0, 7]},
			"faces": {
				"north": {"uv": [7, 0, 9, 6], "texture": "#particle"},
				"east": {"uv": [7, 0, 9, 6], "texture": "#particle"},
				"south": {"uv": [7, 0, 9, 6], "texture": "#particle"},
				"west": {"uv": [7, 0, 9, 6], "texture": "#particle"},
				"up": {"uv": [7, 0, 9, 2], "texture": "#particle"},
				"down": {"uv": [7, 4, 9, 6], "texture": "#particle"}
			}
		},
		{
			"from": [6, 13, 6],
			"to": [10, 15, 10],
			"rotation": {"angle": 0, "axis": "y", "origin": [6, 0, 6]},
			"faces": {
				"north": {"uv": [6, 2, 10, 4], "texture": "#particle"},
				"east": {"uv": [6, 2, 10, 4], "texture": "#particle"},
				"south": {"uv": [6, 2, 10, 4], "texture": "#particle"},
				"west": {"uv": [6, 2, 10, 4], "texture": "#particle"},
				"up": {"uv": [10, 0, 14, 4], "texture": "#particle"},
				"down": {"uv": [9, 3, 10, 4], "texture": "#particle"}
			}
		}
	],
	"display": {
		"thirdperson_righthand": {
			"rotation": [39.82, -4.42, 8.38],
			"translation": [0, -2, -1],
			"scale": [0.6, 0.6, 0.6]
		},
		"thirdperson_lefthand": {
			"rotation": [39.82, -4.42, 8.38],
			"translation": [0, -2, -1],
			"scale": [0.6, 0.6, 0.6]
		},
		"firstperson_righthand": {
			"rotation": [-109.41, 62.44, 105.02],
			"translation": [0.25, 3, 1.5],
			"scale": [0.7, 0.7, 0.7]
		},
		"firstperson_lefthand": {
			"rotation": [-110.75, 62.49, 101.11],
			"translation": [0.25, 3, 1.5],
			"scale": [0.7, 0.7, 0.7]
		}
	}
}