{
	"format_version": "1.21.6",
	"credit": "Made by Satisfy",
	"textures": {
		"0": "brewery:block/whiskey_smokey_reverie",
		"particle": "brewery:block/whiskey_smokey_reverie"
	},
	"elements": [
		{
			"from": [7, 10, 7],
			"to": [9, 14, 9],
			"rotation": {"angle": 0, "axis": "y", "origin": [7, 0, 7]},
			"faces": {
				"north": {"uv": [13, 2, 15, 7], "texture": "#0"},
				"east": {"uv": [13, 2, 15, 7], "texture": "#0"},
				"south": {"uv": [13, 2, 15, 7], "texture": "#0"},
				"west": {"uv": [13, 2, 15, 7], "texture": "#0"},
				"up": {"uv": [13, 2, 15, 4], "texture": "#0"},
				"down": {"uv": [13, 5, 15, 7], "texture": "#0"}
			}
		},
		{
			"from": [4, 0, 5],
			"to": [12, 8, 11],
			"rotation": {"angle": 0, "axis": "y", "origin": [5, 0, 6]},
			"faces": {
				"north": {"uv": [0, 8, 8, 16], "texture": "#0"},
				"east": {"uv": [8, 8, 14, 16], "texture": "#0"},
				"south": {"uv": [0, 8, 8, 16], "texture": "#0"},
				"west": {"uv": [8, 8, 14, 16], "texture": "#0"},
				"up": {"uv": [0, 2, 8, 8], "texture": "#0"},
				"down": {"uv": [0, 15, 1, 16], "texture": "#0"}
			}
		},
		{
			"from": [6, 8, 6],
			"to": [10, 10, 10],
			"rotation": {"angle": 0, "axis": "y", "origin": [6, 0, 6]},
			"faces": {
				"north": {"uv": [9, 6, 13, 8], "texture": "#0"},
				"east": {"uv": [9, 6, 13, 8], "texture": "#0"},
				"south": {"uv": [9, 6, 13, 8], "texture": "#0"},
				"west": {"uv": [9, 6, 13, 8], "texture": "#0"},
				"up": {"uv": [9, 2, 13, 6], "rotation": 180, "texture": "#0"},
				"down": {"uv": [9, 2, 13, 6], "rotation": 180, "texture": "#0"}
			}
		}
	],
	"display": {
		"thirdperson_righthand": {
			"rotation": [19.37, -6.9, 6.14],
			"translation": [0, -2.75, 0.25],
			"scale": [0.7, 0.7, 0.7]
		},
		"thirdperson_lefthand": {
			"rotation": [19.37, -6.9, 6.14],
			"translation": [0, -2.75, 0.25],
			"scale": [0.7, 0.7, 0.7]
		},
		"firstperson_righthand": {
			"rotation": [-5.85, 5.95, 24.27],
			"translation": [-0.5, 4.75, 1.25],
			"scale": [0.6, 0.6, 0.6]
		},
		"firstperson_lefthand": {
			"rotation": [-11.34, 3.38, 24.59],
			"translation": [-0.5, 4.75, 1.75],
			"scale": [0.6, 0.6, 0.6]
		}
	}
}