{
	"format_version": "1.21.6",
	"credit": "Made by Satisfy",
	"textures": {
		"0": "brewery:block/whiskey_maggoallan",
		"particle": "brewery:block/whiskey_maggoallan"
	},
	"elements": [
		{
			"from": [5, 0, 5],
			"to": [11, 8, 11],
			"rotation": {"angle": 0, "axis": "y", "origin": [5, 0, 5]},
			"faces": {
				"north": {"uv": [1, 4, 7, 12], "texture": "#0"},
				"east": {"uv": [1, 4, 7, 12], "texture": "#0"},
				"south": {"uv": [1, 4, 7, 12], "texture": "#0"},
				"west": {"uv": [1, 4, 7, 12], "texture": "#0"},
				"up": {"uv": [16, 14, 10, 8], "texture": "#0"},
				"down": {"uv": [15, 1, 9, 7], "texture": "#0"}
			}
		},
		{
			"from": [4, 2, 4],
			"to": [12, 7, 12],
			"rotation": {"angle": 0, "axis": "y", "origin": [4, 0, 4]},
			"faces": {
				"north": {"uv": [0, 5, 8, 10], "texture": "#0"},
				"east": {"uv": [0, 5, 8, 10], "texture": "#0"},
				"south": {"uv": [0, 5, 8, 10], "texture": "#0"},
				"west": {"uv": [0, 5, 8, 10], "texture": "#0"},
				"up": {"uv": [16, 8, 8, 0], "texture": "#0"},
				"down": {"uv": [16, 8, 8, 0], "texture": "#0"}
			}
		},
		{
			"from": [7, 8, 7],
			"to": [9, 12, 9],
			"rotation": {"angle": 0, "axis": "y", "origin": [7, 0, 7]},
			"faces": {
				"north": {"uv": [3, 0, 5, 4], "texture": "#0"},
				"east": {"uv": [3, 0, 5, 4], "texture": "#0"},
				"south": {"uv": [3, 0, 5, 4], "texture": "#0"},
				"west": {"uv": [3, 0, 5, 4], "texture": "#0"},
				"up": {"uv": [10, 10, 8, 8], "texture": "#0"},
				"down": {"uv": [10, 10, 8, 8], "texture": "#0"}
			}
		},
		{
			"from": [6, 9, 6],
			"to": [10, 11, 10],
			"rotation": {"angle": 0, "axis": "y", "origin": [6, 0, 6]},
			"faces": {
				"north": {"uv": [2, 1, 6, 3], "texture": "#0"},
				"east": {"uv": [2, 1, 6, 3], "texture": "#0"},
				"south": {"uv": [2, 1, 6, 3], "texture": "#0"},
				"west": {"uv": [2, 1, 6, 3], "texture": "#0"},
				"up": {"uv": [4, 16, 0, 12], "texture": "#0"},
				"down": {"uv": [4, 16, 0, 12], "texture": "#0"}
			}
		}
	],
	"display": {
		"thirdperson_righthand": {
			"rotation": [29.2, -6.39, 8.02],
			"translation": [-0.75, 2.5, 1.25],
			"scale": [0.7, 0.7, 0.7]
		},
		"thirdperson_lefthand": {
			"rotation": [29.2, -6.39, 8.02],
			"translation": [-0.75, 2.5, 1.25],
			"scale": [0.7, 0.7, 0.7]
		},
		"firstperson_righthand": {
			"rotation": [-5.82, 5.67, 17.77],
			"translation": [-0.5, 4.75, 1.5],
			"scale": [0.6, 0.6, 0.6]
		},
		"firstperson_lefthand": {
			"rotation": [-11.65, 3.01, 18.09],
			"translation": [-0.5, 4.75, 1.5],
			"scale": [0.6, 0.6, 0.6]
		}
	}
}