{
	"format_version": "1.21.6",
	"credit": "Made by Satisfy",
	"textures": {
		"5": "brewery:block/whiskey_jameson_malt"
	},
	"elements": [
		{
			"from": [5, 0, 5],
			"to": [11, 9, 11],
			"rotation": {"angle": 0, "axis": "y", "origin": [5, 0, 5]},
			"faces": {
				"north": {"uv": [1, 7, 7, 16], "texture": "#5"},
				"east": {"uv": [1, 7, 7, 16], "texture": "#5"},
				"south": {"uv": [1, 7, 7, 16], "texture": "#5"},
				"west": {"uv": [1, 7, 7, 16], "texture": "#5"},
				"up": {"uv": [9, 1, 15, 7], "texture": "#5"},
				"down": {"uv": [6, 15, 5, 16], "texture": "#5"}
			}
		},
		{
			"from": [4, 2, 4],
			"to": [12, 8, 12],
			"rotation": {"angle": 0, "axis": "y", "origin": [4, 0, 4]},
			"faces": {
				"north": {"uv": [0, 8, 8, 14], "texture": "#5"},
				"east": {"uv": [8, 8, 16, 14], "texture": "#5"},
				"south": {"uv": [8, 8, 16, 14], "texture": "#5"},
				"west": {"uv": [8, 8, 16, 14], "texture": "#5"},
				"up": {"uv": [8, 0, 16, 8], "texture": "#5"},
				"down": {"uv": [8, 0, 16, 8], "texture": "#5"}
			}
		},
		{
			"from": [7, 9, 7],
			"to": [9, 13, 9],
			"rotation": {"angle": 0, "axis": "y", "origin": [7, 0, 7]},
			"faces": {
				"north": {"uv": [3, 3, 5, 7], "texture": "#5"},
				"east": {"uv": [3, 3, 5, 7], "texture": "#5"},
				"south": {"uv": [3, 3, 5, 7], "texture": "#5"},
				"west": {"uv": [3, 3, 5, 7], "texture": "#5"},
				"up": {"uv": [3, 3, 5, 5], "texture": "#5"},
				"down": {"uv": [3, 5, 5, 7], "texture": "#5"}
			}
		}
	],
	"display": {
		"thirdperson_righthand": {
			"rotation": [39.82, -4.42, 8.38],
			"translation": [0, -1.5, -0.5],
			"scale": [0.6, 0.6, 0.6]
		},
		"thirdperson_lefthand": {
			"rotation": [39.82, -4.42, 8.38],
			"translation": [0, -1.5, -0.5],
			"scale": [0.6, 0.6, 0.6]
		},
		"firstperson_righthand": {
			"rotation": [-109.41, 62.44, 105.02],
			"translation": [0.25, 3, 1.5],
			"scale": [0.7, 0.7, 0.7]
		},
		"firstperson_lefthand": {
			"rotation": [-110.75, 62.49, 101.11],
			"translation": [0.25, 3, 2],
			"scale": [0.7, 0.7, 0.7]
		}
	}
}