{
	"format_version": "1.21.6",
	"credit": "Made by Satisfy",
	"textures": {
		"0": "brewery:block/whiskey_cristelwalker",
		"particle": "brewery:block/whiskey_cristelwalker"
	},
	"elements": [
		{
			"from": [6, 0, 6],
			"to": [10, 10, 10],
			"rotation": {"angle": 0, "axis": "y", "origin": [6, 0, 6]},
			"faces": {
				"north": {"uv": [12, 6, 16, 16], "texture": "#0"},
				"east": {"uv": [8, 6, 12, 16], "texture": "#0"},
				"south": {"uv": [8, 6, 12, 16], "texture": "#0"},
				"west": {"uv": [8, 6, 12, 16], "texture": "#0"},
				"up": {"uv": [16, 6, 12, 2], "texture": "#0"},
				"down": {"uv": [12, 6, 8, 2], "texture": "#0"}
			}
		},
		{
			"from": [7, 10, 7],
			"to": [9, 14, 9],
			"rotation": {"angle": 0, "axis": "y", "origin": [7, 0, 7]},
			"faces": {
				"north": {"uv": [0, 2, 2, 6], "texture": "#0"},
				"east": {"uv": [1, 2, 3, 6], "texture": "#0"},
				"south": {"uv": [0, 2, 2, 6], "texture": "#0"},
				"west": {"uv": [1, 2, 3, 6], "texture": "#0"},
				"up": {"uv": [3, 2, 1, 0], "rotation": 270, "texture": "#0"},
				"down": {"uv": [3, 2, 1, 0], "texture": "#0"}
			}
		}
	],
	"display": {
		"thirdperson_righthand": {
			"rotation": [27.41, -6.31, 7.42],
			"translation": [0, 0.25, 0.5],
			"scale": [0.7, 0.7, 0.7]
		},
		"thirdperson_lefthand": {
			"rotation": [27.41, -6.31, 7.42],
			"translation": [0, 0.25, 0.5],
			"scale": [0.7, 0.7, 0.7]
		},
		"firstperson_righthand": {
			"rotation": [-5.37, 6.12, 22.98],
			"translation": [0, 3.5, 1.25],
			"scale": [0.7, 0.7, 0.7]
		},
		"firstperson_lefthand": {
			"rotation": [-5.37, 6.12, 22.98],
			"translation": [0, 3.5, 1.25],
			"scale": [0.7, 0.7, 0.7]
		}
	}
}