{
  "type": "apotheosis:attribute",
	"conditions": [{
		"type": "forge:mod_loaded",
		"modid": "irons_spellbooks"
	}],
  "attribute": "irons_spellbooks:cast_time_reduction",
  "operation": "MULTIPLY_BASE",
  "values": {
    "common": {
      "min": 0.01,
      "steps": 10,
      "step": 0.002
    },
    "uncommon": {
      "min": 0.02,
      "steps": 10,
      "step": 0.002
    },
    "rare": {
      "min": 0.03,
      "steps": 10,
      "step": 0.002
    },
    "epic": {
      "min": 0.04,
      "steps": 14,
      "step": 0.002
    },
    "mythic": {
      "min": 0.05,
      "steps": 16,
      "step": 0.002
    },
    "ancient": {
      "min": 0.05,
      "steps": 20,
      "step": 0.002
    }
  },
  "types": [
    "spellbook"
  ]
}