{
	"format_version": "1.21.6",
	"credit": "Made by Satisfy",
	"textures": {
		"1": "vinery:block/wine/aegis_wine_parts",
		"2": "vinery:block/wine/aegis_wine",
		"particle": "vinery:block/wine/aegis_wine"
	},
	"elements": [
		{
			"from": [4, 0, 5],
			"to": [12, 8, 11],
			"rotation": {"angle": 0, "axis": "y", "origin": [8, 4, 8]},
			"faces": {
				"north": {"uv": [0, 8, 8, 16], "texture": "#2"},
				"east": {"uv": [8, 8, 14, 16], "texture": "#2"},
				"south": {"uv": [0, 8, 8, 16], "texture": "#2"},
				"west": {"uv": [8, 8, 14, 16], "texture": "#2"},
				"up": {"uv": [0, 10, 8, 4], "texture": "#1"},
				"down": {"uv": [0, 16, 8, 10], "texture": "#1"}
			}
		},
		{
			"from": [6, 2, 4.95],
			"to": [10, 6, 4.95],
			"rotation": {"angle": 0, "axis": "z", "origin": [8, 4, 4.95]},
			"faces": {
				"north": {"uv": [12, 0, 16, 4], "texture": "#2"}
			}
		},
		{
			"from": [7, 10, 7],
			"to": [9, 16, 9],
			"rotation": {"angle": 0, "axis": "y", "origin": [8, 12, 8]},
			"faces": {
				"north": {"uv": [3, 0, 5, 6], "texture": "#2"},
				"east": {"uv": [3, 0, 5, 6], "texture": "#2"},
				"south": {"uv": [3, 0, 5, 6], "texture": "#2"},
				"west": {"uv": [3, 0, 5, 6], "texture": "#2"},
				"up": {"uv": [7, 1, 9, 3], "rotation": 90, "texture": "#1"},
				"down": {"uv": [1.5, 7, 2, 6.5], "rotation": 270, "texture": "#2"}
			}
		},
		{
			"from": [6, 13, 6],
			"to": [10, 15, 10],
			"rotation": {"angle": 0, "axis": "y", "origin": [8, 14, 8]},
			"faces": {
				"north": {"uv": [2, 1, 6, 3], "texture": "#2"},
				"east": {"uv": [2, 1, 6, 3], "texture": "#2"},
				"south": {"uv": [2, 1, 6, 3], "texture": "#2"},
				"west": {"uv": [2, 1, 6, 3], "texture": "#2"},
				"up": {"uv": [6, 0, 10, 4], "texture": "#1"},
				"down": {"uv": [6, 0, 10, 4], "texture": "#1"}
			}
		},
		{
			"from": [5, 8, 6],
			"to": [11, 10, 10],
			"rotation": {"angle": 0, "axis": "y", "origin": [5, 8, 6]},
			"faces": {
				"north": {"uv": [1, 6, 7, 8], "texture": "#2"},
				"east": {"uv": [9, 6, 13, 8], "texture": "#2"},
				"south": {"uv": [1, 6, 7, 8], "texture": "#2"},
				"west": {"uv": [9, 6, 13, 8], "texture": "#2"},
				"up": {"uv": [0, 0, 6, 4], "texture": "#1"},
				"down": {"uv": [0, 0, 6, 4], "texture": "#missing"}
			}
		}
	],
	"gui_light": "front",
	"display": {
		"thirdperson_righthand": {
			"rotation": [21.65, -6.84, 6.63],
			"translation": [0, -2.25, 0.25],
			"scale": [0.6, 0.6, 0.6]
		},
		"thirdperson_lefthand": {
			"rotation": [21.65, -6.84, 6.63],
			"translation": [0, -2.25, 0.25],
			"scale": [0.6, 0.6, 0.6]
		},
		"firstperson_righthand": {
			"rotation": [68.61, -66.43, 74.9],
			"translation": [1.5, 2, 1.5],
			"scale": [0.7, 0.7, 0.7]
		},
		"firstperson_lefthand": {
			"rotation": [72.62, -66.74, 80.46],
			"translation": [1.5, 2, 1.75],
			"scale": [0.7, 0.7, 0.7]
		},
		"ground": {
			"rotation": [-8.53, -1.45, 19.3],
			"translation": [-2, 1, -1],
			"scale": [0.6, 0.6, 0.6]
		},
		"gui": {
			"rotation": [-180, 13, -180],
			"translation": [0, 3.5, 0],
			"scale": [0.9, 0.9, 0.9]
		},
		"head": {
			"rotation": [0, 0, 90],
			"translation": [-9.75, 0, 0]
		},
		"fixed": {
			"rotation": [-90, 0, 0],
			"translation": [-0.25, 0, -12]
		}
	},
	"groups": [
		{
			"name": "aegis",
			"origin": [0, 0, 0],
			"color": 0,
			"children": [0, 1, 2, 3, 4]
		}
	]
}