{
	"format_version": "1.21.6",
	"credit": "Made by Satisfy",
	"textures": {
		"2": "vinery:block/bag_side",
		"3": "vinery:block/bag_bottom",
		"4": "vinery:block/wine/cider",
		"particle": "vinery:block/wine/cider"
	},
	"elements": [
		{
			"from": [6.8, 10.8, 6.8],
			"to": [9.2, 15.2, 9.2],
			"rotation": {"angle": 0, "axis": "y", "origin": [8, 8, 7]},
			"faces": {
				"north": {"uv": [6, 7, 8, 11], "texture": "#4"},
				"east": {"uv": [8, 7, 10, 11], "texture": "#4"},
				"south": {"uv": [7, 7, 9, 11], "texture": "#4"},
				"west": {"uv": [10, 7, 12, 11], "texture": "#4"},
				"up": {"uv": [5, 16, 4, 15], "rotation": 180, "texture": "#4"},
				"down": {"uv": [6, 15, 5, 16], "rotation": 180, "texture": "#4"}
			}
		},
		{
			"from": [5.2, 7, 5.2],
			"to": [10.8, 8.6, 10.8],
			"rotation": {"angle": 0, "axis": "y", "origin": [8, 4.5, 7]},
			"faces": {
				"north": {"uv": [0, 8, 6, 10], "texture": "#4", "tintindex": 0},
				"east": {"uv": [0, 6, 6, 8], "texture": "#4", "tintindex": 0},
				"south": {"uv": [0, 10, 6, 12], "texture": "#4", "tintindex": 0},
				"west": {"uv": [0, 10, 6, 12], "texture": "#4", "tintindex": 0},
				"up": {"uv": [0, 6, 6, 12], "rotation": 180, "texture": "#4", "tintindex": 0},
				"down": {"uv": [16, 0, 12, 4], "rotation": 180, "texture": "#4", "tintindex": 0}
			}
		},
		{
			"name": "basket",
			"from": [4.5, 0, 4.5],
			"to": [11.5, 7, 11.5],
			"rotation": {"angle": 0, "axis": "y", "origin": [12.5, 0, 11.5]},
			"faces": {
				"north": {"uv": [1, 0, 8, 7], "texture": "#2"},
				"east": {"uv": [1, 0, 8, 7], "texture": "#2"},
				"south": {"uv": [1, 0, 8, 7], "texture": "#2"},
				"west": {"uv": [1, 0, 8, 7], "texture": "#2"},
				"up": {"uv": [7, 2, 14, 9], "rotation": 180, "texture": "#3"},
				"down": {"uv": [5, 4, 12, 11], "rotation": 180, "texture": "#3"}
			}
		},
		{
			"from": [5, 7, 5],
			"to": [11, 9, 11],
			"rotation": {"angle": 0, "axis": "y", "origin": [16, 0, 15]},
			"faces": {
				"north": {"uv": [6, 0, 12, 2], "texture": "#4"},
				"east": {"uv": [6, 0, 12, 2], "texture": "#4"},
				"south": {"uv": [6, 0, 12, 2], "texture": "#4"},
				"west": {"uv": [6, 0, 12, 2], "texture": "#4"},
				"up": {"uv": [6, 6, 0, 0], "rotation": 180, "texture": "#4"},
				"down": {"uv": [6, 6, 0, 12], "rotation": 180, "texture": "#4"}
			}
		},
		{
			"from": [5.5, 9, 5.5],
			"to": [10.5, 11, 10.5],
			"rotation": {"angle": 0, "axis": "y", "origin": [16, 0, 15]},
			"faces": {
				"north": {"uv": [0, 0, 5, 2], "texture": "#4"},
				"east": {"uv": [0, 0, 5, 2], "texture": "#4"},
				"south": {"uv": [0, 0, 5, 2], "texture": "#4"},
				"west": {"uv": [0, 0, 5, 2], "texture": "#4"},
				"up": {"uv": [6, 2, 11, 7], "rotation": 180, "texture": "#4"},
				"down": {"uv": [0, 0, 5, 5], "rotation": 180, "texture": "#4"}
			}
		},
		{
			"from": [7, 11, 7],
			"to": [9, 16, 9],
			"rotation": {"angle": 0, "axis": "y", "origin": [16, 0, 15]},
			"faces": {
				"north": {"uv": [12, 1, 14, 6], "texture": "#4"},
				"east": {"uv": [14, 1, 16, 6], "texture": "#4"},
				"south": {"uv": [12, 1, 14, 6], "texture": "#4"},
				"west": {"uv": [14, 1, 16, 6], "texture": "#4"},
				"up": {"uv": [12, 0, 14, 2], "rotation": 180, "texture": "#4"},
				"down": {"uv": [0, 0, 2, 2], "rotation": 180, "texture": "#4"}
			}
		}
	],
	"gui_light": "front",
	"display": {
		"thirdperson_righthand": {
			"rotation": [29.92, -6.14, 7.91],
			"translation": [0, -2.5, 0],
			"scale": [0.6, 0.6, 0.6]
		},
		"thirdperson_lefthand": {
			"rotation": [29.92, -6.14, 7.91],
			"translation": [0, -2.5, 0],
			"scale": [0.6, 0.6, 0.6]
		},
		"firstperson_righthand": {
			"rotation": [-109.89, 57.39, 103.95],
			"translation": [0.75, 3.25, 1.5],
			"scale": [0.7, 0.7, 0.7]
		},
		"firstperson_lefthand": {
			"rotation": [-115.47, 56.7, 107.01],
			"translation": [0.75, 3.25, 1.5],
			"scale": [0.7, 0.7, 0.7]
		},
		"ground": {
			"rotation": [-8.53, -1.45, 19.3],
			"translation": [-2, 2, -1],
			"scale": [0.6, 0.6, 0.6]
		},
		"gui": {
			"rotation": [-180, 45, -180],
			"translation": [-0.25, 4.5, 0]
		},
		"head": {
			"rotation": [0, 0, 90],
			"translation": [-9.75, 0, 0]
		},
		"fixed": {
			"rotation": [-90, -41, 0],
			"translation": [3.75, 3.75, -12]
		}
	},
	"groups": [
		{
			"name": "mellohi",
			"origin": [0, 0, 0],
			"color": 0,
			"children": [0, 1, 2, 3]
		},
		4,
		5
	]
}