{
	"format_version": "1.21.6",
	"credit": "Made by Satisfy",
	"textures": {
		"1": "vinery:block/wine/glowing_wine_parts",
		"2": "vinery:block/wine/glowing_wine",
		"particle": "vinery:block/wine/glowing_wine"
	},
	"elements": [
		{
			"from": [4, 0, 5],
			"to": [12, 9, 11],
			"rotation": {"angle": 0, "axis": "y", "origin": [8, 4, 8]},
			"faces": {
				"north": {"uv": [0, 7, 8, 16], "texture": "#2"},
				"east": {"uv": [0, 7, 6, 16], "texture": "#1"},
				"south": {"uv": [8, 7, 16, 16], "texture": "#2"},
				"west": {"uv": [0, 7, 6, 16], "texture": "#1"},
				"up": {"uv": [6, 10, 14, 4], "texture": "#1"},
				"down": {"uv": [6, 16, 14, 10], "texture": "#1"}
			}
		},
		{
			"from": [7, 11, 7],
			"to": [9, 16, 9],
			"rotation": {"angle": 0, "axis": "y", "origin": [8, 13, 8]},
			"faces": {
				"north": {"uv": [3, 0, 5, 5], "texture": "#2"},
				"east": {"uv": [3, 0, 5, 5], "texture": "#2"},
				"south": {"uv": [3, 0, 5, 5], "texture": "#2"},
				"west": {"uv": [3, 0, 5, 5], "texture": "#2"},
				"up": {"uv": [6, 0, 8, 2], "rotation": 90, "texture": "#1"},
				"down": {"uv": [1.5, 7, 2, 6.5], "rotation": 270, "texture": "#2"}
			}
		},
		{
			"from": [5, 9, 6],
			"to": [11, 11, 10],
			"rotation": {"angle": 0, "axis": "y", "origin": [5, 9, 6]},
			"faces": {
				"north": {"uv": [1, 6, 7, 8], "texture": "#2"},
				"east": {"uv": [1, 5, 5, 7], "texture": "#1"},
				"south": {"uv": [1, 5, 7, 7], "texture": "#2"},
				"west": {"uv": [1, 5, 5, 7], "texture": "#1"},
				"up": {"uv": [0, 0, 6, 4], "texture": "#1"},
				"down": {"uv": [0, 0, 6, 4], "texture": "#missing"}
			}
		}
	],
	"gui_light": "front",
	"display": {
		"thirdperson_righthand": {
			"rotation": [21.65, -6.84, 6.63],
			"translation": [0, -2.5, 0],
			"scale": [0.5, 0.5, 0.5]
		},
		"thirdperson_lefthand": {
			"rotation": [21.65, -6.84, 6.63],
			"translation": [0, -2.5, 0],
			"scale": [0.5, 0.5, 0.5]
		},
		"firstperson_righthand": {
			"rotation": [67.94, -65.82, 74.54],
			"translation": [0.75, 3, 1.5],
			"scale": [0.7, 0.7, 0.7]
		},
		"firstperson_lefthand": {
			"rotation": [71.79, -66.17, 79.98],
			"translation": [0.75, 3, 1.75],
			"scale": [0.7, 0.7, 0.7]
		},
		"ground": {
			"translation": [0, 2.5, 0],
			"scale": [0.6, 0.6, 0.6]
		},
		"gui": {
			"rotation": [-180, 13, -180],
			"scale": [0.9, 0.9, 0.9]
		},
		"head": {
			"translation": [0, 14.25, 0]
		}
	},
	"groups": [
		{
			"name": "aegis",
			"origin": [0, 0, 0],
			"color": 0,
			"children": [0, 1, 2]
		}
	]
}