{
	"format_version": "1.21.6",
	"credit": "Made by satisfy",
	"textures": {
		"0": "vinery:block/wine/kelp_cider",
		"particle": "vinery:block/wine/kelp_cider"
	},
	"elements": [
		{
			"name": "bottleneck",
			"from": [7, 11, 7],
			"to": [9, 12, 9],
			"rotation": {"angle": 0, "axis": "y", "origin": [8, 12, 8]},
			"faces": {
				"north": {"uv": [0, 0, 2, 1], "texture": "#0"},
				"east": {"uv": [0, 0, 2, 1], "texture": "#0"},
				"south": {"uv": [0, 0, 2, 1], "texture": "#0"},
				"west": {"uv": [0, 0, 2, 1], "texture": "#0"},
				"up": {"uv": [4, 0, 2, 2], "rotation": 90, "texture": "#0"}
			}
		},
		{
			"name": "body",
			"from": [6, 0, 6],
			"to": [10, 11, 10],
			"rotation": {"angle": 0, "axis": "y", "origin": [8, 8.5, 8]},
			"faces": {
				"north": {"uv": [8, 5, 12, 16], "texture": "#0"},
				"east": {"uv": [12, 5, 16, 16], "texture": "#0"},
				"south": {"uv": [12, 5, 16, 16], "texture": "#0"},
				"west": {"uv": [12, 5, 16, 16], "texture": "#0"},
				"up": {"uv": [4, 12, 8, 16], "rotation": 90, "texture": "#0"},
				"down": {"uv": [4, 12, 8, 16], "rotation": 90, "texture": "#0"}
			}
		}
	],
	"display": {
		"thirdperson_righthand": {
			"rotation": [21.61, -6.47, 6.23],
			"translation": [0, 0.25, 1],
			"scale": [0.7, 0.7, 0.7]
		},
		"thirdperson_lefthand": {
			"rotation": [21.61, -6.47, 6.23],
			"translation": [0, 0.25, 1],
			"scale": [0.7, 0.7, 0.7]
		},
		"firstperson_righthand": {
			"rotation": [-7.42, 6.06, 26.08],
			"translation": [0.75, 2.75, 1.75],
			"scale": [0.7, 0.7, 0.7]
		},
		"firstperson_lefthand": {
			"rotation": [-10.24, 3.82, 26.36],
			"translation": [0.75, 2.75, 1.75],
			"scale": [0.7, 0.7, 0.7]
		},
		"ground": {
			"translation": [0, 4.25, 0]
		},
		"head": {
			"translation": [0, 14.5, 0]
		}
	}
}