{
	"format_version": "1.21.6",
	"credit": "Made by Satisfy",
	"textures": {
		"1": "vinery:block/bag_side",
		"2": "vinery:block/wine/mead",
		"3": "vinery:block/bag_bottom",
		"4": "vinery:block/wine/solaris_wine",
		"particle": "vinery:block/wine/mead"
	},
	"elements": [
		{
			"from": [7, 11, 7],
			"to": [9, 15, 9],
			"rotation": {"angle": 0, "axis": "y", "origin": [8, 12, 8]},
			"faces": {
				"north": {"uv": [12, 1, 14, 5], "texture": "#2"},
				"east": {"uv": [14, 1, 12, 5], "texture": "#2"},
				"south": {"uv": [12, 1, 14, 5], "texture": "#2"},
				"west": {"uv": [14, 1, 12, 5], "texture": "#2"},
				"up": {"uv": [12, 0, 14, 2], "texture": "#2"},
				"down": {"uv": [8.5, 0, 8, 0.5], "texture": "#1"}
			}
		},
		{
			"from": [4.2, 0.2, 4.2],
			"to": [11.8, 10.8, 11.8],
			"rotation": {"angle": 0, "axis": "y", "origin": [8, 8.5, 8]},
			"faces": {
				"north": {"uv": [12, 5.5, 16, 11], "texture": "#4", "tintindex": 0},
				"east": {"uv": [12, 5.5, 16, 11], "texture": "#4", "tintindex": 0},
				"south": {"uv": [12, 5.5, 16, 11], "texture": "#4", "tintindex": 0},
				"west": {"uv": [12, 5.5, 16, 11], "texture": "#4", "tintindex": 0},
				"up": {"uv": [12, 0, 16, 4], "texture": "#4", "tintindex": 0},
				"down": {"uv": [12, 1.5, 16, 5.5], "texture": "#4", "tintindex": 0}
			}
		},
		{
			"from": [4, 0, 4],
			"to": [12, 11, 12],
			"rotation": {"angle": 0, "axis": "y", "origin": [8, 8.5, 8]},
			"faces": {
				"north": {"uv": [8, 5, 16, 16], "texture": "#2"},
				"east": {"uv": [8, 5, 16, 16], "texture": "#2"},
				"south": {"uv": [8, 5, 16, 16], "texture": "#2"},
				"west": {"uv": [8, 5, 16, 16], "texture": "#2"},
				"up": {"uv": [0, 8, 8, 16], "texture": "#2"},
				"down": {"uv": [0, 0, 8, 8], "texture": "#2"}
			}
		},
		{
			"from": [3.7, -0.3, 3.7],
			"to": [12.3, 6.3, 12.3],
			"rotation": {"angle": 0, "axis": "y", "origin": [8, 8.5, 8]},
			"faces": {
				"north": {"uv": [7, 10, 15, 16], "texture": "#1"},
				"east": {"uv": [7, 10, 15, 16], "texture": "#1"},
				"south": {"uv": [7, 10, 15, 16], "texture": "#1"},
				"west": {"uv": [7, 10, 15, 16], "texture": "#1"},
				"up": {"uv": [4, 4, 12, 12], "texture": "#3"},
				"down": {"uv": [4, 4, 12, 12], "texture": "#3"}
			}
		},
		{
			"from": [6, 12, 6],
			"to": [10, 14, 10],
			"rotation": {"angle": 0, "axis": "y", "origin": [8, 8.5, 8]},
			"faces": {
				"north": {"uv": [8, 3, 12, 5], "texture": "#2"},
				"east": {"uv": [8, 3, 12, 5], "texture": "#2"},
				"south": {"uv": [8, 3, 12, 5], "texture": "#2"},
				"west": {"uv": [8, 3, 12, 5], "texture": "#2"},
				"up": {"uv": [12, 5, 8, 1], "texture": "#2"},
				"down": {"uv": [12, 5, 8, 1], "texture": "#2"}
			}
		}
	],
	"gui_light": "front",
	"display": {
		"thirdperson_righthand": {
			"rotation": [29.92, -6.14, 7.91],
			"translation": [0, -2.25, 0.25],
			"scale": [0.6, 0.6, 0.6]
		},
		"thirdperson_lefthand": {
			"rotation": [29.92, -6.14, 7.91],
			"translation": [0, -2.25, 0.25],
			"scale": [0.6, 0.6, 0.6]
		},
		"firstperson_righthand": {
			"rotation": [-109.89, 57.39, 103.95],
			"translation": [0.75, 3.25, 1.5],
			"scale": [0.7, 0.7, 0.7]
		},
		"firstperson_lefthand": {
			"rotation": [-109.89, 57.39, 103.95],
			"translation": [0.75, 3.25, 1.5],
			"scale": [0.7, 0.7, 0.7]
		},
		"ground": {
			"rotation": [-8.53, -1.45, 19.3],
			"translation": [-2, 1, -1],
			"scale": [0.6, 0.6, 0.6]
		},
		"gui": {
			"rotation": [0, 113, 0],
			"translation": [-0.25, 4.5, 0]
		},
		"head": {
			"rotation": [0, 0, 90],
			"translation": [-9.75, 0, 0]
		},
		"fixed": {
			"rotation": [-90, 0, 0],
			"translation": [3.75, 3.75, -12]
		}
	},
	"groups": [
		{
			"name": "pot",
			"origin": [0, 0, 0],
			"color": 0,
			"children": [0, 1, 2, 3, 4]
		}
	]
}