{
	"format_version": "1.9.0",
	"credit": "Made by Satisfy",
	"textures": {
		"5": "vinery:block/wine/mellohi_wine",
		"particle": "vinery:block/wine/mellohi_wine"
	},
	"elements": [
		{
			"from": [7, 4, 7],
			"to": [9, 10, 9],
			"rotation": {"angle": 0, "axis": "y", "origin": [8, 8, 8]},
			"faces": {
				"north": {"uv": [3, 6, 5, 12], "texture": "#5"},
				"east": {"uv": [3, 6, 5, 12], "texture": "#5"},
				"south": {"uv": [3, 6, 5, 12], "texture": "#5"},
				"west": {"uv": [3, 6, 5, 12], "texture": "#5"},
				"up": {"uv": [2, 12, 0, 10], "texture": "#5"},
				"down": {"uv": [16, 8, 14, 6], "texture": "#5"}
			}
		},
		{
			"from": [5, 2, 5],
			"to": [11, 4, 11],
			"rotation": {"angle": 0, "axis": "y", "origin": [8, 4.5, 8]},
			"faces": {
				"north": {"uv": [1, 12, 7, 14], "texture": "#5"},
				"east": {"uv": [1, 12, 7, 14], "texture": "#5"},
				"south": {"uv": [1, 12, 7, 14], "texture": "#5"},
				"west": {"uv": [1, 12, 7, 14], "texture": "#5"},
				"up": {"uv": [6, 6, 0, 0], "texture": "#5"},
				"down": {"uv": [7, 3, 4, 6], "texture": "#5"}
			}
		},
		{
			"from": [11, 2, 5],
			"to": [5, 4, 11],
			"rotation": {"angle": 0, "axis": "y", "origin": [14, 4.5, 8]},
			"faces": {
				"north": {"uv": [1, 12, 7, 14], "texture": "#5"},
				"east": {"uv": [1, 12, 7, 14], "texture": "#5"},
				"south": {"uv": [1, 12, 7, 14], "texture": "#5"},
				"west": {"uv": [1, 12, 7, 14], "texture": "#5"},
				"up": {"uv": [6, 6, 0, 0], "texture": "#5"},
				"down": {"uv": [7, 3, 4, 6], "texture": "#5"}
			}
		},
		{
			"from": [4, 0.2, 4],
			"to": [12, 2.2, 12],
			"rotation": {"angle": 0, "axis": "y", "origin": [7.8, 4.5, 7.8]},
			"faces": {
				"north": {"uv": [0, 14, 8, 16], "texture": "#5", "tintindex": 0},
				"east": {"uv": [0, 14, 8, 16], "texture": "#5", "tintindex": 0},
				"south": {"uv": [0, 14, 8, 16], "texture": "#5", "tintindex": 0},
				"west": {"uv": [0, 14, 8, 16], "texture": "#5", "tintindex": 0},
				"up": {"uv": [16, 8, 8, 0], "texture": "#5", "tintindex": 0},
				"down": {"uv": [16, 16, 8, 8], "texture": "#5", "tintindex": 0}
			}
		},
		{
			"from": [6, 7, 6],
			"to": [10, 9, 10],
			"rotation": {"angle": 0, "axis": "y", "origin": [8, 3.5, 8]},
			"faces": {
				"north": {"uv": [2, 7, 6, 9], "texture": "#5"},
				"east": {"uv": [2, 7, 6, 9], "texture": "#5"},
				"south": {"uv": [2, 7, 6, 9], "texture": "#5"},
				"west": {"uv": [2, 7, 6, 9], "texture": "#5"},
				"up": {"uv": [8, 12, 4, 8], "texture": "#5"},
				"down": {"uv": [8, 12, 4, 8], "texture": "#5"}
			}
		}
	],
	"gui_light": "front",
	"display": {
		"thirdperson_righthand": {
			"rotation": [20.89, -6.95, 6.5],
			"translation": [-0.25, 0.5, 1.5],
			"scale": [0.7, 0.7, 0.7]
		},
		"thirdperson_lefthand": {
			"rotation": [20.89, -6.95, 6.5],
			"translation": [-0.25, 0.5, 1.5],
			"scale": [0.7, 0.7, 0.7]
		},
		"firstperson_righthand": {
			"rotation": [-111.17, 64.62, 106.67],
			"translation": [0.5, 4, 1.25],
			"scale": [0.7, 0.7, 0.7]
		},
		"firstperson_lefthand": {
			"rotation": [-108.14, 64.98, 99.88],
			"translation": [0.5, 4, 1.5],
			"scale": [0.7, 0.7, 0.7]
		},
		"ground": {
			"rotation": [-8.53, -1.45, 19.3],
			"translation": [-2, 2, -1],
			"scale": [0.6, 0.6, 0.6]
		},
		"gui": {
			"rotation": [-180, 45, -180],
			"translation": [-0.25, 4.5, 0]
		},
		"head": {
			"rotation": [0, 0, 90],
			"translation": [-9.75, 0, 0]
		},
		"fixed": {
			"rotation": [-90, -41, 0],
			"translation": [3.75, 3.75, -12]
		}
	},
	"groups": [
		{
			"name": "mellohi",
			"origin": [0, 0, 0],
			"color": 0,
			"children": [0, 1, 2, 3, 4]
		}
	]
}