{
	"format_version": "1.21.6",
	"credit": "Made by satisfy",
	"textures": {
		"0": "vinery:block/wine/solaris_wine",
		"particle": "vinery:block/wine/solaris_wine"
	},
	"elements": [
		{
			"from": [7, 10, 7],
			"to": [9, 14, 9],
			"rotation": {"angle": 0, "axis": "y", "origin": [8, 11, 8]},
			"faces": {
				"north": {"uv": [0, 0, 2, 4], "texture": "#0"},
				"east": {"uv": [0, 0, 2, 4], "texture": "#0"},
				"south": {"uv": [0, 0, 2, 4], "texture": "#0"},
				"west": {"uv": [0, 0, 2, 4], "texture": "#0"},
				"up": {"uv": [4, 2, 2, 0], "rotation": 90, "texture": "#0"}
			}
		},
		{
			"from": [6, 0, 6],
			"to": [10, 10, 10],
			"rotation": {"angle": 0, "axis": "y", "origin": [8, 8.5, 8]},
			"faces": {
				"north": {"uv": [8, 6, 12, 16], "texture": "#0"},
				"east": {"uv": [12, 6, 16, 16], "texture": "#0"},
				"south": {"uv": [12, 6, 16, 16], "texture": "#0"},
				"west": {"uv": [12, 6, 16, 16], "texture": "#0"},
				"up": {"uv": [4, 12, 8, 16], "rotation": 90, "texture": "#0"},
				"down": {"uv": [8, 2, 12, 6], "rotation": 90, "texture": "#0"}
			}
		},
		{
			"from": [6, 11, 6],
			"to": [10, 13, 10],
			"rotation": {"angle": 0, "axis": "y", "origin": [8, 7.5, 8]},
			"faces": {
				"north": {"uv": [12, 0, 16, 2], "texture": "#0"},
				"east": {"uv": [12, 0, 16, 2], "texture": "#0"},
				"south": {"uv": [12, 0, 16, 2], "texture": "#0"},
				"west": {"uv": [12, 0, 16, 2], "texture": "#0"},
				"up": {"uv": [12, 2, 16, 6], "rotation": 90, "texture": "#0"},
				"down": {"uv": [8, 2, 12, 6], "texture": "#0"}
			}
		}
	],
	"display": {
		"thirdperson_righthand": {
			"rotation": [21.61, -6.47, 6.23],
			"translation": [0, -0.75, 0.25],
			"scale": [0.7, 0.7, 0.7]
		},
		"thirdperson_lefthand": {
			"rotation": [21.61, -6.47, 6.23],
			"translation": [0, -0.75, 0.25],
			"scale": [0.7, 0.7, 0.7]
		},
		"firstperson_righthand": {
			"rotation": [-7.4, 7.18, 26.05],
			"translation": [1.25, 2.25, 1.5],
			"scale": [0.7, 0.7, 0.7]
		},
		"firstperson_lefthand": {
			"rotation": [-9, 4.04, 26.22],
			"translation": [1.25, 2.25, 1.75],
			"scale": [0.7, 0.7, 0.7]
		},
		"ground": {
			"translation": [0, 4.5, 0]
		},
		"head": {
			"translation": [0, 14, 0]
		}
	}
}