{
	"format_version": "1.21.6",
	"credit": "Made by Satisfy",
	"texture_size": [64, 64],
	"textures": {
		"6": "vinery:block/wine_bottle_hand"
	},
	"elements": [
		{
			"from": [7, 11, 7],
			"to": [9, 15, 9],
			"rotation": {"angle": 0, "axis": "y", "origin": [8, 12, 8]},
			"faces": {
				"north": {"uv": [0, 1, 2, 5], "texture": "#6"},
				"east": {"uv": [0, 1, 2, 5], "texture": "#6"},
				"south": {"uv": [0, 1, 2, 5], "texture": "#6"},
				"west": {"uv": [0, 1, 2, 5], "texture": "#6"},
				"up": {"uv": [3, 0, 5, 2], "texture": "#6"}
			}
		},
		{
			"from": [6, 0, 6],
			"to": [10, 11, 10],
			"rotation": {"angle": 0, "axis": "y", "origin": [8, 8.5, 8]},
			"faces": {
				"north": {"uv": [12, 6, 16, 16], "texture": "#6"},
				"east": {"uv": [12, 6, 16, 16], "texture": "#6"},
				"south": {"uv": [12, 6, 16, 16], "texture": "#6"},
				"west": {"uv": [12, 6, 16, 16], "texture": "#6"},
				"up": {"uv": [12, 2, 16, 6], "texture": "#6"},
				"down": {"uv": [8, 2, 12, 6], "texture": "#6"}
			}
		}
	],
	"gui_light": "front",
	"display": {
		"thirdperson_righthand": {
			"rotation": [21.61, -6.47, 6.23],
			"translation": [0, -0.75, 0.25],
			"scale": [0.7, 0.7, 0.7]
		},
		"thirdperson_lefthand": {
			"rotation": [21.61, -6.47, 6.23],
			"translation": [0, -0.75, 0.25],
			"scale": [0.7, 0.7, 0.7]
		},
		"firstperson_righthand": {
			"rotation": [-4.94, 5.92, 25.89],
			"translation": [0.75, 2.75, 1.25],
			"scale": [0.7, 0.7, 0.7]
		},
		"firstperson_lefthand": {
			"rotation": [-8.97, 7.96, 26.17],
			"translation": [0.5, 3, 1.5],
			"scale": [0.7, 0.7, 0.7]
		},
		"ground": {
			"rotation": [-8.53, -1.45, 19.3],
			"translation": [-2, 1, -1],
			"scale": [0.6, 0.6, 0.6]
		},
		"gui": {
			"rotation": [0, 113, 0],
			"translation": [-0.25, 4.5, 0]
		},
		"head": {
			"rotation": [0, 0, 90],
			"translation": [-9.75, 0, 0]
		},
		"fixed": {
			"rotation": [-90, -90, 0],
			"translation": [10, 10, -12]
		}
	},
	"groups": [
		{
			"name": "bolvar_wine",
			"origin": [0, 0, 0],
			"color": 0,
			"children": [0, 1]
		}
	]
}