{
	"format_version": "1.12.0",
	"minecraft:geometry": [
		{
			"description": {
				"identifier": "geometry.ghost",
				"texture_width": 64,
				"texture_height": 64,
				"visible_bounds_width": 3,
				"visible_bounds_height": 3.5,
				"visible_bounds_offset": [0, 1.25, 0]
			},
			"bones": [
				{
					"name": "ghost",
					"pivot": [0, 0, -0.01]
				},
				{
					"name": "body",
					"parent": "ghost",
					"pivot": [3, 20, -5.01]
				},
				{
					"name": "torso",
					"parent": "body",
					"pivot": [3, 20, -5.01],
					"cubes": [
						{"origin": [-5, 15, -5], "size": [10, 10, 10], "uv": [0, 0]}
					]
				},
				{
					"name": "tail",
					"parent": "torso",
					"pivot": [0, 14, -0.5],
					"cubes": [
						{"origin": [-4, 13, -3.7], "size": [8, 3, 8], "uv": [0, 20]}
					]
				},
				{
					"name": "tail2",
					"parent": "tail",
					"pivot": [0, 14, -0.5],
					"cubes": [
						{"origin": [-3, 11, -2.5], "size": [6, 3, 6], "uv": [33, 23]}
					]
				},
				{
					"name": "tail3",
					"parent": "tail2",
					"pivot": [0.4, 12, -1],
					"cubes": [
						{"origin": [-2.5, 9, -2], "size": [5, 3, 5], "uv": [35, 33]}
					]
				},
				{
					"name": "tail4",
					"parent": "tail3",
					"pivot": [-0.1, 10, -0.5],
					"cubes": [
						{"origin": [-2, 7, -1.5], "size": [4, 3, 4], "uv": [0, 42]}
					]
				},
				{
					"name": "tail5",
					"parent": "tail4",
					"pivot": [-0.1, 8, -0.5],
					"cubes": [
						{"origin": [-1, 5, -0.5], "size": [2, 3, 2], "uv": [0, 20]}
					]
				},
				{
					"name": "left_eye",
					"parent": "torso",
					"pivot": [2, 21, -5.01],
					"cubes": [
						{"origin": [1, 20, -5.01], "size": [3, 3, 0], "uv": [30, 42]}
					]
				},
				{
					"name": "right_eye",
					"parent": "torso",
					"pivot": [-2, 21, -5.01],
					"cubes": [
						{"origin": [-4, 20, -5.01], "size": [3, 3, 0], "uv": [0, 25]}
					]
				},
				{
					"name": "mouth",
					"parent": "torso",
					"pivot": [0, 17.5, -5.01],
					"cubes": [
						{"origin": [-3.5, 17.3, -5.01], "size": [7, 2, 0], "uv": [30, 7]}
					]
				},
				{
					"name": "left_hand",
					"parent": "torso",
					"pivot": [7, 16, 0.99],
					"cubes": [
						{"origin": [7, 15, -2.01], "size": [4, 2, 5], "inflate": 0.01, "uv": [30, 0]}
					]
				},
				{
					"name": "left_thumb",
					"parent": "left_hand",
					"pivot": [10, 16, -2.01],
					"cubes": [
						{"origin": [8, 15, -5.01], "size": [2, 2, 3], "uv": [0, 5]}
					]
				},
				{
					"name": "left_hand2",
					"parent": "left_hand",
					"pivot": [10.5, 16.5, 0.49],
					"cubes": [
						{"origin": [11, 16, -2.01], "size": [3, 1, 5], "uv": [18, 41]}
					]
				},
				{
					"name": "right_hand",
					"parent": "torso",
					"pivot": [-7, 16, 0.99],
					"cubes": [
						{"origin": [-11, 15, -2.01], "size": [4, 2, 5], "inflate": 0.01, "uv": [30, 0], "mirror": true}
					]
				},
				{
					"name": "right_thumb",
					"parent": "right_hand",
					"pivot": [-10, 16, -2.01],
					"cubes": [
						{"origin": [-10, 15, -5.01], "size": [2, 2, 3], "uv": [0, 5], "mirror": true}
					]
				},
				{
					"name": "right_hand2",
					"parent": "right_hand",
					"pivot": [-10.5, 16.5, 0.49],
					"cubes": [
						{"origin": [-14, 16, -2.01], "size": [3, 1, 5], "uv": [18, 41], "mirror": true}
					]
				}
			]
		}
	]
}