{
	"format_version": "1.12.0",
	"minecraft:geometry": [
		{
			"description": {
				"identifier": "geometry.unknown",
				"texture_width": 128,
				"texture_height": 128,
				"visible_bounds_width": 3,
				"visible_bounds_height": 4.5,
				"visible_bounds_offset": [0, 1.75, 0]
			},
			"bones": [
				{
					"name": "missingno",
					"pivot": [0, 0, 0]
				},
				{
					"name": "body1",
					"parent": "missingno",
					"pivot": [0, 0, 0],
					"cubes": [
						{"origin": [-12, 0, -0.5], "size": [24, 8, 1], "uv": [0, 27]}
					]
				},
				{
					"name": "body2",
					"parent": "missingno",
					"pivot": [0, 0, 0],
					"cubes": [
						{"origin": [-12, 8, -0.5], "size": [24, 8, 1], "uv": [0, 18]}
					]
				},
				{
					"name": "body3",
					"parent": "missingno",
					"pivot": [0, 0, 0],
					"cubes": [
						{"origin": [-12, 16, -0.5], "size": [24, 8, 1], "uv": [0, 9]}
					]
				},
				{
					"name": "body4",
					"parent": "missingno",
					"pivot": [0, 0, 0],
					"cubes": [
						{"origin": [-12, 24, -0.5], "size": [24, 8, 1], "uv": [0, 0]}
					]
				},
				{
					"name": "body5",
					"parent": "missingno",
					"pivot": [0, 0, 0],
					"cubes": [
						{"origin": [-4, 32, -0.5], "size": [16, 8, 1], "uv": [0, 45]}
					]
				},
				{
					"name": "body6",
					"parent": "missingno",
					"pivot": [0, 0, 0],
					"cubes": [
						{"origin": [-4, 40, -0.5], "size": [16, 8, 1], "uv": [34, 36]}
					]
				},
				{
					"name": "body7",
					"parent": "missingno",
					"pivot": [0, 0, 0],
					"cubes": [
						{"origin": [-4, 48, -0.5], "size": [16, 8, 1], "uv": [0, 36]}
					]
				}
			]
		}
	]
}