{
	"entity": "minecraft:enderman",
	"weight": 80,
	"size": {
		"width": 0.6,
		"height": 2.9
	},
	"valid_gear_sets": [
		"#the_end"
	],
	"dimensions": [
		"minecraft:the_end"
	],
	"min_rarity": "rare",
	"max_rarity": "mythic",
	"stats": {
		"rare": {
			"enchant_chance": 0.50,
			"enchantment_levels": [13, 11, 24, 18],
			"effects": [{
				"effect": "minecraft:fire_resistance",
				"chance": 0.6
			}],
			"attribute_modifiers": [{
					"attribute": "minecraft:generic.max_health",
					"operation": "ADDITION",
					"value": {
						"min": 20,
						"steps": 30,
						"step": 1
					}
				},
				{
					"attribute": "minecraft:generic.movement_speed",
					"operation": "MULTIPLY_BASE",
					"value": {
						"min": 0.04,
						"steps": 20,
						"step": 0.002
					}
				},
				{
					"attribute": "minecraft:generic.attack_damage",
					"operation": "MULTIPLY_BASE",
					"value": {
						"min": 0.012,
						"steps": 30,
						"step": 0.002
					}
				},
				{
					"attribute": "minecraft:generic.knockback_resistance",
					"operation": "ADDITION",
					"value": 0.1
				},
				{
					"attribute": "minecraft:generic.armor",
					"operation": "ADDITION",
					"value": 2
				},
				{
					"attribute": "minecraft:generic.armor_toughness",
					"operation": "ADDITION",
					"value": 1
				},
				{
					"attribute": "forge:step_height_addition",
					"operation": "ADDITION",
					"value": 1
				}
			]
		},
		"epic": {
			"enchant_chance": 0.60,
			"enchantment_levels": [15, 12, 25, 20],
			"effects": [{
				"effect": "minecraft:fire_resistance",
				"chance": 0.6
			}],
			"attribute_modifiers": [{
					"attribute": "minecraft:generic.max_health",
					"operation": "ADDITION",
					"value": {
						"min": 20,
						"steps": 40,
						"step": 1
					}
				},
				{
					"attribute": "minecraft:generic.movement_speed",
					"operation": "MULTIPLY_BASE",
					"value": {
						"min": 0.04,
						"steps": 25,
						"step": 0.002
					}
				},
				{
					"attribute": "minecraft:generic.attack_damage",
					"operation": "MULTIPLY_BASE",
					"value": {
						"min": 0.012,
						"steps": 35,
						"step": 0.002
					}
				},
				{
					"attribute": "minecraft:generic.knockback_resistance",
					"operation": "ADDITION",
					"value": 0.16
				},
				{
					"attribute": "minecraft:generic.armor",
					"operation": "ADDITION",
					"value": 2
				},
				{
					"attribute": "minecraft:generic.armor_toughness",
					"operation": "ADDITION",
					"value": 1
				},
				{
					"attribute": "forge:step_height_addition",
					"operation": "ADDITION",
					"value": 2
				}
			]
		},
		"mythic": {
			"enchant_chance": 0.85,
			"enchantment_levels": [16, 13, 30, 25],
			"effects": [{
				"effect": "minecraft:fire_resistance",
				"chance": 0.8
			}],
			"attribute_modifiers": [{
					"attribute": "minecraft:generic.max_health",
					"operation": "ADDITION",
					"value": {
						"min": 28,
						"steps": 40,
						"step": 1
					}
				},
				{
					"attribute": "minecraft:generic.movement_speed",
					"operation": "MULTIPLY_BASE",
					"value": {
						"min": 0.06,
						"steps": 35,
						"step": 0.002
					}
				},
				{
					"attribute": "minecraft:generic.attack_damage",
					"operation": "MULTIPLY_BASE",
					"value": {
						"min": 0.14,
						"steps": 35,
						"step": 0.002
					}
				},
				{
					"attribute": "minecraft:generic.knockback_resistance",
					"operation": "ADDITION",
					"value": 0.21
				},
				{
					"attribute": "minecraft:generic.armor",
					"operation": "ADDITION",
					"value": 3
				},
				{
					"attribute": "minecraft:generic.armor_toughness",
					"operation": "ADDITION",
					"value": 2
				},
				{
					"attribute": "forge:step_height_addition",
					"operation": "ADDITION",
					"value": 3
				}
			]
		}
	}
}