{
	"entity": "minecraft:evoker",
	"weight": 20,
	"quality": 3,
	"size": {
		"width": 0.6,
		"height": 1.95
	},
	"valid_gear_sets": [
		"#the_end"
	],
	"dimensions": [
		"minecraft:the_end"
	],
	"min_rarity": "rare",
	"max_rarity": "mythic",
	"stats": {
		"rare": {
			"enchant_chance": 1,
			"enchantment_levels": [13, 10, 35, 34],
			"effects": [{
				"effect": "minecraft:fire_resistance",
				"chance": 0.5
			}],
			"attribute_modifiers": [{
					"attribute": "minecraft:generic.max_health",
					"operation": "ADDITION",
					"value": {
						"min": 26,
						"steps": 40,
						"step": 1
					}
				},
				{
					"attribute": "minecraft:generic.movement_speed",
					"operation": "MULTIPLY_BASE",
					"value": {
						"min": 0.062,
						"steps": 35,
						"step": 0.002
					}
				},
				{
					"attribute": "minecraft:generic.attack_damage",
					"operation": "MULTIPLY_BASE",
					"value": {
						"min": 0.2,
						"steps": 40,
						"step": 0.002
					}
				},
				{
					"attribute": "attributeslib:crit_chance",
					"operation": "ADDITION",
					"value": {
						"min": 0.03,
						"steps": 40,
						"step": 0.005
					}
				},
				{
					"attribute": "attributeslib:crit_damage",
					"operation": "ADDITION",
					"value": {
						"min": 0.03,
						"steps": 40,
						"step": 0.005
					}
				},
				{
					"attribute": "minecraft:generic.knockback_resistance",
					"operation": "ADDITION",
					"value": 0.13
				},
				{
					"attribute": "minecraft:generic.armor",
					"operation": "ADDITION",
					"value": 3
				},
				{
					"attribute": "minecraft:generic.armor_toughness",
					"operation": "ADDITION",
					"value": 1
				}
			]
		},
		"epic": {
			"enchant_chance": 1,
			"enchantment_levels": [15, 12, 40, 39],
			"effects": [{
				"effect": "minecraft:fire_resistance",
				"chance": 0.5
			}],
			"attribute_modifiers": [{
					"attribute": "minecraft:generic.max_health",
					"operation": "ADDITION",
					"value": {
						"min": 30,
						"steps": 40,
						"step": 1
					}
				},
				{
					"attribute": "minecraft:generic.movement_speed",
					"operation": "MULTIPLY_BASE",
					"value": {
						"min": 0.066,
						"steps": 35,
						"step": 0.002
					}
				},
				{
					"attribute": "minecraft:generic.attack_damage",
					"operation": "MULTIPLY_BASE",
					"value": {
						"min": 0.23,
						"steps": 40,
						"step": 0.002
					}
				},
				{
					"attribute": "attributeslib:crit_chance",
					"operation": "ADDITION",
					"value": {
						"min": 0.03,
						"steps": 40,
						"step": 0.005
					}
				},
				{
					"attribute": "attributeslib:crit_damage",
					"operation": "ADDITION",
					"value": {
						"min": 0.03,
						"steps": 40,
						"step": 0.005
					}
				},
				{
					"attribute": "minecraft:generic.knockback_resistance",
					"operation": "ADDITION",
					"value": 0.16
				},
				{
					"attribute": "minecraft:generic.armor",
					"operation": "ADDITION",
					"value": 4
				},
				{
					"attribute": "minecraft:generic.armor_toughness",
					"operation": "ADDITION",
					"value": 2
				}
			]
		},
		"mythic": {
			"enchant_chance": 1,
			"enchantment_levels": [18, 15, 50, 43],
			"effects": [{
				"effect": "minecraft:fire_resistance",
				"chance": 0.75
			}],
			"attribute_modifiers": [{
					"attribute": "minecraft:generic.max_health",
					"operation": "ADDITION",
					"value": {
						"min": 32,
						"steps": 40,
						"step": 1
					}
				},
				{
					"attribute": "minecraft:generic.movement_speed",
					"operation": "MULTIPLY_BASE",
					"value": {
						"min": 0.07,
						"steps": 35,
						"step": 0.002
					}
				},
				{
					"attribute": "minecraft:generic.attack_damage",
					"operation": "MULTIPLY_BASE",
					"value": {
						"min": 0.24,
						"steps": 40,
						"step": 0.002
					}
				},
				{
					"attribute": "attributeslib:crit_chance",
					"operation": "ADDITION",
					"value": {
						"min": 0.03,
						"steps": 40,
						"step": 0.005
					}
				},
				{
					"attribute": "attributeslib:crit_damage",
					"operation": "ADDITION",
					"value": {
						"min": 0.03,
						"steps": 40,
						"step": 0.005
					}
				},
				{
					"attribute": "minecraft:generic.knockback_resistance",
					"operation": "ADDITION",
					"value": 0.19
				},
				{
					"attribute": "minecraft:generic.armor",
					"operation": "ADDITION",
					"value": 5
				},
				{
					"attribute": "minecraft:generic.armor_toughness",
					"operation": "ADDITION",
					"value": 3
				}
			]
		}
	}
}