{
	"entity": "minecraft:shulker",
	"weight": 40,
	"quality": 0,
	"size": {
		"width": 1,
		"height": 1
	},
	"valid_gear_sets": [
		"#the_end"
	],
	"dimensions": [
		"minecraft:the_end"
	],
	"min_rarity": "rare",
	"max_rarity": "mythic",
	"stats": {
		"rare": {
			"enchant_chance": 0.85,
			"enchantment_levels": [15, 13, 20, 20],
			"effects": [{
				"effect": "minecraft:fire_resistance",
				"chance": 0.4
			}],
			"attribute_modifiers": [{
					"attribute": "minecraft:generic.max_health",
					"operation": "ADDITION",
					"value": {
						"min": 25,
						"steps": 20,
						"step": 1
					}
				},
				{
					"attribute": "minecraft:generic.movement_speed",
					"operation": "MULTIPLY_BASE",
					"value": {
						"min": 0.01,
						"steps": 35,
						"step": 0.01
					}
				},
				{
					"attribute": "attributeslib:crit_chance",
					"operation": "ADDITION",
					"value": {
						"min": 0.03,
						"steps": 40,
						"step": 0.005
					}
				},
				{
					"attribute": "attributeslib:crit_damage",
					"operation": "ADDITION",
					"value": {
						"min": 0.03,
						"steps": 40,
						"step": 0.005
					}
				},
				{
					"attribute": "minecraft:generic.armor",
					"operation": "ADDITION",
					"value": 3
				},
				{
					"attribute": "minecraft:generic.armor_toughness",
					"operation": "ADDITION",
					"value": 1
				}
			]
		},
		"epic": {
			"enchant_chance": 0.85,
			"enchantment_levels": [16, 13, 30, 25],
			"effects": [{
				"effect": "minecraft:fire_resistance",
				"chance": 0.4
			}],
			"attribute_modifiers": [{
					"attribute": "minecraft:generic.max_health",
					"operation": "ADDITION",
					"value": {
						"min": 30,
						"steps": 20,
						"step": 1
					}
				},
				{
					"attribute": "minecraft:generic.movement_speed",
					"operation": "MULTIPLY_BASE",
					"value": {
						"min": 0.01,
						"steps": 35,
						"step": 0.01
					}
				},
				{
					"attribute": "attributeslib:crit_chance",
					"operation": "ADDITION",
					"value": {
						"min": 0.04,
						"steps": 40,
						"step": 0.005
					}
				},
				{
					"attribute": "attributeslib:crit_damage",
					"operation": "ADDITION",
					"value": {
						"min": 0.04,
						"steps": 40,
						"step": 0.005
					}
				},
				{
					"attribute": "minecraft:generic.armor",
					"operation": "ADDITION",
					"value": 4
				},
				{
					"attribute": "minecraft:generic.armor_toughness",
					"operation": "ADDITION",
					"value": 2
				}
			]
		},
		"mythic": {
			"enchant_chance": 0.85,
			"enchantment_levels": [16, 13, 30, 25],
			"effects": [{
				"effect": "minecraft:fire_resistance",
				"chance": 0.6
			}],
			"attribute_modifiers": [{
					"attribute": "minecraft:generic.max_health",
					"operation": "ADDITION",
					"value": {
						"min": 32,
						"steps": 20,
						"step": 1
					}
				},
				{
					"attribute": "minecraft:generic.movement_speed",
					"operation": "MULTIPLY_BASE",
					"value": {
						"min": 0.1,
						"steps": 35,
						"step": 0.01
					}
				},
				{
					"attribute": "attributeslib:crit_chance",
					"operation": "ADDITION",
					"value": {
						"min": 0.05,
						"steps": 40,
						"step": 0.01
					}
				},
				{
					"attribute": "attributeslib:crit_damage",
					"operation": "ADDITION",
					"value": {
						"min": 0.05,
						"steps": 40,
						"step": 0.01
					}
				},
				{
					"attribute": "minecraft:generic.armor",
					"operation": "ADDITION",
					"value": 5
				},
				{
					"attribute": "minecraft:generic.armor_toughness",
					"operation": "ADDITION",
					"value": 3
				}
			]
		}
	}
}