{
	"type": "apotheosis:cleaving",
	"values": {
		"rare": {
			"chance": {
				"min": 0.3,
				"steps": 4,
				"step": 0.05
			},
			"targets": {
				"min": 1,
				"steps": 3,
				"step": 1
			}
		},
		"epic": {
			"chance": {
				"min": 0.35,
				"steps": 4,
				"step": 0.05
			},
			"targets": {
				"min": 2,
				"steps": 3,
				"step": 1
			}
		},
		"mythic": {
			"chance": {
				"min": 0.45,
				"steps": 4,
				"step": 0.05
			},
			"targets": {
				"min": 3,
				"steps": 3,
				"step": 1
			}
		},
		"ancient": {
			"chance": {
				"min": 0.6,
				"steps": 4,
				"step": 0.05
			},
			"targets": {
				"min": 3,
				"steps": 5,
				"step": 1
			}
		}
	}
}