{
  "credit": "Made with Blockbench",
  "elements": [
    {
      "from": [
        0,
        0,
        8
      ],
      "to": [
        16,
        16,
        8
      ],
      "faces": {
        "north": {
          "uv": [
            0,
            0,
            16,
            16
          ],
          "texture": "#0"
        },
        "east": {
          "uv": [
            0,
            0,
            0,
            16
          ],
          "texture": "#0"
        },
        "south": {
          "uv": [
            0,
            0,
            16,
            16
          ],
          "texture": "#0"
        },
        "west": {
          "uv": [
            0,
            0,
            0,
            16
          ],
          "texture": "#0"
        },
        "up": {
          "uv": [
            0,
            0,
            16,
            0
          ],
          "texture": "#0"
        },
        "down": {
          "uv": [
            0,
            0,
            16,
            0
          ],
          "texture": "#0"
        }
      }
    }
  ],
  "display": {
    "thirdperson_righthand": {
      "rotation": [
        20,
        94,
        17
      ],
      "translation": [
        0.25,
        1.25,
        -1
      ],
      "scale": [
        0.47,
        0.46,
        1.11
      ]
    },
    "thirdperson_lefthand": {
      "rotation": [
        20,
        94,
        0
      ],
      "translation": [
        -0.25,
        1.25,
        -1
      ],
      "scale": [
        0.47,
        0.46,
        1.11
      ]
    },
    "firstperson_righthand": {
      "translation": [
        0,
        -0.75,
        0
      ]
    },
    "ground": {
      "translation": [
        0,
        0,
        -0.25
      ],
      "scale": [
        0.47,
        0.46,
        1.11
      ]
    },
    "head": {
      "translation": [
        0,
        0,
        -6.5
      ]
    }
  }
}