{
  "battle.pvn.default":{
     "sounds":[
        
     ]
  },
  "battle.pvp.default":{
     "sounds":[
         {
           "name":"cobblemon:battle/gsc/trainer_johto",
           "volume":0.5
        },
        {
           "name":"cobblemon:battle/gsc/trainer_kanto",
           "volume":0.5
        },
        {
           "name":"cobblemon:battle/rby/trainer",
           "volume":0.5
        }
     ]
  },
  "battle.pvw.default":{
     "sounds":[
        {
           "name":"cobblemon:battle/gsc/wild_johto_day",
           "volume":0.5
        },
        {
           "name":"cobblemon:battle/gsc/wild_johto_night",
           "volume":0.5
        },
        {
           "name":"cobblemon:battle/gsc/wild_kanto",
           "volume":0.5
        },
        {
           "name":"cobblemon:battle/rby/wild",
           "volume":0.5
        }
     ]
  }
}