{
  "variants": {
    "oxidization=0": {
      "model": "create:block/oxidized/copper_ore_0"
    },
    "oxidization=1": {
      "model": "create:block/oxidized/copper_ore_1"
    },
    "oxidization=2": {
      "model": "create:block/oxidized/copper_ore_2"
    },
    "oxidization=3": {
      "model": "create:block/oxidized/copper_ore_3"
    },
    "oxidization=4": {
      "model": "create:block/oxidized/copper_ore_4"
    },
    "oxidization=5": {
      "model": "create:block/oxidized/copper_ore_5"
    },
    "oxidization=6": {
      "model": "create:block/oxidized/copper_ore_6"
    },
    "oxidization=7": {
      "model": "create:block/oxidized/copper_ore_7"
    }
  }
}