{
  "implemented": true,
    "name": "Rabsca",
    "nationalPokedexNumber": 954,
    "primaryType": "bug",
    "secondaryType": "psychic",
    "abilities": [
      "synchronize",
      "h:telepathy"
    ],
    "baseStats": {
      "hp": 75,
      "attack": 50,
      "defence": 85,
      "special_attack": 115,
      "special_defence": 100,
      "speed": 45
    },
    "catchRate": 45,
    "maleRatio": 0.5,
    "baseExperienceYield": 165,
    "baseFriendship": 50,
    "evYield": {
      "hp": 0,
      "attack": 0,
      "defence": 0,
      "special_attack": 2,
      "special_defence": 0,
      "speed": 0
    },
    "experienceGroup": "fast",
    "eggCycles": 20,
    "eggGroups": [
      "bug"
    ],
    "moves": [
      "1:confusion",
      "1:defensecurl",
      "1:psychup",
      "1:safeguard",
      "1:tackle",
      "1:revivalblessing",
      "4:sandattack",
      "7:strugglebug",
      "11:rollout",
      "15:psybeam",
      "20:bugbite",
      "24:takedown",
      "29:extrasensory",
      "35:lunge",
      "40:guardswap",
      "40:powerswap",
      "40:speedswap",
      "45:bugbuzz",
      "50:psychic",
      "tm:bugbite",
      "tm:bugbuzz",
      "tm:calmmind",
      "tm:confuseray",
      "tm:dazzlinggleam",
      "tm:dig",
      "tm:earthpower",
      "tm:electroball",
      "tm:endure",
      "tm:energyball",
      "tm:expandingforce",
      "tm:facade",
      "tm:fling",
      "tm:futuresight",
      "tm:gigaimpact",
      "tm:gravity",
      "tm:gunkshot",
      "tm:hyperbeam",
      "tm:imprison",
      "tm:irondefense",
      "tm:leechlife",
      "tm:lightscreen",
      "tm:lunge",
      "tm:mudshot",
      "tm:mudslap",
      "tm:poltergeist",
      "tm:pounce",
      "tm:powergem",
      "tm:protect",
      "tm:psybeam",
      "tm:psychic",
      "tm:psychicnoise",
      "tm:psychicterrain",
      "tm:psychup",
      "tm:psyshock",
      "tm:raindance",
      "tm:reflect",
      "tm:rest",
      "tm:rocktomb",
      "tm:sandstorm",
      "tm:shadowball",
      "tm:skillswap",
      "tm:skittersmack",
      "tm:sleeptalk",
      "tm:sludgebomb",
      "tm:storedpower",
      "tm:strugglebug",
      "tm:substitute",
      "tm:sunnyday",
      "tm:takedown",
      "tm:terablast",
      "tm:thief",
      "tm:trick",
      "tm:trickroom",
      "tm:weatherball",
      "tm:xscissor",
      "tm:zenheadbutt"
    ],
    "labels": [
      "gen9"
    ],
    "aspects": [],
    "height": 3,
    "weight": 35,
    "preEvolution": "rellor",
    "evolutions": [],
    "cannotDynamax": false,
    "pokedex": [
      "cobblemon.species.rabsca.desc"
    ],
    "drops": {
      "amount": 1,
      "entries": [
        {
          "item": "minecraft:ender_pearl"
        }
      ]
    }
  }
  