{
  "implemented": true,
  "name": "Rellor",
  "nationalPokedexNumber": 953,
  "primaryType": "bug",
  "abilities": [
    "compoundeyes",
    "h:shedskin"
  ],
  "baseStats": {
    "hp": 41,
    "attack": 50,
    "defence": 60,
    "special_attack": 31,
    "special_defence": 58,
    "speed": 30
  },
  "catchRate": 190,
  "maleRatio": 0.5,
  "baseExperienceYield": 54,
  "baseFriendship": 50,
  "evYield": {
    "hp": 0,
    "attack": 0,
    "defence": 1,
    "special_attack": 0,
    "special_defence": 0,
    "speed": 0
  },
  "experienceGroup": "fast",
  "eggCycles": 20,
  "eggGroups": [
    "bug"
  ],
  "moves": [
    "1:defensecurl",
    "1:tackle",
    "4:sandattack",
    "7:strugglebug",
    "11:rollout",
    "15:mudshot",
    "20:bugbite",
    "24:takedown",
    "29:dig",
    "35:lunge",
    "egg:cosmicpower",
    "egg:memento",
    "egg:recover",
    "egg:weatherball",
    "tm:bugbite",
    "tm:bugbuzz",
    "tm:dig",
    "tm:endure",
    "tm:facade",
    "tm:fling",
    "tm:gunkshot",
    "tm:irondefense",
    "tm:leechlife",
    "tm:lunge",
    "tm:mudshot",
    "tm:mudslap",
    "tm:pounce",
    "tm:protect",
    "tm:rest",
    "tm:rocktomb",
    "tm:skittersmack",
    "tm:sleeptalk",
    "tm:sludgebomb",
    "tm:strugglebug",
    "tm:substitute",
    "tm:takedown",
    "tm:terablast",
    "tm:thief",
    "tm:weatherball",
    "tm:xscissor"
  ],
  "labels": [
    "gen9"
  ],
  "aspects": [],
  "height": 2,
  "weight": 10,
  "evolutions": [
    {
      "id": "rellor_rabsca",
      "variant": "level_up",
      "result": "rabsca",
      "consumeHeldItem": false,
      "learnableMoves": [
        "revivalblessing"
      ],
      "requirements": [
        {
          "variant": "blocks_traveled",
          "amount": 1000
        }
      ]
    }
  ],
  "cannotDynamax": false,
  "pokedex": [
    "cobblemon.species.rellor.desc"
  ],
  "drops": {
    "amount": 1,
    "entries": [
      {
        "item": "minecraft:mud"
      }
    ]
  }
}
