{
  "type": "minecraft:block",
  "pools": [
    {
      "rolls": 1.0,
      "entries": [
        {
          "type": "minecraft:alternatives",
          "children": [
            {
              "type": "minecraft:item",
              "conditions": [
                {
                  "condition": "minecraft:match_tool",
                  "predicate": {
                    "tag": "c:shears"
                  }
                }
              ],
              "name": "doggytalents:rice_grains"
            },
            {
              "type": "minecraft:item",
              "conditions": [
                {
                  "condition": "minecraft:survives_explosion"
                }
              ],
              "name": "farmersdelight:rice"
            }
          ]
        }
      ],
      "conditions": [
        {
          "condition": "minecraft:block_state_property",
          "block": "farmersdelight:wild_rice",
          "properties": {
            "half": "lower"
          }
        },
        {
          "condition": "minecraft:location_check",
          "predicate": {
            "block": {
              "block": "farmersdelight:wild_rice",
              "state": {
                "half": "upper"
              }
            }
          },
          "offsetY": 1
        }
      ]
    },
    {
      "rolls": 1.0,
      "entries": [
        {
          "type": "minecraft:alternatives",
          "children": [
            {
              "type": "minecraft:item",
              "conditions": [
                {
                  "condition": "minecraft:match_tool",
                  "predicate": {
                    "tag": "c:shears"
                  }
                }
              ],
              "name": "farmersdelight:wild_rice"
            },
            {
              "type": "minecraft:item",
              "conditions": [
                {
                  "condition": "minecraft:survives_explosion"
                }
              ],
              "name": "doggytalents:rice_grains"
            }
          ]
        }
      ],
      "conditions": [
        {
          "condition": "minecraft:block_state_property",
          "block": "farmersdelight:wild_rice",
          "properties": {
            "half": "upper"
          }
        },
        {
          "condition": "minecraft:location_check",
          "predicate": {
            "block": {
              "block": "farmersdelight:wild_rice",
              "state": {
                "half": "lower"
              }
            }
          },
          "offsetY": -1
        }
      ]
    }
  ]
}
