{
  "type": "minecraft:chest",
  "pools": [
    {
      "rolls": {
        "type": "minecraft:uniform",
        "min": 5.0,
        "max": 7.0
      },
      "bonus_rolls": 0.0,
      "entries": [
        {
          "type": "minecraft:item",
          "weight": 15,
          "functions": [
            {
              "function": "minecraft:set_count",
              "count": {
                "type": "minecraft:uniform",
                "min": 6.0,
                "max": 12.0
              },
              "add": false
            }
          ],
          "name": "minecraft:chorus_fruit"
        },
        {
          "type": "minecraft:item",
          "weight": 10,
          "functions": [
            {
              "function": "minecraft:set_count",
              "count": {
                "type": "minecraft:uniform",
                "min": 6.0,
                "max": 10.0
              },
              "add": false
            }
          ],
          "name": "minecraft:popped_chorus_fruit"
        },
        {
          "name": "minecraft:suspicious_stew",
          "type": "minecraft:item",
          "weight": 5,
          "functions": [
            {
              "function": "minecraft:set_stew_effect",
              "effects": [
                {
                  "type": "minecraft:blindness",
                  "duration": {
                    "min": 30.0,
                    "max": 50.0
                  }
                },
                {
                  "type": "minecraft:levitation",
                  "duration": {
                    "min": 40.0,
                    "max": 60.0
                  }
                },
                {
                  "type": "minecraft:weakness",
                  "duration": {
                    "min": 40.0,
                    "max": 120.0
                  }
                },
                {
                  "type": "minecraft:jump_boost",
                  "duration": {
                    "min": 60.0,
                    "max": 440.0
                  }
                },
                {
                  "type": "minecraft:night_vision",
                  "duration": {
                    "min": 60.0,
                    "max": 440.0
                  }
                },
                {
                  "type": "minecraft:saturation",
                  "duration": {
                    "min": 10.0,
                    "max": 12.0
                  }
                },
                {
                  "type": "minecraft:invisibility",
                  "duration": {
                    "min": 60.0,
                    "max": 440.0
                  }
                },
                {
                  "type": "minecraft:slow_falling",
                  "duration": {
                    "min": 60.0,
                    "max": 440.0
                  }
                },
                {
                  "type": "minecraft:glowing",
                  "duration": {
                    "min": 60.0,
                    "max": 500.0
                  }
                }
              ]
            }
          ]
        },
        {
          "name": "minecraft:beetroot_seeds",
          "type": "minecraft:item",
          "weight": 5,
          "functions": [
            {
              "function": "minecraft:set_count",
              "count": {
                "min": 2.0,
                "max": 4.0,
                "type": "minecraft:uniform"
              }
            }
          ]
        }
      ]
    }
  ]
}