{
	"credit": "Made with Blockbench",
	"ambientocclusion": false,
	"textures": {
		"0": "block/dead_bush",
		"1": "item/egg",
		"particle": "block/dead_bush"
	},
	"elements": [
		{
			"from": [0, 16.6, -4.25],
			"to": [11, 16.6, 20.25],
			"rotation": {"angle": -22.5, "axis": "z", "origin": [8, 23.6, 8]},
			"faces": {
				"up": {"uv": [0, 0, 16, 11], "rotation": 270, "texture": "#0", "cullface": "up"},
				"down": {"uv": [0, 0, 16, 11], "rotation": 270, "texture": "#0", "cullface": "up"}
			}
		},
		{
			"from": [-4.25, 16.6, 5],
			"to": [20.25, 16.6, 16],
			"rotation": {"angle": -22.5, "axis": "x", "origin": [8, 23.6, 8]},
			"faces": {
				"up": {"uv": [0, 0, 16, 11], "rotation": 180, "texture": "#0", "cullface": "up"},
				"down": {"uv": [0, 0, 16, 11], "texture": "#0", "cullface": "up"}
			}
		},
		{
			"from": [5, 16.6, -4.25],
			"to": [16, 16.6, 20.25],
			"rotation": {"angle": 22.5, "axis": "z", "origin": [8, 23.6, 8]},
			"faces": {
				"up": {"uv": [0, 0, 16, 11], "rotation": 90, "texture": "#0", "cullface": "up"},
				"down": {"uv": [0, 0, 16, 11], "rotation": 90, "texture": "#0", "cullface": "up"}
			}
		},
		{
			"from": [-4.25, 16.6, 0],
			"to": [20.25, 16.6, 11],
			"rotation": {"angle": 22.5, "axis": "x", "origin": [8, 23.6, 8]},
			"faces": {
				"up": {"uv": [0, 0, 16, 11], "texture": "#0", "cullface": "up"},
				"down": {"uv": [0, 0, 16, 11], "rotation": 180, "texture": "#0", "cullface": "up"}
			}
		},
		{
			"from": [8, 15, 1.4],
			"to": [8, 27, 15],
			"shade": false,
			"rotation": {"angle": 45, "axis": "y", "origin": [8, 24, 8]},
			"faces": {
				"east": {"uv": [0, 0, 16, 16], "texture": "#1", "cullface": "up"},
				"west": {"uv": [16, 0, 0, 16], "texture": "#1", "cullface": "up"}
			}
		},
		{
			"from": [1.4, 15, 8],
			"to": [15, 27, 8],
			"shade": false,
			"rotation": {"angle": 45, "axis": "y", "origin": [8, 24, 8]},
			"faces": {
				"north": {"uv": [0, 0, 16, 16], "texture": "#1", "cullface": "up"},
				"south": {"uv": [16, 0, 0, 16], "texture": "#1", "cullface": "up"}
			}
		},
		{
			"from": [8, 15, 2],
			"to": [8, 27, 14],
			"shade": false,
			"rotation": {"angle": 0, "axis": "y", "origin": [8, 24, 8]},
			"faces": {
				"east": {"uv": [16, 0, 0, 16], "texture": "#1", "cullface": "up"},
				"west": {"uv": [0, 0, 16, 16], "texture": "#1", "cullface": "up"}
			}
		},
		{
			"from": [2, 15, 8],
			"to": [14, 27, 8],
			"shade": false,
			"rotation": {"angle": 0, "axis": "y", "origin": [8, 24, 8]},
			"faces": {
				"north": {"uv": [0, 0, 16, 16], "texture": "#1", "cullface": "up"},
				"south": {"uv": [16, 0, 0, 16], "texture": "#1", "cullface": "up"}
			}
		}
	]
}