{
	"credit": "Made with Blockbench",
	"ambientocclusion": false,
	"textures": {
		"0": "block/dead_bush",
		"particle": "block/dead_bush"
	},
	"elements": [
		{
			"from": [0, 16.6, -4.25],
			"to": [11, 16.6, 20.25],
			"rotation": {"angle": -22.5, "axis": "z", "origin": [8, 23.6, 8]},
			"faces": {
				"up": {"uv": [0, 0, 16, 11], "rotation": 270, "texture": "#0", "cullface": "up"},
				"down": {"uv": [0, 0, 16, 11], "rotation": 270, "texture": "#0", "cullface": "up"}
			}
		},
		{
			"from": [-4.25, 16.6, 5],
			"to": [20.25, 16.6, 16],
			"rotation": {"angle": -22.5, "axis": "x", "origin": [8, 23.6, 8]},
			"faces": {
				"up": {"uv": [0, 0, 16, 11], "rotation": 180, "texture": "#0", "cullface": "up"},
				"down": {"uv": [0, 0, 16, 11], "texture": "#0", "cullface": "up"}
			}
		},
		{
			"from": [5, 16.6, -4.25],
			"to": [16, 16.6, 20.25],
			"rotation": {"angle": 22.5, "axis": "z", "origin": [8, 23.6, 8]},
			"faces": {
				"up": {"uv": [0, 0, 16, 11], "rotation": 90, "texture": "#0", "cullface": "up"},
				"down": {"uv": [0, 0, 16, 11], "rotation": 90, "texture": "#0", "cullface": "up"}
			}
		},
		{
			"from": [-4.25, 16.6, 0],
			"to": [20.25, 16.6, 11],
			"rotation": {"angle": 22.5, "axis": "x", "origin": [8, 23.6, 8]},
			"faces": {
				"up": {"uv": [0, 0, 16, 11], "texture": "#0", "cullface": "up"},
				"down": {"uv": [0, 0, 16, 11], "rotation": 180, "texture": "#0", "cullface": "up"}
			}
		}
	]
}