{
	"credit": "Made with Blockbench",
	"parent": "block/cross",
	"textures": {
		"0": "block/hanging_roots",
		"particle": "block/hanging_roots"
	},
	"elements": [
		{
			"from": [-12, 23, 0],
			"to": [0, 23, 16],
			"shade": false,
			"rotation": {"angle": 45, "axis": "z", "origin": [6, 23, 8]},
			"faces": {
				"up": {"uv": [0, 1, 16, 13], "rotation": 90, "texture": "#0"},
				"down": {"uv": [16, 1, 0, 13], "rotation": 90, "texture": "#0"}
			}
		},
		{
			"from": [-10, 18.75, 0],
			"to": [2, 18.75, 16],
			"shade": false,
			"rotation": {"angle": 0, "axis": "z", "origin": [6, 20.75, 8]},
			"faces": {
				"up": {"uv": [0, 1, 16, 13], "rotation": 90, "texture": "#0"},
				"down": {"uv": [16, 1, 0, 13], "rotation": 90, "texture": "#0"}
			}
		},
		{
			"from": [-10, 18.75, 0],
			"to": [2, 18.75, 16],
			"shade": false,
			"rotation": {"angle": -22.5, "axis": "x", "origin": [6, 18.75, 8]},
			"faces": {
				"up": {"uv": [0, 1, 16, 13], "rotation": 90, "texture": "#0"},
				"down": {"uv": [16, 1, 0, 13], "rotation": 90, "texture": "#0"}
			}
		},
		{
			"from": [-10, 18.75, 0],
			"to": [2, 18.75, 16],
			"shade": false,
			"rotation": {"angle": 22.5, "axis": "x", "origin": [6, 18.75, 8]},
			"faces": {
				"up": {"uv": [0, 1, 16, 13], "rotation": 90, "texture": "#0"},
				"down": {"uv": [16, 1, 0, 13], "rotation": 90, "texture": "#0"}
			}
		}
	]
}