{
  "values": [
    {
      "id": "minecraft:lantern",
      "required": false
    },
    {
      "id": "minecraft:soul_lantern",
      "required": false
    },
    {
      "id": "supplementaries:copper_lantern",
      "required": false
    },
    {
      "id": "supplementaries:crimson_lantern",
      "required": false
    },
    {
      "id": "supplementaries:silver_lantern",
      "required": false
    },
    {
      "id": "supplementaries:brass_lantern",
      "required": false
    },
    {
      "id": "supplementaries:lead_lantern",
      "required": false
    },
    {
      "id": "suppsquared:copper_lantern",
      "required": false
    },
    {
      "id": "suppsquared:crimson_lantern",
      "required": false
    },
    {
      "id": "suppsquared:brass_lantern",
      "required": false
    },
    {
      "id": "hardcore_torches:unlit_lantern",
      "required": false
    },
    {
      "id": "hardcore_torches:lit_lantern",
      "required": false
    },
    {
      "id": "hardcore_torches:unlit_soul_lantern",
      "required": false
    },
    {
      "id": "hardcore_torches:lit_soul_lantern",
      "required": false
    },
    {
      "id": "cyclic:gold_lantern",
      "required": false
    },
    {
      "id": "cyclic:gold_soul_lantern",
      "required": false
    },
    {
      "id": "cyclic:copper_lantern",
      "required": false
    },
    {
      "id": "cyclic:copper_soul_lantern",
      "required": false
    },
    {
      "id": "cyclic:netherite_lantern",
      "required": false
    },
    {
      "id": "mcwlights:striped_lantern",
      "required": false
    },
    {
      "id": "mcwlights:covered_lantern",
      "required": false
    },
    {
      "id": "mcwlights:chain_lantern",
      "required": false
    },
    {
      "id": "mcwlights:tavern_lantern",
      "required": false
    },
    {
      "id": "mcwlights:festive_lantern",
      "required": false
    },
    {
      "id": "mcwlights:cross_lantern",
      "required": false
    },
    {
      "id": "mcwlights:bell_lantern",
      "required": false
    },
    {
      "id": "chipped:blue_paper_lantern",
      "required": false
    },
    {
      "id": "chipped:burning_coal_lantern",
      "required": false
    },
    {
      "id": "chipped:checkered_iron_lantern",
      "required": false
    },
    {
      "id": "chipped:dark_blue_paper_lantern",
      "required": false
    },
    {
      "id": "chipped:ender_lantern",
      "required": false
    },
    {
      "id": "chipped:green_paper_lantern",
      "required": false
    },
    {
      "id": "chipped:iron_bowl_lantern",
      "required": false
    },
    {
      "id": "chipped:purple_paper_lantern",
      "required": false
    },
    {
      "id": "chipped:red_paper_lantern",
      "required": false
    },
    {
      "id": "chipped:small_green_lantern",
      "required": false
    },
    {
      "id": "chipped:white_paper_lantern",
      "required": false
    },
    {
      "id": "chipped:wooden_cage_lantern",
      "required": false
    },
    {
      "id": "chipped:wrought_iron_lantern",
      "required": false
    },
    {
      "id": "chipped:yellow_tube_lantern",
      "required": false
    },
    {
      "id": "chipped:blue_paper_soul_lantern",
      "required": false
    },
    {
      "id": "chipped:blue_tube_soul_lantern",
      "required": false
    },
    {
      "id": "chipped:checkered_iron_soul_lantern",
      "required": false
    },
    {
      "id": "chipped:golden_paper_soul_lantern",
      "required": false
    },
    {
      "id": "chipped:gray_paper_soul_lantern",
      "required": false
    },
    {
      "id": "chipped:iron_bowl_soul_lantern",
      "required": false
    },
    {
      "id": "chipped:lime_paper_soul_lantern",
      "required": false
    },
    {
      "id": "chipped:orange_paper_soul_lantern",
      "required": false
    },
    {
      "id": "chipped:small_red_soul_lantern",
      "required": false
    },
    {
      "id": "chipped:wooden_cage_soul_lantern",
      "required": false
    },
    {
      "id": "chipped:yellow_paper_soul_lantern",
      "required": false
    },
    {
      "id": "quark:paper_lantern",
      "required": false
    },
    {
      "id": "quark:paper_lantern_sakura",
      "required": false
    },
    {
      "id": "skinnedlanterns:pufferfish_lantern_block",
      "required": false
    },
    {
      "id": "skinnedlanterns:pufferfish_soul_lantern_block",
      "required": false
    },
    {
      "id": "skinnedlanterns:zombie_lantern_block",
      "required": false
    },
    {
      "id": "skinnedlanterns:zombie_soul_lantern_block",
      "required": false
    },
    {
      "id": "skinnedlanterns:creeper_lantern_block",
      "required": false
    },
    {
      "id": "skinnedlanterns:creeper_soul_lantern_block",
      "required": false
    },
    {
      "id": "skinnedlanterns:skeleton_lantern_block",
      "required": false
    },
    {
      "id": "skinnedlanterns:skeleton_soul_lantern_block",
      "required": false
    },
    {
      "id": "skinnedlanterns:wither_skeleton_lantern_block",
      "required": false
    },
    {
      "id": "skinnedlanterns:wither_skeleton_soul_lantern_block",
      "required": false
    },
    {
      "id": "skinnedlanterns:bee_lantern_block",
      "required": false
    },
    {
      "id": "skinnedlanterns:bee_soul_lantern_block",
      "required": false
    },
    {
      "id": "skinnedlanterns:jack_o_lantern_lantern_block",
      "required": false
    },
    {
      "id": "skinnedlanterns:jack_o_lantern_soul_lantern_block",
      "required": false
    },
    {
      "id": "skinnedlanterns:paper_white_lantern_block",
      "required": false
    },
    {
      "id": "skinnedlanterns:paper_white_soul_lantern_block",
      "required": false
    },
    {
      "id": "skinnedlanterns:ghost_lantern_block",
      "required": false
    },
    {
      "id": "skinnedlanterns:ghost_soul_lantern_block",
      "required": false
    },
    {
      "id": "skinnedlanterns:blinky_lantern_block",
      "required": false
    },
    {
      "id": "skinnedlanterns:blinky_soul_lantern_block",
      "required": false
    },
    {
      "id": "skinnedlanterns:pinky_lantern_block",
      "required": false
    },
    {
      "id": "skinnedlanterns:pinky_soul_lantern_block",
      "required": false
    },
    {
      "id": "skinnedlanterns:inky_lantern_block",
      "required": false
    },
    {
      "id": "skinnedlanterns:inky_soul_lantern_block",
      "required": false
    },
    {
      "id": "skinnedlanterns:clyde_lantern_block",
      "required": false
    },
    {
      "id": "skinnedlanterns:clyde_soul_lantern_block",
      "required": false
    },
    {
      "id": "skinnedlanterns:pacman_lantern_block",
      "required": false
    },
    {
      "id": "skinnedlanterns:pacman_soul_lantern_block",
      "required": false
    },
    {
      "id": "skinnedlanterns:guardian_lantern_block",
      "required": false
    },
    {
      "id": "skinnedlanterns:guardian_soul_lantern_block",
      "required": false
    },
    {
      "id": "skinnedlanterns:paper_yellow_lantern_block",
      "required": false
    },
    {
      "id": "skinnedlanterns:paper_yellow_soul_lantern_block",
      "required": false
    },
    {
      "id": "skinnedlanterns:paper_orange_lantern_block",
      "required": false
    },
    {
      "id": "skinnedlanterns:paper_orange_soul_lantern_block",
      "required": false
    },
    {
      "id": "skinnedlanterns:paper_blue_lantern_block",
      "required": false
    },
    {
      "id": "skinnedlanterns:paper_blue_soul_lantern_block",
      "required": false
    },
    {
      "id": "skinnedlanterns:paper_light_blue_lantern_block",
      "required": false
    },
    {
      "id": "skinnedlanterns:paper_light_blue_soul_lantern_block",
      "required": false
    },
    {
      "id": "skinnedlanterns:paper_cyan_lantern_block",
      "required": false
    },
    {
      "id": "skinnedlanterns:paper_cyan_soul_lantern_block",
      "required": false
    },
    {
      "id": "skinnedlanterns:paper_lime_lantern_block",
      "required": false
    },
    {
      "id": "skinnedlanterns:paper_lime_soul_lantern_block",
      "required": false
    },
    {
      "id": "skinnedlanterns:paper_green_lantern_block",
      "required": false
    },
    {
      "id": "skinnedlanterns:paper_green_soul_lantern_block",
      "required": false
    },
    {
      "id": "skinnedlanterns:paper_lantern_block",
      "required": false
    },
    {
      "id": "skinnedlanterns:paper_soul_lantern_block",
      "required": false
    },
    {
      "id": "skinnedlanterns:paper_pink_lantern_block",
      "required": false
    },
    {
      "id": "skinnedlanterns:paper_pink_soul_lantern_block",
      "required": false
    },
    {
      "id": "skinnedlanterns:paper_brown_lantern_block",
      "required": false
    },
    {
      "id": "skinnedlanterns:paper_brown_soul_lantern_block",
      "required": false
    },
    {
      "id": "skinnedlanterns:paper_black_lantern_block",
      "required": false
    },
    {
      "id": "skinnedlanterns:paper_black_soul_lantern_block",
      "required": false
    },
    {
      "id": "skinnedlanterns:paper_gray_lantern_block",
      "required": false
    },
    {
      "id": "skinnedlanterns:paper_gray_soul_lantern_block",
      "required": false
    },
    {
      "id": "skinnedlanterns:paper_light_gray_lantern_block",
      "required": false
    },
    {
      "id": "skinnedlanterns:paper_light_gray_soul_lantern_block",
      "required": false
    },
    {
      "id": "skinnedlanterns:paper_magenta_lantern_block",
      "required": false
    },
    {
      "id": "skinnedlanterns:paper_magenta_soul_lantern_block",
      "required": false
    },
    {
      "id": "skinnedlanterns:paper_purple_lantern_block",
      "required": false
    },
    {
      "id": "skinnedlanterns:paper_purple_soul_lantern_block",
      "required": false
    },
    {
      "id": "skinnedlanterns:ornament_red_lantern_block",
      "required": false
    },
    {
      "id": "skinnedlanterns:ornament_red_soul_lantern_block",
      "required": false
    },
    {
      "id": "skinnedlanterns:ornament_blue_lantern_block",
      "required": false
    },
    {
      "id": "skinnedlanterns:ornament_blue_soul_lantern_block",
      "required": false
    },
    {
      "id": "skinnedlanterns:ornament_purple_lantern_block",
      "required": false
    },
    {
      "id": "skinnedlanterns:ornament_purple_soul_lantern_block",
      "required": false
    },
    {
      "id": "skinnedlanterns:ornament_lime_lantern_block",
      "required": false
    },
    {
      "id": "skinnedlanterns:ornament_lime_soul_lantern_block",
      "required": false
    },
    {
      "id": "skinnedlanterns:ornament_magenta_lantern_block",
      "required": false
    },
    {
      "id": "skinnedlanterns:ornament_magenta_soul_lantern_block",
      "required": false
    },
    {
      "id": "skinnedlanterns:ornament_yellow_lantern_block",
      "required": false
    },
    {
      "id": "skinnedlanterns:ornament_yellow_soul_lantern_block",
      "required": false
    },
    {
      "id": "skinnedlanterns:ornament_green_lantern_block",
      "required": false
    },
    {
      "id": "skinnedlanterns:ornament_green_soul_lantern_block",
      "required": false
    },
    {
      "id": "skinnedlanterns:ornament_light_blue_lantern_block",
      "required": false
    },
    {
      "id": "skinnedlanterns:ornament_light_blue_soul_lantern_block",
      "required": false
    },
    {
      "id": "skinnedlanterns:ornament_cyan_lantern_block",
      "required": false
    },
    {
      "id": "skinnedlanterns:ornament_cyan_soul_lantern_block",
      "required": false
    },
    {
      "id": "skinnedlanterns:ornament_pink_lantern_block",
      "required": false
    },
    {
      "id": "skinnedlanterns:ornament_pink_soul_lantern_block",
      "required": false
    },
    {
      "id": "skinnedlanterns:ornament_orange_lantern_block",
      "required": false
    },
    {
      "id": "skinnedlanterns:ornament_orange_soul_lantern_block",
      "required": false
    },
    {
      "id": "skinnedlanterns:ornament_brown_lantern_block",
      "required": false
    },
    {
      "id": "skinnedlanterns:ornament_brown_soul_lantern_block",
      "required": false
    },
    {
      "id": "skinnedlanterns:ornament_black_lantern_block",
      "required": false
    },
    {
      "id": "skinnedlanterns:ornament_black_soul_lantern_block",
      "required": false
    },
    {
      "id": "skinnedlanterns:ornament_white_lantern_block",
      "required": false
    },
    {
      "id": "skinnedlanterns:ornament_white_soul_lantern_block",
      "required": false
    },
    {
      "id": "skinnedlanterns:ornament_gray_lantern_block",
      "required": false
    },
    {
      "id": "skinnedlanterns:ornament_gray_soul_lantern_block",
      "required": false
    },
    {
      "id": "skinnedlanterns:ornament_light_gray_lantern_block",
      "required": false
    },
    {
      "id": "skinnedlanterns:ornament_light_gray_soul_lantern_block",
      "required": false
    },
    {
      "id": "skinnedlanterns:present_green_lantern_block",
      "required": false
    },
    {
      "id": "skinnedlanterns:present_green_soul_lantern_block",
      "required": false
    },
    {
      "id": "skinnedlanterns:present_red_lantern_block",
      "required": false
    },
    {
      "id": "skinnedlanterns:present_red_soul_lantern_block",
      "required": false
    },
    {
      "id": "skinnedlanterns:snowman_lantern_block",
      "required": false
    },
    {
      "id": "skinnedlanterns:snowman_soul_lantern_block",
      "required": false
    },
    {
      "id": "skinnedlanterns:tiny_potato_lantern_block",
      "required": false
    },
    {
      "id": "skinnedlanterns:tiny_potato_soul_lantern_block",
      "required": false
    },
    {
      "id": "skinnedlanterns:honey_lantern_block",
      "required": false
    },
    {
      "id": "skinnedlanterns:honey_soul_lantern_block",
      "required": false
    },
    {
      "id": "skinnedlanterns:slime_lantern_block",
      "required": false
    },
    {
      "id": "skinnedlanterns:slime_soul_lantern_block",
      "required": false
    },
    {
      "id": "additionallanterns:amethyst_lantern",
      "required": false
    },
    {
      "id": "additionallanterns:andesite_lantern",
      "required": false
    },
    {
      "id": "additionallanterns:basalt_lantern",
      "required": false
    },
    {
      "id": "additionallanterns:blackstone_lantern",
      "required": false
    },
    {
      "id": "additionallanterns:bone_lantern",
      "required": false
    },
    {
      "id": "additionallanterns:bricks_lantern",
      "required": false
    },
    {
      "id": "additionallanterns:cobblestone_lantern",
      "required": false
    },
    {
      "id": "additionallanterns:cobbled_deepslate_lantern",
      "required": false
    },
    {
      "id": "additionallanterns:copper_lantern",
      "required": false
    },
    {
      "id": "additionallanterns:crimson_lantern",
      "required": false
    },
    {
      "id": "additionallanterns:dark_prismarine_lantern",
      "required": false
    },
    {
      "id": "additionallanterns:deepslate_bricks_lantern",
      "required": false
    },
    {
      "id": "additionallanterns:diamond_lantern",
      "required": false
    },
    {
      "id": "additionallanterns:diorite_lantern",
      "required": false
    },
    {
      "id": "additionallanterns:emerald_lantern",
      "required": false
    },
    {
      "id": "additionallanterns:end_stone_lantern",
      "required": false
    },
    {
      "id": "additionallanterns:exposed_copper_lantern",
      "required": false
    },
    {
      "id": "additionallanterns:gold_lantern",
      "required": false
    },
    {
      "id": "additionallanterns:granite_lantern",
      "required": false
    },
    {
      "id": "additionallanterns:iron_lantern",
      "required": false
    },
    {
      "id": "additionallanterns:mossy_cobblestone_lantern",
      "required": false
    },
    {
      "id": "additionallanterns:netherite_lantern",
      "required": false
    },
    {
      "id": "additionallanterns:normal_lantern",
      "required": false
    },
    {
      "id": "additionallanterns:normal_nether_bricks_lantern",
      "required": false
    },
    {
      "id": "additionallanterns:normal_sandstone_lantern",
      "required": false
    },
    {
      "id": "additionallanterns:obsidian_lantern",
      "required": false
    },
    {
      "id": "additionallanterns:oxidized_copper_lantern",
      "required": false
    },
    {
      "id": "additionallanterns:prismarine_lantern",
      "required": false
    },
    {
      "id": "additionallanterns:purpur_lantern",
      "required": false
    },
    {
      "id": "additionallanterns:quartz_lantern",
      "required": false
    },
    {
      "id": "additionallanterns:red_nether_bricks_lantern",
      "required": false
    },
    {
      "id": "additionallanterns:red_sandstone_lantern",
      "required": false
    },
    {
      "id": "additionallanterns:smooth_stone_lantern",
      "required": false
    },
    {
      "id": "additionallanterns:stone_lantern",
      "required": false
    },
    {
      "id": "additionallanterns:stone_bricks_lantern",
      "required": false
    },
    {
      "id": "additionallanterns:warped_lantern",
      "required": false
    },
    {
      "id": "additionallanterns:waxed_exposed_copper_lantern",
      "required": false
    },
    {
      "id": "additionallanterns:waxed_copper_lantern",
      "required": false
    },
    {
      "id": "additionallanterns:waxed_oxidized_copper_lantern",
      "required": false
    },
    {
      "id": "additionallanterns:waxed_weathered_copper_lantern",
      "required": false
    },
    {
      "id": "additionallanterns:weathered_copper_lantern",
      "required": false
    },
    {
      "id": "additionallanterns:white_amethyst_lantern",
      "required": false
    },
    {
      "id": "additionallanterns:white_andesite_lantern",
      "required": false
    },
    {
      "id": "additionallanterns:white_basalt_lantern",
      "required": false
    },
    {
      "id": "additionallanterns:white_blackstone_lantern",
      "required": false
    },
    {
      "id": "additionallanterns:white_bone_lantern",
      "required": false
    },
    {
      "id": "additionallanterns:white_bricks_lantern",
      "required": false
    },
    {
      "id": "additionallanterns:white_cobblestone_lantern",
      "required": false
    },
    {
      "id": "additionallanterns:white_cobbled_deepslate_lantern",
      "required": false
    },
    {
      "id": "additionallanterns:white_copper_lantern",
      "required": false
    },
    {
      "id": "additionallanterns:white_crimson_lantern",
      "required": false
    },
    {
      "id": "additionallanterns:white_dark_prismarine_lantern",
      "required": false
    },
    {
      "id": "additionallanterns:white_deepslate_bricks_lantern",
      "required": false
    },
    {
      "id": "additionallanterns:white_diamond_lantern",
      "required": false
    },
    {
      "id": "additionallanterns:white_diorite_lantern",
      "required": false
    },
    {
      "id": "additionallanterns:white_emerald_lantern",
      "required": false
    },
    {
      "id": "additionallanterns:white_end_stone_lantern",
      "required": false
    },
    {
      "id": "additionallanterns:white_exposed_copper_lantern",
      "required": false
    },
    {
      "id": "additionallanterns:white_gold_lantern",
      "required": false
    },
    {
      "id": "additionallanterns:white_granite_lantern",
      "required": false
    },
    {
      "id": "additionallanterns:white_iron_lantern",
      "required": false
    },
    {
      "id": "additionallanterns:white_mossy_cobblestone_lantern",
      "required": false
    },
    {
      "id": "additionallanterns:white_netherite_lantern",
      "required": false
    },
    {
      "id": "additionallanterns:white_normal_lantern",
      "required": false
    },
    {
      "id": "additionallanterns:white_normal_nether_bricks_lantern",
      "required": false
    },
    {
      "id": "additionallanterns:white_normal_sandstone_lantern",
      "required": false
    },
    {
      "id": "additionallanterns:white_obsidian_lantern",
      "required": false
    },
    {
      "id": "additionallanterns:white_oxidized_copper_lantern",
      "required": false
    },
    {
      "id": "additionallanterns:white_prismarine_lantern",
      "required": false
    },
    {
      "id": "additionallanterns:white_purpur_lantern",
      "required": false
    },
    {
      "id": "additionallanterns:white_quartz_lantern",
      "required": false
    },
    {
      "id": "additionallanterns:white_red_nether_bricks_lantern",
      "required": false
    },
    {
      "id": "additionallanterns:white_red_sandstone_lantern",
      "required": false
    },
    {
      "id": "additionallanterns:white_smooth_stone_lantern",
      "required": false
    },
    {
      "id": "additionallanterns:white_stone_lantern",
      "required": false
    },
    {
      "id": "additionallanterns:white_stone_bricks_lantern",
      "required": false
    },
    {
      "id": "additionallanterns:white_warped_lantern",
      "required": false
    },
    {
      "id": "additionallanterns:white_waxed_exposed_copper_lantern",
      "required": false
    },
    {
      "id": "additionallanterns:white_waxed_copper_lantern",
      "required": false
    },
    {
      "id": "additionallanterns:white_waxed_oxidized_copper_lantern",
      "required": false
    },
    {
      "id": "additionallanterns:white_waxed_weathered_copper_lantern",
      "required": false
    },
    {
      "id": "additionallanterns:white_weathered_copper_lantern",
      "required": false
    },
    {
      "id": "additionallanterns:orange_amethyst_lantern",
      "required": false
    },
    {
      "id": "additionallanterns:orange_andesite_lantern",
      "required": false
    },
    {
      "id": "additionallanterns:orange_basalt_lantern",
      "required": false
    },
    {
      "id": "additionallanterns:orange_blackstone_lantern",
      "required": false
    },
    {
      "id": "additionallanterns:orange_bone_lantern",
      "required": false
    },
    {
      "id": "additionallanterns:orange_bricks_lantern",
      "required": false
    },
    {
      "id": "additionallanterns:orange_cobblestone_lantern",
      "required": false
    },
    {
      "id": "additionallanterns:orange_cobbled_deepslate_lantern",
      "required": false
    },
    {
      "id": "additionallanterns:orange_copper_lantern",
      "required": false
    },
    {
      "id": "additionallanterns:orange_crimson_lantern",
      "required": false
    },
    {
      "id": "additionallanterns:orange_dark_prismarine_lantern",
      "required": false
    },
    {
      "id": "additionallanterns:orange_deepslate_bricks_lantern",
      "required": false
    },
    {
      "id": "additionallanterns:orange_diamond_lantern",
      "required": false
    },
    {
      "id": "additionallanterns:orange_diorite_lantern",
      "required": false
    },
    {
      "id": "additionallanterns:orange_emerald_lantern",
      "required": false
    },
    {
      "id": "additionallanterns:orange_end_stone_lantern",
      "required": false
    },
    {
      "id": "additionallanterns:orange_exposed_copper_lantern",
      "required": false
    },
    {
      "id": "additionallanterns:orange_gold_lantern",
      "required": false
    },
    {
      "id": "additionallanterns:orange_granite_lantern",
      "required": false
    },
    {
      "id": "additionallanterns:orange_iron_lantern",
      "required": false
    },
    {
      "id": "additionallanterns:orange_mossy_cobblestone_lantern",
      "required": false
    },
    {
      "id": "additionallanterns:orange_netherite_lantern",
      "required": false
    },
    {
      "id": "additionallanterns:orange_normal_lantern",
      "required": false
    },
    {
      "id": "additionallanterns:orange_normal_nether_bricks_lantern",
      "required": false
    },
    {
      "id": "additionallanterns:orange_normal_sandstone_lantern",
      "required": false
    },
    {
      "id": "additionallanterns:orange_obsidian_lantern",
      "required": false
    },
    {
      "id": "additionallanterns:orange_oxidized_copper_lantern",
      "required": false
    },
    {
      "id": "additionallanterns:orange_prismarine_lantern",
      "required": false
    },
    {
      "id": "additionallanterns:orange_purpur_lantern",
      "required": false
    },
    {
      "id": "additionallanterns:orange_quartz_lantern",
      "required": false
    },
    {
      "id": "additionallanterns:orange_red_nether_bricks_lantern",
      "required": false
    },
    {
      "id": "additionallanterns:orange_red_sandstone_lantern",
      "required": false
    },
    {
      "id": "additionallanterns:orange_smooth_stone_lantern",
      "required": false
    },
    {
      "id": "additionallanterns:orange_stone_lantern",
      "required": false
    },
    {
      "id": "additionallanterns:orange_stone_bricks_lantern",
      "required": false
    },
    {
      "id": "additionallanterns:orange_warped_lantern",
      "required": false
    },
    {
      "id": "additionallanterns:orange_waxed_exposed_copper_lantern",
      "required": false
    },
    {
      "id": "additionallanterns:orange_waxed_copper_lantern",
      "required": false
    },
    {
      "id": "additionallanterns:orange_waxed_oxidized_copper_lantern",
      "required": false
    },
    {
      "id": "additionallanterns:orange_waxed_weathered_copper_lantern",
      "required": false
    },
    {
      "id": "additionallanterns:orange_weathered_copper_lantern",
      "required": false
    },
    {
      "id": "additionallanterns:magenta_amethyst_lantern",
      "required": false
    },
    {
      "id": "additionallanterns:magenta_andesite_lantern",
      "required": false
    },
    {
      "id": "additionallanterns:magenta_basalt_lantern",
      "required": false
    },
    {
      "id": "additionallanterns:magenta_blackstone_lantern",
      "required": false
    },
    {
      "id": "additionallanterns:magenta_bone_lantern",
      "required": false
    },
    {
      "id": "additionallanterns:magenta_bricks_lantern",
      "required": false
    },
    {
      "id": "additionallanterns:magenta_cobblestone_lantern",
      "required": false
    },
    {
      "id": "additionallanterns:magenta_cobbled_deepslate_lantern",
      "required": false
    },
    {
      "id": "additionallanterns:magenta_copper_lantern",
      "required": false
    },
    {
      "id": "additionallanterns:magenta_crimson_lantern",
      "required": false
    },
    {
      "id": "additionallanterns:magenta_dark_prismarine_lantern",
      "required": false
    },
    {
      "id": "additionallanterns:magenta_deepslate_bricks_lantern",
      "required": false
    },
    {
      "id": "additionallanterns:magenta_diamond_lantern",
      "required": false
    },
    {
      "id": "additionallanterns:magenta_diorite_lantern",
      "required": false
    },
    {
      "id": "additionallanterns:magenta_emerald_lantern",
      "required": false
    },
    {
      "id": "additionallanterns:magenta_end_stone_lantern",
      "required": false
    },
    {
      "id": "additionallanterns:magenta_exposed_copper_lantern",
      "required": false
    },
    {
      "id": "additionallanterns:magenta_gold_lantern",
      "required": false
    },
    {
      "id": "additionallanterns:magenta_granite_lantern",
      "required": false
    },
    {
      "id": "additionallanterns:magenta_iron_lantern",
      "required": false
    },
    {
      "id": "additionallanterns:magenta_mossy_cobblestone_lantern",
      "required": false
    },
    {
      "id": "additionallanterns:magenta_netherite_lantern",
      "required": false
    },
    {
      "id": "additionallanterns:magenta_normal_lantern",
      "required": false
    },
    {
      "id": "additionallanterns:magenta_normal_nether_bricks_lantern",
      "required": false
    },
    {
      "id": "additionallanterns:magenta_normal_sandstone_lantern",
      "required": false
    },
    {
      "id": "additionallanterns:magenta_obsidian_lantern",
      "required": false
    },
    {
      "id": "additionallanterns:magenta_oxidized_copper_lantern",
      "required": false
    },
    {
      "id": "additionallanterns:magenta_prismarine_lantern",
      "required": false
    },
    {
      "id": "additionallanterns:magenta_purpur_lantern",
      "required": false
    },
    {
      "id": "additionallanterns:magenta_quartz_lantern",
      "required": false
    },
    {
      "id": "additionallanterns:magenta_red_nether_bricks_lantern",
      "required": false
    },
    {
      "id": "additionallanterns:magenta_red_sandstone_lantern",
      "required": false
    },
    {
      "id": "additionallanterns:magenta_smooth_stone_lantern",
      "required": false
    },
    {
      "id": "additionallanterns:magenta_stone_lantern",
      "required": false
    },
    {
      "id": "additionallanterns:magenta_stone_bricks_lantern",
      "required": false
    },
    {
      "id": "additionallanterns:magenta_warped_lantern",
      "required": false
    },
    {
      "id": "additionallanterns:magenta_waxed_exposed_copper_lantern",
      "required": false
    },
    {
      "id": "additionallanterns:magenta_waxed_copper_lantern",
      "required": false
    },
    {
      "id": "additionallanterns:magenta_waxed_oxidized_copper_lantern",
      "required": false
    },
    {
      "id": "additionallanterns:magenta_waxed_weathered_copper_lantern",
      "required": false
    },
    {
      "id": "additionallanterns:magenta_weathered_copper_lantern",
      "required": false
    },
    {
      "id": "additionallanterns:light_blue_amethyst_lantern",
      "required": false
    },
    {
      "id": "additionallanterns:light_blue_andesite_lantern",
      "required": false
    },
    {
      "id": "additionallanterns:light_blue_basalt_lantern",
      "required": false
    },
    {
      "id": "additionallanterns:light_blue_blackstone_lantern",
      "required": false
    },
    {
      "id": "additionallanterns:light_blue_bone_lantern",
      "required": false
    },
    {
      "id": "additionallanterns:light_blue_bricks_lantern",
      "required": false
    },
    {
      "id": "additionallanterns:light_blue_cobblestone_lantern",
      "required": false
    },
    {
      "id": "additionallanterns:light_blue_cobbled_deepslate_lantern",
      "required": false
    },
    {
      "id": "additionallanterns:light_blue_copper_lantern",
      "required": false
    },
    {
      "id": "additionallanterns:light_blue_crimson_lantern",
      "required": false
    },
    {
      "id": "additionallanterns:light_blue_dark_prismarine_lantern",
      "required": false
    },
    {
      "id": "additionallanterns:light_blue_deepslate_bricks_lantern",
      "required": false
    },
    {
      "id": "additionallanterns:light_blue_diamond_lantern",
      "required": false
    },
    {
      "id": "additionallanterns:light_blue_diorite_lantern",
      "required": false
    },
    {
      "id": "additionallanterns:light_blue_emerald_lantern",
      "required": false
    },
    {
      "id": "additionallanterns:light_blue_end_stone_lantern",
      "required": false
    },
    {
      "id": "additionallanterns:light_blue_exposed_copper_lantern",
      "required": false
    },
    {
      "id": "additionallanterns:light_blue_gold_lantern",
      "required": false
    },
    {
      "id": "additionallanterns:light_blue_granite_lantern",
      "required": false
    },
    {
      "id": "additionallanterns:light_blue_iron_lantern",
      "required": false
    },
    {
      "id": "additionallanterns:light_blue_mossy_cobblestone_lantern",
      "required": false
    },
    {
      "id": "additionallanterns:light_blue_netherite_lantern",
      "required": false
    },
    {
      "id": "additionallanterns:light_blue_normal_lantern",
      "required": false
    },
    {
      "id": "additionallanterns:light_blue_normal_nether_bricks_lantern",
      "required": false
    },
    {
      "id": "additionallanterns:light_blue_normal_sandstone_lantern",
      "required": false
    },
    {
      "id": "additionallanterns:light_blue_obsidian_lantern",
      "required": false
    },
    {
      "id": "additionallanterns:light_blue_oxidized_copper_lantern",
      "required": false
    },
    {
      "id": "additionallanterns:light_blue_prismarine_lantern",
      "required": false
    },
    {
      "id": "additionallanterns:light_blue_purpur_lantern",
      "required": false
    },
    {
      "id": "additionallanterns:light_blue_quartz_lantern",
      "required": false
    },
    {
      "id": "additionallanterns:light_blue_red_nether_bricks_lantern",
      "required": false
    },
    {
      "id": "additionallanterns:light_blue_red_sandstone_lantern",
      "required": false
    },
    {
      "id": "additionallanterns:light_blue_smooth_stone_lantern",
      "required": false
    },
    {
      "id": "additionallanterns:light_blue_stone_lantern",
      "required": false
    },
    {
      "id": "additionallanterns:light_blue_stone_bricks_lantern",
      "required": false
    },
    {
      "id": "additionallanterns:light_blue_warped_lantern",
      "required": false
    },
    {
      "id": "additionallanterns:light_blue_waxed_exposed_copper_lantern",
      "required": false
    },
    {
      "id": "additionallanterns:light_blue_waxed_copper_lantern",
      "required": false
    },
    {
      "id": "additionallanterns:light_blue_waxed_oxidized_copper_lantern",
      "required": false
    },
    {
      "id": "additionallanterns:light_blue_waxed_weathered_copper_lantern",
      "required": false
    },
    {
      "id": "additionallanterns:light_blue_weathered_copper_lantern",
      "required": false
    },
    {
      "id": "additionallanterns:yellow_amethyst_lantern",
      "required": false
    },
    {
      "id": "additionallanterns:yellow_andesite_lantern",
      "required": false
    },
    {
      "id": "additionallanterns:yellow_basalt_lantern",
      "required": false
    },
    {
      "id": "additionallanterns:yellow_blackstone_lantern",
      "required": false
    },
    {
      "id": "additionallanterns:yellow_bone_lantern",
      "required": false
    },
    {
      "id": "additionallanterns:yellow_bricks_lantern",
      "required": false
    },
    {
      "id": "additionallanterns:yellow_cobblestone_lantern",
      "required": false
    },
    {
      "id": "additionallanterns:yellow_cobbled_deepslate_lantern",
      "required": false
    },
    {
      "id": "additionallanterns:yellow_copper_lantern",
      "required": false
    },
    {
      "id": "additionallanterns:yellow_crimson_lantern",
      "required": false
    },
    {
      "id": "additionallanterns:yellow_dark_prismarine_lantern",
      "required": false
    },
    {
      "id": "additionallanterns:yellow_deepslate_bricks_lantern",
      "required": false
    },
    {
      "id": "additionallanterns:yellow_diamond_lantern",
      "required": false
    },
    {
      "id": "additionallanterns:yellow_diorite_lantern",
      "required": false
    },
    {
      "id": "additionallanterns:yellow_emerald_lantern",
      "required": false
    },
    {
      "id": "additionallanterns:yellow_end_stone_lantern",
      "required": false
    },
    {
      "id": "additionallanterns:yellow_exposed_copper_lantern",
      "required": false
    },
    {
      "id": "additionallanterns:yellow_gold_lantern",
      "required": false
    },
    {
      "id": "additionallanterns:yellow_granite_lantern",
      "required": false
    },
    {
      "id": "additionallanterns:yellow_iron_lantern",
      "required": false
    },
    {
      "id": "additionallanterns:yellow_mossy_cobblestone_lantern",
      "required": false
    },
    {
      "id": "additionallanterns:yellow_netherite_lantern",
      "required": false
    },
    {
      "id": "additionallanterns:yellow_normal_lantern",
      "required": false
    },
    {
      "id": "additionallanterns:yellow_normal_nether_bricks_lantern",
      "required": false
    },
    {
      "id": "additionallanterns:yellow_normal_sandstone_lantern",
      "required": false
    },
    {
      "id": "additionallanterns:yellow_obsidian_lantern",
      "required": false
    },
    {
      "id": "additionallanterns:yellow_oxidized_copper_lantern",
      "required": false
    },
    {
      "id": "additionallanterns:yellow_prismarine_lantern",
      "required": false
    },
    {
      "id": "additionallanterns:yellow_purpur_lantern",
      "required": false
    },
    {
      "id": "additionallanterns:yellow_quartz_lantern",
      "required": false
    },
    {
      "id": "additionallanterns:yellow_red_nether_bricks_lantern",
      "required": false
    },
    {
      "id": "additionallanterns:yellow_red_sandstone_lantern",
      "required": false
    },
    {
      "id": "additionallanterns:yellow_smooth_stone_lantern",
      "required": false
    },
    {
      "id": "additionallanterns:yellow_stone_lantern",
      "required": false
    },
    {
      "id": "additionallanterns:yellow_stone_bricks_lantern",
      "required": false
    },
    {
      "id": "additionallanterns:yellow_warped_lantern",
      "required": false
    },
    {
      "id": "additionallanterns:yellow_waxed_exposed_copper_lantern",
      "required": false
    },
    {
      "id": "additionallanterns:yellow_waxed_copper_lantern",
      "required": false
    },
    {
      "id": "additionallanterns:yellow_waxed_oxidized_copper_lantern",
      "required": false
    },
    {
      "id": "additionallanterns:yellow_waxed_weathered_copper_lantern",
      "required": false
    },
    {
      "id": "additionallanterns:yellow_weathered_copper_lantern",
      "required": false
    },
    {
      "id": "additionallanterns:lime_amethyst_lantern",
      "required": false
    },
    {
      "id": "additionallanterns:lime_andesite_lantern",
      "required": false
    },
    {
      "id": "additionallanterns:lime_basalt_lantern",
      "required": false
    },
    {
      "id": "additionallanterns:lime_blackstone_lantern",
      "required": false
    },
    {
      "id": "additionallanterns:lime_bone_lantern",
      "required": false
    },
    {
      "id": "additionallanterns:lime_bricks_lantern",
      "required": false
    },
    {
      "id": "additionallanterns:lime_cobblestone_lantern",
      "required": false
    },
    {
      "id": "additionallanterns:lime_cobbled_deepslate_lantern",
      "required": false
    },
    {
      "id": "additionallanterns:lime_copper_lantern",
      "required": false
    },
    {
      "id": "additionallanterns:lime_crimson_lantern",
      "required": false
    },
    {
      "id": "additionallanterns:lime_dark_prismarine_lantern",
      "required": false
    },
    {
      "id": "additionallanterns:lime_deepslate_bricks_lantern",
      "required": false
    },
    {
      "id": "additionallanterns:lime_diamond_lantern",
      "required": false
    },
    {
      "id": "additionallanterns:lime_diorite_lantern",
      "required": false
    },
    {
      "id": "additionallanterns:lime_emerald_lantern",
      "required": false
    },
    {
      "id": "additionallanterns:lime_end_stone_lantern",
      "required": false
    },
    {
      "id": "additionallanterns:lime_exposed_copper_lantern",
      "required": false
    },
    {
      "id": "additionallanterns:lime_gold_lantern",
      "required": false
    },
    {
      "id": "additionallanterns:lime_granite_lantern",
      "required": false
    },
    {
      "id": "additionallanterns:lime_iron_lantern",
      "required": false
    },
    {
      "id": "additionallanterns:lime_mossy_cobblestone_lantern",
      "required": false
    },
    {
      "id": "additionallanterns:lime_netherite_lantern",
      "required": false
    },
    {
      "id": "additionallanterns:lime_normal_lantern",
      "required": false
    },
    {
      "id": "additionallanterns:lime_normal_nether_bricks_lantern",
      "required": false
    },
    {
      "id": "additionallanterns:lime_normal_sandstone_lantern",
      "required": false
    },
    {
      "id": "additionallanterns:lime_obsidian_lantern",
      "required": false
    },
    {
      "id": "additionallanterns:lime_oxidized_copper_lantern",
      "required": false
    },
    {
      "id": "additionallanterns:lime_prismarine_lantern",
      "required": false
    },
    {
      "id": "additionallanterns:lime_purpur_lantern",
      "required": false
    },
    {
      "id": "additionallanterns:lime_quartz_lantern",
      "required": false
    },
    {
      "id": "additionallanterns:lime_red_nether_bricks_lantern",
      "required": false
    },
    {
      "id": "additionallanterns:lime_red_sandstone_lantern",
      "required": false
    },
    {
      "id": "additionallanterns:lime_smooth_stone_lantern",
      "required": false
    },
    {
      "id": "additionallanterns:lime_stone_lantern",
      "required": false
    },
    {
      "id": "additionallanterns:lime_stone_bricks_lantern",
      "required": false
    },
    {
      "id": "additionallanterns:lime_warped_lantern",
      "required": false
    },
    {
      "id": "additionallanterns:lime_waxed_exposed_copper_lantern",
      "required": false
    },
    {
      "id": "additionallanterns:lime_waxed_copper_lantern",
      "required": false
    },
    {
      "id": "additionallanterns:lime_waxed_oxidized_copper_lantern",
      "required": false
    },
    {
      "id": "additionallanterns:lime_waxed_weathered_copper_lantern",
      "required": false
    },
    {
      "id": "additionallanterns:lime_weathered_copper_lantern",
      "required": false
    },
    {
      "id": "additionallanterns:pink_amethyst_lantern",
      "required": false
    },
    {
      "id": "additionallanterns:pink_andesite_lantern",
      "required": false
    },
    {
      "id": "additionallanterns:pink_basalt_lantern",
      "required": false
    },
    {
      "id": "additionallanterns:pink_blackstone_lantern",
      "required": false
    },
    {
      "id": "additionallanterns:pink_bone_lantern",
      "required": false
    },
    {
      "id": "additionallanterns:pink_bricks_lantern",
      "required": false
    },
    {
      "id": "additionallanterns:pink_cobblestone_lantern",
      "required": false
    },
    {
      "id": "additionallanterns:pink_cobbled_deepslate_lantern",
      "required": false
    },
    {
      "id": "additionallanterns:pink_copper_lantern",
      "required": false
    },
    {
      "id": "additionallanterns:pink_crimson_lantern",
      "required": false
    },
    {
      "id": "additionallanterns:pink_dark_prismarine_lantern",
      "required": false
    },
    {
      "id": "additionallanterns:pink_deepslate_bricks_lantern",
      "required": false
    },
    {
      "id": "additionallanterns:pink_diamond_lantern",
      "required": false
    },
    {
      "id": "additionallanterns:pink_diorite_lantern",
      "required": false
    },
    {
      "id": "additionallanterns:pink_emerald_lantern",
      "required": false
    },
    {
      "id": "additionallanterns:pink_end_stone_lantern",
      "required": false
    },
    {
      "id": "additionallanterns:pink_exposed_copper_lantern",
      "required": false
    },
    {
      "id": "additionallanterns:pink_gold_lantern",
      "required": false
    },
    {
      "id": "additionallanterns:pink_granite_lantern",
      "required": false
    },
    {
      "id": "additionallanterns:pink_iron_lantern",
      "required": false
    },
    {
      "id": "additionallanterns:pink_mossy_cobblestone_lantern",
      "required": false
    },
    {
      "id": "additionallanterns:pink_netherite_lantern",
      "required": false
    },
    {
      "id": "additionallanterns:pink_normal_lantern",
      "required": false
    },
    {
      "id": "additionallanterns:pink_normal_nether_bricks_lantern",
      "required": false
    },
    {
      "id": "additionallanterns:pink_normal_sandstone_lantern",
      "required": false
    },
    {
      "id": "additionallanterns:pink_obsidian_lantern",
      "required": false
    },
    {
      "id": "additionallanterns:pink_oxidized_copper_lantern",
      "required": false
    },
    {
      "id": "additionallanterns:pink_prismarine_lantern",
      "required": false
    },
    {
      "id": "additionallanterns:pink_purpur_lantern",
      "required": false
    },
    {
      "id": "additionallanterns:pink_quartz_lantern",
      "required": false
    },
    {
      "id": "additionallanterns:pink_red_nether_bricks_lantern",
      "required": false
    },
    {
      "id": "additionallanterns:pink_red_sandstone_lantern",
      "required": false
    },
    {
      "id": "additionallanterns:pink_smooth_stone_lantern",
      "required": false
    },
    {
      "id": "additionallanterns:pink_stone_lantern",
      "required": false
    },
    {
      "id": "additionallanterns:pink_stone_bricks_lantern",
      "required": false
    },
    {
      "id": "additionallanterns:pink_warped_lantern",
      "required": false
    },
    {
      "id": "additionallanterns:pink_waxed_exposed_copper_lantern",
      "required": false
    },
    {
      "id": "additionallanterns:pink_waxed_copper_lantern",
      "required": false
    },
    {
      "id": "additionallanterns:pink_waxed_oxidized_copper_lantern",
      "required": false
    },
    {
      "id": "additionallanterns:pink_waxed_weathered_copper_lantern",
      "required": false
    },
    {
      "id": "additionallanterns:pink_weathered_copper_lantern",
      "required": false
    },
    {
      "id": "additionallanterns:gray_amethyst_lantern",
      "required": false
    },
    {
      "id": "additionallanterns:gray_andesite_lantern",
      "required": false
    },
    {
      "id": "additionallanterns:gray_basalt_lantern",
      "required": false
    },
    {
      "id": "additionallanterns:gray_blackstone_lantern",
      "required": false
    },
    {
      "id": "additionallanterns:gray_bone_lantern",
      "required": false
    },
    {
      "id": "additionallanterns:gray_bricks_lantern",
      "required": false
    },
    {
      "id": "additionallanterns:gray_cobblestone_lantern",
      "required": false
    },
    {
      "id": "additionallanterns:gray_cobbled_deepslate_lantern",
      "required": false
    },
    {
      "id": "additionallanterns:gray_copper_lantern",
      "required": false
    },
    {
      "id": "additionallanterns:gray_crimson_lantern",
      "required": false
    },
    {
      "id": "additionallanterns:gray_dark_prismarine_lantern",
      "required": false
    },
    {
      "id": "additionallanterns:gray_deepslate_bricks_lantern",
      "required": false
    },
    {
      "id": "additionallanterns:gray_diamond_lantern",
      "required": false
    },
    {
      "id": "additionallanterns:gray_diorite_lantern",
      "required": false
    },
    {
      "id": "additionallanterns:gray_emerald_lantern",
      "required": false
    },
    {
      "id": "additionallanterns:gray_end_stone_lantern",
      "required": false
    },
    {
      "id": "additionallanterns:gray_exposed_copper_lantern",
      "required": false
    },
    {
      "id": "additionallanterns:gray_gold_lantern",
      "required": false
    },
    {
      "id": "additionallanterns:gray_granite_lantern",
      "required": false
    },
    {
      "id": "additionallanterns:gray_iron_lantern",
      "required": false
    },
    {
      "id": "additionallanterns:gray_mossy_cobblestone_lantern",
      "required": false
    },
    {
      "id": "additionallanterns:gray_netherite_lantern",
      "required": false
    },
    {
      "id": "additionallanterns:gray_normal_lantern",
      "required": false
    },
    {
      "id": "additionallanterns:gray_normal_nether_bricks_lantern",
      "required": false
    },
    {
      "id": "additionallanterns:gray_normal_sandstone_lantern",
      "required": false
    },
    {
      "id": "additionallanterns:gray_obsidian_lantern",
      "required": false
    },
    {
      "id": "additionallanterns:gray_oxidized_copper_lantern",
      "required": false
    },
    {
      "id": "additionallanterns:gray_prismarine_lantern",
      "required": false
    },
    {
      "id": "additionallanterns:gray_purpur_lantern",
      "required": false
    },
    {
      "id": "additionallanterns:gray_quartz_lantern",
      "required": false
    },
    {
      "id": "additionallanterns:gray_red_nether_bricks_lantern",
      "required": false
    },
    {
      "id": "additionallanterns:gray_red_sandstone_lantern",
      "required": false
    },
    {
      "id": "additionallanterns:gray_smooth_stone_lantern",
      "required": false
    },
    {
      "id": "additionallanterns:gray_stone_lantern",
      "required": false
    },
    {
      "id": "additionallanterns:gray_stone_bricks_lantern",
      "required": false
    },
    {
      "id": "additionallanterns:gray_warped_lantern",
      "required": false
    },
    {
      "id": "additionallanterns:gray_waxed_exposed_copper_lantern",
      "required": false
    },
    {
      "id": "additionallanterns:gray_waxed_copper_lantern",
      "required": false
    },
    {
      "id": "additionallanterns:gray_waxed_oxidized_copper_lantern",
      "required": false
    },
    {
      "id": "additionallanterns:gray_waxed_weathered_copper_lantern",
      "required": false
    },
    {
      "id": "additionallanterns:gray_weathered_copper_lantern",
      "required": false
    },
    {
      "id": "additionallanterns:light_gray_amethyst_lantern",
      "required": false
    },
    {
      "id": "additionallanterns:light_gray_andesite_lantern",
      "required": false
    },
    {
      "id": "additionallanterns:light_gray_basalt_lantern",
      "required": false
    },
    {
      "id": "additionallanterns:light_gray_blackstone_lantern",
      "required": false
    },
    {
      "id": "additionallanterns:light_gray_bone_lantern",
      "required": false
    },
    {
      "id": "additionallanterns:light_gray_bricks_lantern",
      "required": false
    },
    {
      "id": "additionallanterns:light_gray_cobblestone_lantern",
      "required": false
    },
    {
      "id": "additionallanterns:light_gray_cobbled_deepslate_lantern",
      "required": false
    },
    {
      "id": "additionallanterns:light_gray_copper_lantern",
      "required": false
    },
    {
      "id": "additionallanterns:light_gray_crimson_lantern",
      "required": false
    },
    {
      "id": "additionallanterns:light_gray_dark_prismarine_lantern",
      "required": false
    },
    {
      "id": "additionallanterns:light_gray_deepslate_bricks_lantern",
      "required": false
    },
    {
      "id": "additionallanterns:light_gray_diamond_lantern",
      "required": false
    },
    {
      "id": "additionallanterns:light_gray_diorite_lantern",
      "required": false
    },
    {
      "id": "additionallanterns:light_gray_emerald_lantern",
      "required": false
    },
    {
      "id": "additionallanterns:light_gray_end_stone_lantern",
      "required": false
    },
    {
      "id": "additionallanterns:light_gray_exposed_copper_lantern",
      "required": false
    },
    {
      "id": "additionallanterns:light_gray_gold_lantern",
      "required": false
    },
    {
      "id": "additionallanterns:light_gray_granite_lantern",
      "required": false
    },
    {
      "id": "additionallanterns:light_gray_iron_lantern",
      "required": false
    },
    {
      "id": "additionallanterns:light_gray_mossy_cobblestone_lantern",
      "required": false
    },
    {
      "id": "additionallanterns:light_gray_netherite_lantern",
      "required": false
    },
    {
      "id": "additionallanterns:light_gray_normal_lantern",
      "required": false
    },
    {
      "id": "additionallanterns:light_gray_normal_nether_bricks_lantern",
      "required": false
    },
    {
      "id": "additionallanterns:light_gray_normal_sandstone_lantern",
      "required": false
    },
    {
      "id": "additionallanterns:light_gray_obsidian_lantern",
      "required": false
    },
    {
      "id": "additionallanterns:light_gray_oxidized_copper_lantern",
      "required": false
    },
    {
      "id": "additionallanterns:light_gray_prismarine_lantern",
      "required": false
    },
    {
      "id": "additionallanterns:light_gray_purpur_lantern",
      "required": false
    },
    {
      "id": "additionallanterns:light_gray_quartz_lantern",
      "required": false
    },
    {
      "id": "additionallanterns:light_gray_red_nether_bricks_lantern",
      "required": false
    },
    {
      "id": "additionallanterns:light_gray_red_sandstone_lantern",
      "required": false
    },
    {
      "id": "additionallanterns:light_gray_smooth_stone_lantern",
      "required": false
    },
    {
      "id": "additionallanterns:light_gray_stone_lantern",
      "required": false
    },
    {
      "id": "additionallanterns:light_gray_stone_bricks_lantern",
      "required": false
    },
    {
      "id": "additionallanterns:light_gray_warped_lantern",
      "required": false
    },
    {
      "id": "additionallanterns:light_gray_waxed_exposed_copper_lantern",
      "required": false
    },
    {
      "id": "additionallanterns:light_gray_waxed_copper_lantern",
      "required": false
    },
    {
      "id": "additionallanterns:light_gray_waxed_oxidized_copper_lantern",
      "required": false
    },
    {
      "id": "additionallanterns:light_gray_waxed_weathered_copper_lantern",
      "required": false
    },
    {
      "id": "additionallanterns:light_gray_weathered_copper_lantern",
      "required": false
    },
    {
      "id": "additionallanterns:cyan_amethyst_lantern",
      "required": false
    },
    {
      "id": "additionallanterns:cyan_andesite_lantern",
      "required": false
    },
    {
      "id": "additionallanterns:cyan_basalt_lantern",
      "required": false
    },
    {
      "id": "additionallanterns:cyan_blackstone_lantern",
      "required": false
    },
    {
      "id": "additionallanterns:cyan_bone_lantern",
      "required": false
    },
    {
      "id": "additionallanterns:cyan_bricks_lantern",
      "required": false
    },
    {
      "id": "additionallanterns:cyan_cobblestone_lantern",
      "required": false
    },
    {
      "id": "additionallanterns:cyan_cobbled_deepslate_lantern",
      "required": false
    },
    {
      "id": "additionallanterns:cyan_copper_lantern",
      "required": false
    },
    {
      "id": "additionallanterns:cyan_crimson_lantern",
      "required": false
    },
    {
      "id": "additionallanterns:cyan_dark_prismarine_lantern",
      "required": false
    },
    {
      "id": "additionallanterns:cyan_deepslate_bricks_lantern",
      "required": false
    },
    {
      "id": "additionallanterns:cyan_diamond_lantern",
      "required": false
    },
    {
      "id": "additionallanterns:cyan_diorite_lantern",
      "required": false
    },
    {
      "id": "additionallanterns:cyan_emerald_lantern",
      "required": false
    },
    {
      "id": "additionallanterns:cyan_end_stone_lantern",
      "required": false
    },
    {
      "id": "additionallanterns:cyan_exposed_copper_lantern",
      "required": false
    },
    {
      "id": "additionallanterns:cyan_gold_lantern",
      "required": false
    },
    {
      "id": "additionallanterns:cyan_granite_lantern",
      "required": false
    },
    {
      "id": "additionallanterns:cyan_iron_lantern",
      "required": false
    },
    {
      "id": "additionallanterns:cyan_mossy_cobblestone_lantern",
      "required": false
    },
    {
      "id": "additionallanterns:cyan_netherite_lantern",
      "required": false
    },
    {
      "id": "additionallanterns:cyan_normal_lantern",
      "required": false
    },
    {
      "id": "additionallanterns:cyan_normal_nether_bricks_lantern",
      "required": false
    },
    {
      "id": "additionallanterns:cyan_normal_sandstone_lantern",
      "required": false
    },
    {
      "id": "additionallanterns:cyan_obsidian_lantern",
      "required": false
    },
    {
      "id": "additionallanterns:cyan_oxidized_copper_lantern",
      "required": false
    },
    {
      "id": "additionallanterns:cyan_prismarine_lantern",
      "required": false
    },
    {
      "id": "additionallanterns:cyan_purpur_lantern",
      "required": false
    },
    {
      "id": "additionallanterns:cyan_quartz_lantern",
      "required": false
    },
    {
      "id": "additionallanterns:cyan_red_nether_bricks_lantern",
      "required": false
    },
    {
      "id": "additionallanterns:cyan_red_sandstone_lantern",
      "required": false
    },
    {
      "id": "additionallanterns:cyan_smooth_stone_lantern",
      "required": false
    },
    {
      "id": "additionallanterns:cyan_stone_lantern",
      "required": false
    },
    {
      "id": "additionallanterns:cyan_stone_bricks_lantern",
      "required": false
    },
    {
      "id": "additionallanterns:cyan_warped_lantern",
      "required": false
    },
    {
      "id": "additionallanterns:cyan_waxed_exposed_copper_lantern",
      "required": false
    },
    {
      "id": "additionallanterns:cyan_waxed_copper_lantern",
      "required": false
    },
    {
      "id": "additionallanterns:cyan_waxed_oxidized_copper_lantern",
      "required": false
    },
    {
      "id": "additionallanterns:cyan_waxed_weathered_copper_lantern",
      "required": false
    },
    {
      "id": "additionallanterns:cyan_weathered_copper_lantern",
      "required": false
    },
    {
      "id": "additionallanterns:purple_amethyst_lantern",
      "required": false
    },
    {
      "id": "additionallanterns:purple_andesite_lantern",
      "required": false
    },
    {
      "id": "additionallanterns:purple_basalt_lantern",
      "required": false
    },
    {
      "id": "additionallanterns:purple_blackstone_lantern",
      "required": false
    },
    {
      "id": "additionallanterns:purple_bone_lantern",
      "required": false
    },
    {
      "id": "additionallanterns:purple_bricks_lantern",
      "required": false
    },
    {
      "id": "additionallanterns:purple_cobblestone_lantern",
      "required": false
    },
    {
      "id": "additionallanterns:purple_cobbled_deepslate_lantern",
      "required": false
    },
    {
      "id": "additionallanterns:purple_copper_lantern",
      "required": false
    },
    {
      "id": "additionallanterns:purple_crimson_lantern",
      "required": false
    },
    {
      "id": "additionallanterns:purple_dark_prismarine_lantern",
      "required": false
    },
    {
      "id": "additionallanterns:purple_deepslate_bricks_lantern",
      "required": false
    },
    {
      "id": "additionallanterns:purple_diamond_lantern",
      "required": false
    },
    {
      "id": "additionallanterns:purple_diorite_lantern",
      "required": false
    },
    {
      "id": "additionallanterns:purple_emerald_lantern",
      "required": false
    },
    {
      "id": "additionallanterns:purple_end_stone_lantern",
      "required": false
    },
    {
      "id": "additionallanterns:purple_exposed_copper_lantern",
      "required": false
    },
    {
      "id": "additionallanterns:purple_gold_lantern",
      "required": false
    },
    {
      "id": "additionallanterns:purple_granite_lantern",
      "required": false
    },
    {
      "id": "additionallanterns:purple_iron_lantern",
      "required": false
    },
    {
      "id": "additionallanterns:purple_mossy_cobblestone_lantern",
      "required": false
    },
    {
      "id": "additionallanterns:purple_netherite_lantern",
      "required": false
    },
    {
      "id": "additionallanterns:purple_normal_lantern",
      "required": false
    },
    {
      "id": "additionallanterns:purple_normal_nether_bricks_lantern",
      "required": false
    },
    {
      "id": "additionallanterns:purple_normal_sandstone_lantern",
      "required": false
    },
    {
      "id": "additionallanterns:purple_obsidian_lantern",
      "required": false
    },
    {
      "id": "additionallanterns:purple_oxidized_copper_lantern",
      "required": false
    },
    {
      "id": "additionallanterns:purple_prismarine_lantern",
      "required": false
    },
    {
      "id": "additionallanterns:purple_purpur_lantern",
      "required": false
    },
    {
      "id": "additionallanterns:purple_quartz_lantern",
      "required": false
    },
    {
      "id": "additionallanterns:purple_red_nether_bricks_lantern",
      "required": false
    },
    {
      "id": "additionallanterns:purple_red_sandstone_lantern",
      "required": false
    },
    {
      "id": "additionallanterns:purple_smooth_stone_lantern",
      "required": false
    },
    {
      "id": "additionallanterns:purple_stone_lantern",
      "required": false
    },
    {
      "id": "additionallanterns:purple_stone_bricks_lantern",
      "required": false
    },
    {
      "id": "additionallanterns:purple_warped_lantern",
      "required": false
    },
    {
      "id": "additionallanterns:purple_waxed_exposed_copper_lantern",
      "required": false
    },
    {
      "id": "additionallanterns:purple_waxed_copper_lantern",
      "required": false
    },
    {
      "id": "additionallanterns:purple_waxed_oxidized_copper_lantern",
      "required": false
    },
    {
      "id": "additionallanterns:purple_waxed_weathered_copper_lantern",
      "required": false
    },
    {
      "id": "additionallanterns:purple_weathered_copper_lantern",
      "required": false
    },
    {
      "id": "additionallanterns:blue_amethyst_lantern",
      "required": false
    },
    {
      "id": "additionallanterns:blue_andesite_lantern",
      "required": false
    },
    {
      "id": "additionallanterns:blue_basalt_lantern",
      "required": false
    },
    {
      "id": "additionallanterns:blue_blackstone_lantern",
      "required": false
    },
    {
      "id": "additionallanterns:blue_bone_lantern",
      "required": false
    },
    {
      "id": "additionallanterns:blue_bricks_lantern",
      "required": false
    },
    {
      "id": "additionallanterns:blue_cobblestone_lantern",
      "required": false
    },
    {
      "id": "additionallanterns:blue_cobbled_deepslate_lantern",
      "required": false
    },
    {
      "id": "additionallanterns:blue_copper_lantern",
      "required": false
    },
    {
      "id": "additionallanterns:blue_crimson_lantern",
      "required": false
    },
    {
      "id": "additionallanterns:blue_dark_prismarine_lantern",
      "required": false
    },
    {
      "id": "additionallanterns:blue_deepslate_bricks_lantern",
      "required": false
    },
    {
      "id": "additionallanterns:blue_diamond_lantern",
      "required": false
    },
    {
      "id": "additionallanterns:blue_diorite_lantern",
      "required": false
    },
    {
      "id": "additionallanterns:blue_emerald_lantern",
      "required": false
    },
    {
      "id": "additionallanterns:blue_end_stone_lantern",
      "required": false
    },
    {
      "id": "additionallanterns:blue_exposed_copper_lantern",
      "required": false
    },
    {
      "id": "additionallanterns:blue_gold_lantern",
      "required": false
    },
    {
      "id": "additionallanterns:blue_granite_lantern",
      "required": false
    },
    {
      "id": "additionallanterns:blue_iron_lantern",
      "required": false
    },
    {
      "id": "additionallanterns:blue_mossy_cobblestone_lantern",
      "required": false
    },
    {
      "id": "additionallanterns:blue_netherite_lantern",
      "required": false
    },
    {
      "id": "additionallanterns:blue_normal_lantern",
      "required": false
    },
    {
      "id": "additionallanterns:blue_normal_nether_bricks_lantern",
      "required": false
    },
    {
      "id": "additionallanterns:blue_normal_sandstone_lantern",
      "required": false
    },
    {
      "id": "additionallanterns:blue_obsidian_lantern",
      "required": false
    },
    {
      "id": "additionallanterns:blue_oxidized_copper_lantern",
      "required": false
    },
    {
      "id": "additionallanterns:blue_prismarine_lantern",
      "required": false
    },
    {
      "id": "additionallanterns:blue_purpur_lantern",
      "required": false
    },
    {
      "id": "additionallanterns:blue_quartz_lantern",
      "required": false
    },
    {
      "id": "additionallanterns:blue_red_nether_bricks_lantern",
      "required": false
    },
    {
      "id": "additionallanterns:blue_red_sandstone_lantern",
      "required": false
    },
    {
      "id": "additionallanterns:blue_smooth_stone_lantern",
      "required": false
    },
    {
      "id": "additionallanterns:blue_stone_lantern",
      "required": false
    },
    {
      "id": "additionallanterns:blue_stone_bricks_lantern",
      "required": false
    },
    {
      "id": "additionallanterns:blue_warped_lantern",
      "required": false
    },
    {
      "id": "additionallanterns:blue_waxed_exposed_copper_lantern",
      "required": false
    },
    {
      "id": "additionallanterns:blue_waxed_copper_lantern",
      "required": false
    },
    {
      "id": "additionallanterns:blue_waxed_oxidized_copper_lantern",
      "required": false
    },
    {
      "id": "additionallanterns:blue_waxed_weathered_copper_lantern",
      "required": false
    },
    {
      "id": "additionallanterns:blue_weathered_copper_lantern",
      "required": false
    },
    {
      "id": "additionallanterns:brown_amethyst_lantern",
      "required": false
    },
    {
      "id": "additionallanterns:brown_andesite_lantern",
      "required": false
    },
    {
      "id": "additionallanterns:brown_basalt_lantern",
      "required": false
    },
    {
      "id": "additionallanterns:brown_blackstone_lantern",
      "required": false
    },
    {
      "id": "additionallanterns:brown_bone_lantern",
      "required": false
    },
    {
      "id": "additionallanterns:brown_bricks_lantern",
      "required": false
    },
    {
      "id": "additionallanterns:brown_cobblestone_lantern",
      "required": false
    },
    {
      "id": "additionallanterns:brown_cobbled_deepslate_lantern",
      "required": false
    },
    {
      "id": "additionallanterns:brown_copper_lantern",
      "required": false
    },
    {
      "id": "additionallanterns:brown_crimson_lantern",
      "required": false
    },
    {
      "id": "additionallanterns:brown_dark_prismarine_lantern",
      "required": false
    },
    {
      "id": "additionallanterns:brown_deepslate_bricks_lantern",
      "required": false
    },
    {
      "id": "additionallanterns:brown_diamond_lantern",
      "required": false
    },
    {
      "id": "additionallanterns:brown_diorite_lantern",
      "required": false
    },
    {
      "id": "additionallanterns:brown_emerald_lantern",
      "required": false
    },
    {
      "id": "additionallanterns:brown_end_stone_lantern",
      "required": false
    },
    {
      "id": "additionallanterns:brown_exposed_copper_lantern",
      "required": false
    },
    {
      "id": "additionallanterns:brown_gold_lantern",
      "required": false
    },
    {
      "id": "additionallanterns:brown_granite_lantern",
      "required": false
    },
    {
      "id": "additionallanterns:brown_iron_lantern",
      "required": false
    },
    {
      "id": "additionallanterns:brown_mossy_cobblestone_lantern",
      "required": false
    },
    {
      "id": "additionallanterns:brown_netherite_lantern",
      "required": false
    },
    {
      "id": "additionallanterns:brown_normal_lantern",
      "required": false
    },
    {
      "id": "additionallanterns:brown_normal_nether_bricks_lantern",
      "required": false
    },
    {
      "id": "additionallanterns:brown_normal_sandstone_lantern",
      "required": false
    },
    {
      "id": "additionallanterns:brown_obsidian_lantern",
      "required": false
    },
    {
      "id": "additionallanterns:brown_oxidized_copper_lantern",
      "required": false
    },
    {
      "id": "additionallanterns:brown_prismarine_lantern",
      "required": false
    },
    {
      "id": "additionallanterns:brown_purpur_lantern",
      "required": false
    },
    {
      "id": "additionallanterns:brown_quartz_lantern",
      "required": false
    },
    {
      "id": "additionallanterns:brown_red_nether_bricks_lantern",
      "required": false
    },
    {
      "id": "additionallanterns:brown_red_sandstone_lantern",
      "required": false
    },
    {
      "id": "additionallanterns:brown_smooth_stone_lantern",
      "required": false
    },
    {
      "id": "additionallanterns:brown_stone_lantern",
      "required": false
    },
    {
      "id": "additionallanterns:brown_stone_bricks_lantern",
      "required": false
    },
    {
      "id": "additionallanterns:brown_warped_lantern",
      "required": false
    },
    {
      "id": "additionallanterns:brown_waxed_exposed_copper_lantern",
      "required": false
    },
    {
      "id": "additionallanterns:brown_waxed_copper_lantern",
      "required": false
    },
    {
      "id": "additionallanterns:brown_waxed_oxidized_copper_lantern",
      "required": false
    },
    {
      "id": "additionallanterns:brown_waxed_weathered_copper_lantern",
      "required": false
    },
    {
      "id": "additionallanterns:brown_weathered_copper_lantern",
      "required": false
    },
    {
      "id": "additionallanterns:green_amethyst_lantern",
      "required": false
    },
    {
      "id": "additionallanterns:green_andesite_lantern",
      "required": false
    },
    {
      "id": "additionallanterns:green_basalt_lantern",
      "required": false
    },
    {
      "id": "additionallanterns:green_blackstone_lantern",
      "required": false
    },
    {
      "id": "additionallanterns:green_bone_lantern",
      "required": false
    },
    {
      "id": "additionallanterns:green_bricks_lantern",
      "required": false
    },
    {
      "id": "additionallanterns:green_cobblestone_lantern",
      "required": false
    },
    {
      "id": "additionallanterns:green_cobbled_deepslate_lantern",
      "required": false
    },
    {
      "id": "additionallanterns:green_copper_lantern",
      "required": false
    },
    {
      "id": "additionallanterns:green_crimson_lantern",
      "required": false
    },
    {
      "id": "additionallanterns:green_dark_prismarine_lantern",
      "required": false
    },
    {
      "id": "additionallanterns:green_deepslate_bricks_lantern",
      "required": false
    },
    {
      "id": "additionallanterns:green_diamond_lantern",
      "required": false
    },
    {
      "id": "additionallanterns:green_diorite_lantern",
      "required": false
    },
    {
      "id": "additionallanterns:green_emerald_lantern",
      "required": false
    },
    {
      "id": "additionallanterns:green_end_stone_lantern",
      "required": false
    },
    {
      "id": "additionallanterns:green_exposed_copper_lantern",
      "required": false
    },
    {
      "id": "additionallanterns:green_gold_lantern",
      "required": false
    },
    {
      "id": "additionallanterns:green_granite_lantern",
      "required": false
    },
    {
      "id": "additionallanterns:green_iron_lantern",
      "required": false
    },
    {
      "id": "additionallanterns:green_mossy_cobblestone_lantern",
      "required": false
    },
    {
      "id": "additionallanterns:green_netherite_lantern",
      "required": false
    },
    {
      "id": "additionallanterns:green_normal_lantern",
      "required": false
    },
    {
      "id": "additionallanterns:green_normal_nether_bricks_lantern",
      "required": false
    },
    {
      "id": "additionallanterns:green_normal_sandstone_lantern",
      "required": false
    },
    {
      "id": "additionallanterns:green_obsidian_lantern",
      "required": false
    },
    {
      "id": "additionallanterns:green_oxidized_copper_lantern",
      "required": false
    },
    {
      "id": "additionallanterns:green_prismarine_lantern",
      "required": false
    },
    {
      "id": "additionallanterns:green_purpur_lantern",
      "required": false
    },
    {
      "id": "additionallanterns:green_quartz_lantern",
      "required": false
    },
    {
      "id": "additionallanterns:green_red_nether_bricks_lantern",
      "required": false
    },
    {
      "id": "additionallanterns:green_red_sandstone_lantern",
      "required": false
    },
    {
      "id": "additionallanterns:green_smooth_stone_lantern",
      "required": false
    },
    {
      "id": "additionallanterns:green_stone_lantern",
      "required": false
    },
    {
      "id": "additionallanterns:green_stone_bricks_lantern",
      "required": false
    },
    {
      "id": "additionallanterns:green_warped_lantern",
      "required": false
    },
    {
      "id": "additionallanterns:green_waxed_exposed_copper_lantern",
      "required": false
    },
    {
      "id": "additionallanterns:green_waxed_copper_lantern",
      "required": false
    },
    {
      "id": "additionallanterns:green_waxed_oxidized_copper_lantern",
      "required": false
    },
    {
      "id": "additionallanterns:green_waxed_weathered_copper_lantern",
      "required": false
    },
    {
      "id": "additionallanterns:green_weathered_copper_lantern",
      "required": false
    },
    {
      "id": "additionallanterns:red_amethyst_lantern",
      "required": false
    },
    {
      "id": "additionallanterns:red_andesite_lantern",
      "required": false
    },
    {
      "id": "additionallanterns:red_basalt_lantern",
      "required": false
    },
    {
      "id": "additionallanterns:red_blackstone_lantern",
      "required": false
    },
    {
      "id": "additionallanterns:red_bone_lantern",
      "required": false
    },
    {
      "id": "additionallanterns:red_bricks_lantern",
      "required": false
    },
    {
      "id": "additionallanterns:red_cobblestone_lantern",
      "required": false
    },
    {
      "id": "additionallanterns:red_cobbled_deepslate_lantern",
      "required": false
    },
    {
      "id": "additionallanterns:red_copper_lantern",
      "required": false
    },
    {
      "id": "additionallanterns:red_crimson_lantern",
      "required": false
    },
    {
      "id": "additionallanterns:red_dark_prismarine_lantern",
      "required": false
    },
    {
      "id": "additionallanterns:red_deepslate_bricks_lantern",
      "required": false
    },
    {
      "id": "additionallanterns:red_diamond_lantern",
      "required": false
    },
    {
      "id": "additionallanterns:red_diorite_lantern",
      "required": false
    },
    {
      "id": "additionallanterns:red_emerald_lantern",
      "required": false
    },
    {
      "id": "additionallanterns:red_end_stone_lantern",
      "required": false
    },
    {
      "id": "additionallanterns:red_exposed_copper_lantern",
      "required": false
    },
    {
      "id": "additionallanterns:red_gold_lantern",
      "required": false
    },
    {
      "id": "additionallanterns:red_granite_lantern",
      "required": false
    },
    {
      "id": "additionallanterns:red_iron_lantern",
      "required": false
    },
    {
      "id": "additionallanterns:red_mossy_cobblestone_lantern",
      "required": false
    },
    {
      "id": "additionallanterns:red_netherite_lantern",
      "required": false
    },
    {
      "id": "additionallanterns:red_normal_lantern",
      "required": false
    },
    {
      "id": "additionallanterns:red_normal_nether_bricks_lantern",
      "required": false
    },
    {
      "id": "additionallanterns:red_normal_sandstone_lantern",
      "required": false
    },
    {
      "id": "additionallanterns:red_obsidian_lantern",
      "required": false
    },
    {
      "id": "additionallanterns:red_oxidized_copper_lantern",
      "required": false
    },
    {
      "id": "additionallanterns:red_prismarine_lantern",
      "required": false
    },
    {
      "id": "additionallanterns:red_purpur_lantern",
      "required": false
    },
    {
      "id": "additionallanterns:red_quartz_lantern",
      "required": false
    },
    {
      "id": "additionallanterns:red_red_nether_bricks_lantern",
      "required": false
    },
    {
      "id": "additionallanterns:red_red_sandstone_lantern",
      "required": false
    },
    {
      "id": "additionallanterns:red_smooth_stone_lantern",
      "required": false
    },
    {
      "id": "additionallanterns:red_stone_lantern",
      "required": false
    },
    {
      "id": "additionallanterns:red_stone_bricks_lantern",
      "required": false
    },
    {
      "id": "additionallanterns:red_warped_lantern",
      "required": false
    },
    {
      "id": "additionallanterns:red_waxed_exposed_copper_lantern",
      "required": false
    },
    {
      "id": "additionallanterns:red_waxed_copper_lantern",
      "required": false
    },
    {
      "id": "additionallanterns:red_waxed_oxidized_copper_lantern",
      "required": false
    },
    {
      "id": "additionallanterns:red_waxed_weathered_copper_lantern",
      "required": false
    },
    {
      "id": "additionallanterns:red_weathered_copper_lantern",
      "required": false
    },
    {
      "id": "additionallanterns:black_amethyst_lantern",
      "required": false
    },
    {
      "id": "additionallanterns:black_andesite_lantern",
      "required": false
    },
    {
      "id": "additionallanterns:black_basalt_lantern",
      "required": false
    },
    {
      "id": "additionallanterns:black_blackstone_lantern",
      "required": false
    },
    {
      "id": "additionallanterns:black_bone_lantern",
      "required": false
    },
    {
      "id": "additionallanterns:black_bricks_lantern",
      "required": false
    },
    {
      "id": "additionallanterns:black_cobblestone_lantern",
      "required": false
    },
    {
      "id": "additionallanterns:black_cobbled_deepslate_lantern",
      "required": false
    },
    {
      "id": "additionallanterns:black_copper_lantern",
      "required": false
    },
    {
      "id": "additionallanterns:black_crimson_lantern",
      "required": false
    },
    {
      "id": "additionallanterns:black_dark_prismarine_lantern",
      "required": false
    },
    {
      "id": "additionallanterns:black_deepslate_bricks_lantern",
      "required": false
    },
    {
      "id": "additionallanterns:black_diamond_lantern",
      "required": false
    },
    {
      "id": "additionallanterns:black_diorite_lantern",
      "required": false
    },
    {
      "id": "additionallanterns:black_emerald_lantern",
      "required": false
    },
    {
      "id": "additionallanterns:black_end_stone_lantern",
      "required": false
    },
    {
      "id": "additionallanterns:black_exposed_copper_lantern",
      "required": false
    },
    {
      "id": "additionallanterns:black_gold_lantern",
      "required": false
    },
    {
      "id": "additionallanterns:black_granite_lantern",
      "required": false
    },
    {
      "id": "additionallanterns:black_iron_lantern",
      "required": false
    },
    {
      "id": "additionallanterns:black_mossy_cobblestone_lantern",
      "required": false
    },
    {
      "id": "additionallanterns:black_netherite_lantern",
      "required": false
    },
    {
      "id": "additionallanterns:black_normal_lantern",
      "required": false
    },
    {
      "id": "additionallanterns:black_normal_nether_bricks_lantern",
      "required": false
    },
    {
      "id": "additionallanterns:black_normal_sandstone_lantern",
      "required": false
    },
    {
      "id": "additionallanterns:black_obsidian_lantern",
      "required": false
    },
    {
      "id": "additionallanterns:black_oxidized_copper_lantern",
      "required": false
    },
    {
      "id": "additionallanterns:black_prismarine_lantern",
      "required": false
    },
    {
      "id": "additionallanterns:black_purpur_lantern",
      "required": false
    },
    {
      "id": "additionallanterns:black_quartz_lantern",
      "required": false
    },
    {
      "id": "additionallanterns:black_red_nether_bricks_lantern",
      "required": false
    },
    {
      "id": "additionallanterns:black_red_sandstone_lantern",
      "required": false
    },
    {
      "id": "additionallanterns:black_smooth_stone_lantern",
      "required": false
    },
    {
      "id": "additionallanterns:black_stone_lantern",
      "required": false
    },
    {
      "id": "additionallanterns:black_stone_bricks_lantern",
      "required": false
    },
    {
      "id": "additionallanterns:black_warped_lantern",
      "required": false
    },
    {
      "id": "additionallanterns:black_waxed_exposed_copper_lantern",
      "required": false
    },
    {
      "id": "additionallanterns:black_waxed_copper_lantern",
      "required": false
    },
    {
      "id": "additionallanterns:black_waxed_oxidized_copper_lantern",
      "required": false
    },
    {
      "id": "additionallanterns:black_waxed_weathered_copper_lantern",
      "required": false
    },
    {
      "id": "additionallanterns:black_weathered_copper_lantern",
      "required": false
    }
  ]
}
