{
	"format_version": "1.21.6",
	"credit": "Made by Satisfy",
	"textures": {
		"0": "bakery:block/bread_crate_1",
		"1": "bakery:block/bread_crate_2",
		"2": "bakery:block/baguette",
		"3": "bakery:block/crusty_bread",
		"4": "bakery:block/bread",
		"5": "bakery:block/bun",
		"particle": "bakery:block/bread_crate_1"
	},
	"elements": [
		{
			"name": "bottom",
			"from": [3, 0, 3],
			"to": [13, 1, 13],
			"rotation": {"angle": 0, "axis": "y", "origin": [3, 0, 0]},
			"faces": {
				"north": {"uv": [0, 0, 10, 1], "texture": "#1"},
				"east": {"uv": [0, 0, 10, 1], "texture": "#1"},
				"south": {"uv": [0, 0, 10, 1], "texture": "#1"},
				"west": {"uv": [0, 0, 10, 1], "texture": "#1"},
				"up": {"uv": [0, 0, 10, 10], "texture": "#1"},
				"down": {"uv": [0, 0, 10, 10], "texture": "#1"}
			}
		},
		{
			"name": "north",
			"from": [3, 1, 2],
			"to": [13, 9, 3],
			"faces": {
				"north": {"uv": [0, 0, 10, 8], "texture": "#0"},
				"east": {"uv": [9, 0, 10, 8], "texture": "#0"},
				"south": {"uv": [0, 8, 10, 16], "texture": "#0"},
				"west": {"uv": [0, 0, 1, 8], "texture": "#0"},
				"up": {"uv": [0, 0, 10, 1], "texture": "#0"},
				"down": {"uv": [0, 13, 10, 14], "texture": "#0"}
			}
		},
		{
			"name": "south",
			"from": [3, 1, 13],
			"to": [13, 9, 14],
			"faces": {
				"north": {"uv": [0, 8, 10, 16], "texture": "#0"},
				"east": {"uv": [9, 0, 10, 8], "texture": "#0"},
				"south": {"uv": [0, 0, 10, 8], "texture": "#0"},
				"west": {"uv": [0, 0, 1, 8], "texture": "#0"},
				"up": {"uv": [0, 0, 10, 1], "texture": "#0"},
				"down": {"uv": [0, 13, 10, 14], "texture": "#0"}
			}
		},
		{
			"name": "west",
			"from": [2, 1, 3],
			"to": [3, 9, 13],
			"faces": {
				"north": {"uv": [0, 0, 1, 8], "texture": "#0"},
				"east": {"uv": [0, 8, 10, 16], "texture": "#0"},
				"south": {"uv": [9, 0, 10, 8], "texture": "#0"},
				"west": {"uv": [0, 0, 10, 8], "texture": "#0"},
				"up": {"uv": [0, 0, 10, 1], "rotation": 90, "texture": "#0"},
				"down": {"uv": [0, 13, 10, 14], "rotation": 90, "texture": "#0"}
			}
		},
		{
			"name": "east",
			"from": [13, 1, 3],
			"to": [14, 9, 13],
			"faces": {
				"north": {"uv": [0, 0, 1, 8], "texture": "#0"},
				"east": {"uv": [0, 0, 10, 8], "texture": "#0"},
				"south": {"uv": [9, 0, 10, 8], "texture": "#0"},
				"west": {"uv": [0, 8, 10, 16], "texture": "#0"},
				"up": {"uv": [0, 0, 10, 1], "rotation": 90, "texture": "#0"},
				"down": {"uv": [0, 13, 10, 14], "rotation": 90, "texture": "#0"}
			}
		},
		{
			"name": "baguette",
			"from": [9.5, 2.7, 6],
			"to": [12.5, 16.7, 9],
			"rotation": {"angle": 22.5, "axis": "x", "origin": [6.5, 0, 5]},
			"faces": {
				"north": {"uv": [3, 14, 0, 0], "texture": "#2"},
				"east": {"uv": [6, 0, 3, 14], "texture": "#2"},
				"south": {"uv": [9, 14, 6, 0], "texture": "#2"},
				"west": {"uv": [3, 0, 6, 14], "texture": "#2"},
				"up": {"uv": [12, 3, 9, 0], "texture": "#2"},
				"down": {"uv": [12, 3, 9, 0], "texture": "#2"}
			}
		},
		{
			"name": "crusty_bread",
			"from": [4, 1, 3],
			"to": [12, 9, 8],
			"rotation": {"angle": 0, "axis": "y", "origin": [4, 0, 4]},
			"faces": {
				"north": {"uv": [0, 0, 8, 8], "texture": "#3"},
				"east": {"uv": [16, 5, 8, 0], "rotation": 90, "texture": "#3"},
				"south": {"uv": [0, 8, 8, 16], "texture": "#3"},
				"west": {"uv": [8, 0, 16, 5], "rotation": 90, "texture": "#3"},
				"up": {"uv": [8, 10, 16, 5], "texture": "#3"},
				"down": {"uv": [16, 5, 8, 10], "texture": "#3"}
			}
		},
		{
			"name": "bun",
			"from": [5, 9, 4],
			"to": [11, 13, 9],
			"rotation": {"angle": 0, "axis": "y", "origin": [5.5, 0, 5]},
			"faces": {
				"north": {"uv": [0, 5, 6, 9], "texture": "#5"},
				"east": {"uv": [6, 5, 11, 9], "texture": "#5"},
				"south": {"uv": [0, 5, 6, 9], "texture": "#5"},
				"west": {"uv": [6, 5, 11, 9], "texture": "#5"},
				"up": {"uv": [6, 0, 0, 5], "texture": "#5"},
				"down": {"uv": [12, 0, 6, 5], "texture": "#5"}
			}
		},
		{
			"name": "bread",
			"from": [4, 1, 9],
			"to": [9, 11, 13],
			"rotation": {"angle": 0, "axis": "y", "origin": [5.5, 0, 12]},
			"faces": {
				"north": {"uv": [0, 0, 5, 10], "texture": "#4"},
				"east": {"uv": [15, 0, 5, 4], "rotation": 90, "texture": "#4"},
				"south": {"uv": [5, 5, 10, 15], "texture": "#4"},
				"west": {"uv": [15, 4, 5, 0], "rotation": 90, "texture": "#4"},
				"up": {"uv": [0, 10, 5, 14], "texture": "#4"},
				"down": {"uv": [5, 14, 0, 10], "texture": "#4"}
			}
		}
	],
	"display": {
		"thirdperson_righthand": {
			"rotation": [16.5, 0, 0],
			"translation": [0, 3, 1],
			"scale": [0.5, 0.5, 0.5]
		},
		"thirdperson_lefthand": {
			"rotation": [16.5, 0, 0],
			"translation": [0, 3, 1],
			"scale": [0.5, 0.5, 0.5]
		},
		"firstperson_righthand": {
			"translation": [-1.5, 2, -0.5],
			"scale": [0.6, 0.6, 0.6]
		},
		"firstperson_lefthand": {
			"translation": [-1.5, 2, -0.5],
			"scale": [0.6, 0.6, 0.6]
		},
		"head": {
			"translation": [0, 14.75, 0]
		}
	}
}