{
	"format_version": "1.21.6",
	"credit": "Made by Satisfy",
	"textures": {
		"1": "bakery:block/cake_stand_plate",
		"2": "bakery:block/cake_stand_glass_top",
		"3": "bakery:block/cake_stand_glass_side",
		"particle": "bakery:block/cake_stand_glass_side"
	},
	"elements": [
		{
			"from": [2, 8.001, 2],
			"to": [2, 16.001, 14],
			"rotation": {"angle": 0, "axis": "y", "origin": [2, 0, 2]},
			"faces": {
				"east": {"uv": [14, 8, 2, 16], "texture": "#3"},
				"west": {"uv": [2, 8, 14, 16], "texture": "#3"}
			}
		},
		{
			"from": [2, 8.001, 2],
			"to": [14, 16.001, 2],
			"rotation": {"angle": 0, "axis": "y", "origin": [2, 0, 2]},
			"faces": {
				"north": {"uv": [14, 0, 2, 8], "texture": "#3"},
				"south": {"uv": [2, 0, 14, 8], "texture": "#3"}
			}
		},
		{
			"from": [2, 8.001, 14],
			"to": [14, 16.001, 14],
			"rotation": {"angle": 0, "axis": "y", "origin": [2, 0, 2]},
			"faces": {
				"north": {"uv": [14, 0, 2, 8], "texture": "#3"},
				"south": {"uv": [2, 0, 14, 8], "texture": "#3"}
			}
		},
		{
			"from": [2, 16.001, 2],
			"to": [14, 16.001, 14],
			"rotation": {"angle": 0, "axis": "y", "origin": [2, 0, 2]},
			"faces": {
				"up": {"uv": [2, 4, 14, 16], "texture": "#2", "cullface": "up"},
				"down": {"uv": [2, 4, 14, 16], "texture": "#2", "cullface": "up"}
			}
		},
		{
			"from": [14, 8.001, 2],
			"to": [14, 16.001, 14],
			"rotation": {"angle": 0, "axis": "y", "origin": [2, 0, 2]},
			"faces": {
				"east": {"uv": [14, 8, 2, 16], "texture": "#3"},
				"west": {"uv": [2, 8, 14, 16], "texture": "#3"}
			}
		},
		{
			"from": [7, 16, 7],
			"to": [9, 17, 9],
			"faces": {
				"north": {"uv": [7, 9, 9, 10], "texture": "#2", "cullface": "up"},
				"east": {"uv": [7, 10, 9, 11], "texture": "#2", "cullface": "up"},
				"south": {"uv": [7, 9, 9, 10], "texture": "#2", "cullface": "up"},
				"west": {"uv": [7, 10, 9, 11], "texture": "#2", "cullface": "up"},
				"up": {"uv": [7, 9, 9, 11], "texture": "#2", "cullface": "up"},
				"down": {"uv": [0, 0, 2, 2], "texture": "#1", "cullface": "up"}
			}
		},
		{
			"from": [7, 2, 7],
			"to": [9, 7, 9],
			"faces": {
				"north": {"uv": [2, 5, 4, 10], "texture": "#1"},
				"east": {"uv": [2, 5, 4, 10], "texture": "#1"},
				"south": {"uv": [2, 5, 4, 10], "texture": "#1"},
				"west": {"uv": [2, 5, 4, 10], "texture": "#1"}
			}
		},
		{
			"from": [4, 6, 4],
			"to": [12, 7, 12],
			"rotation": {"angle": 0, "axis": "y", "origin": [4, 0, 4]},
			"faces": {
				"north": {"uv": [0, 5, 6, 6], "texture": "#1"},
				"east": {"uv": [0, 5, 6, 6], "texture": "#1"},
				"south": {"uv": [0, 5, 6, 6], "texture": "#1"},
				"west": {"uv": [0, 5, 6, 6], "texture": "#1"},
				"down": {"uv": [0, 5, 6, 11], "texture": "#1"}
			}
		},
		{
			"from": [2, 7, 2],
			"to": [14, 8, 14],
			"rotation": {"angle": 0, "axis": "y", "origin": [4, 0, 4]},
			"faces": {
				"up": {"uv": [2, 2, 14, 14], "texture": "#1"},
				"down": {"uv": [2, 2, 14, 14], "texture": "#1"}
			}
		},
		{
			"from": [6, 1, 6],
			"to": [10, 3, 10],
			"rotation": {"angle": 0, "axis": "y", "origin": [6, 0, 6]},
			"faces": {
				"north": {"uv": [0, 5, 4, 7], "texture": "#1"},
				"east": {"uv": [0, 5, 4, 7], "texture": "#1"},
				"south": {"uv": [0, 5, 4, 7], "texture": "#1"},
				"west": {"uv": [0, 5, 4, 7], "texture": "#1"},
				"up": {"uv": [0, 5, 5, 10], "texture": "#1"}
			}
		},
		{
			"from": [5, 0, 5],
			"to": [11, 1, 11],
			"rotation": {"angle": 0, "axis": "y", "origin": [5, 0, 5]},
			"faces": {
				"north": {"uv": [6, 15, 12, 16], "texture": "#1"},
				"east": {"uv": [6, 15, 12, 16], "texture": "#1"},
				"south": {"uv": [6, 15, 12, 16], "texture": "#1"},
				"west": {"uv": [6, 15, 12, 16], "texture": "#1"},
				"up": {"uv": [8, 9, 14, 15], "texture": "#1"},
				"down": {"uv": [8, 9, 14, 15], "texture": "#1", "cullface": "down"}
			}
		},
		{
			"from": [14, 7, 2],
			"to": [15, 8, 14],
			"faces": {
				"north": {"uv": [4, 2, 5, 3], "texture": "#1"},
				"east": {"uv": [2, 3, 14, 4], "texture": "#1"},
				"south": {"uv": [5, 1, 6, 2], "texture": "#1"},
				"up": {"uv": [3, 2, 4, 14], "texture": "#1"},
				"down": {"uv": [3, 2, 4, 14], "texture": "#1"}
			}
		},
		{
			"from": [1, 7, 2],
			"to": [2, 8, 14],
			"faces": {
				"north": {"uv": [4, 2, 5, 3], "texture": "#1"},
				"south": {"uv": [5, 1, 6, 2], "texture": "#1"},
				"west": {"uv": [2, 3, 14, 4], "texture": "#1"},
				"up": {"uv": [3, 2, 4, 14], "texture": "#1"},
				"down": {"uv": [3, 2, 4, 14], "texture": "#1"}
			}
		},
		{
			"from": [2, 7, 1],
			"to": [14, 8, 2],
			"faces": {
				"north": {"uv": [2, 3, 14, 4], "texture": "#1"},
				"east": {"uv": [4, 3, 5, 4], "texture": "#1"},
				"west": {"uv": [5, 2, 6, 3], "texture": "#1"},
				"up": {"uv": [2, 4, 14, 5], "texture": "#1"},
				"down": {"uv": [2, 4, 14, 5], "texture": "#1"}
			}
		},
		{
			"from": [2, 7, 14],
			"to": [14, 8, 15],
			"faces": {
				"east": {"uv": [4, 3, 5, 4], "texture": "#1"},
				"south": {"uv": [2, 3, 14, 4], "texture": "#1"},
				"west": {"uv": [5, 2, 6, 3], "texture": "#1"},
				"up": {"uv": [2, 4, 14, 5], "texture": "#1"},
				"down": {"uv": [2, 4, 14, 5], "texture": "#1"}
			}
		}
	],
	"display": {
		"thirdperson_righthand": {
			"translation": [0, 1.25, 0.5],
			"scale": [0.6, 0.6, 0.6]
		},
		"thirdperson_lefthand": {
			"translation": [0, 1.25, 0.5],
			"scale": [0.6, 0.6, 0.6]
		},
		"firstperson_righthand": {
			"translation": [-1, 1.25, 0],
			"scale": [0.6, 0.6, 0.6]
		},
		"firstperson_lefthand": {
			"translation": [-1, 1.25, 0],
			"scale": [0.6, 0.6, 0.6]
		},
		"head": {
			"translation": [0, 13.75, 0]
		}
	}
}