{
	"format_version": "1.9.0",
	"credit": "Made by Satisfy",
	"textures": {
		"1": "bakery:block/chocolate_box",
		"particle": "bakery:block/chocolate_box"
	},
	"elements": [
		{
			"from": [3, 0, 4],
			"to": [13, 2, 11.9],
			"rotation": {"angle": 0, "axis": "y", "origin": [1, 0, 1]},
			"faces": {
				"north": {"uv": [12, 10, 10, 0], "rotation": 90, "texture": "#1"},
				"east": {"uv": [12, 9, 10, 1], "rotation": 90, "texture": "#1"},
				"south": {"uv": [12, 10, 10, 0], "rotation": 90, "texture": "#1"},
				"west": {"uv": [12, 9, 10, 1], "rotation": 90, "texture": "#1"},
				"up": {"uv": [3, 8, 2, 7], "texture": "#1"},
				"down": {"uv": [11, 11, 15, 15], "texture": "#1"}
			}
		},
		{
			"from": [12, 2, 4],
			"to": [13, 3, 11.9],
			"rotation": {"angle": 0, "axis": "y", "origin": [1, 0, 1]},
			"faces": {
				"north": {"uv": [10, 10, 11, 11], "texture": "#1"},
				"east": {"uv": [12, 1, 13, 9], "rotation": 90, "texture": "#1"},
				"south": {"uv": [10, 10, 11, 11], "texture": "#1"},
				"west": {"uv": [2, 0, 3, 8], "rotation": 90, "texture": "#1"},
				"up": {"uv": [12, 1, 13, 9], "texture": "#1"},
				"down": {"uv": [10, 10, 9.5, 14], "texture": "#1"}
			}
		},
		{
			"from": [3, 2, 4],
			"to": [4, 3, 11.9],
			"rotation": {"angle": 0, "axis": "y", "origin": [1, 0, 1]},
			"faces": {
				"north": {"uv": [11, 9, 12, 10], "texture": "#1"},
				"east": {"uv": [3, 0, 4, 8], "rotation": 90, "texture": "#1"},
				"south": {"uv": [10, 10, 11, 11], "texture": "#1"},
				"west": {"uv": [12, 1, 13, 9], "rotation": 90, "texture": "#1"},
				"up": {"uv": [12, 1, 13, 9], "texture": "#1"},
				"down": {"uv": [10, 10, 9.5, 14], "texture": "#1"}
			}
		},
		{
			"from": [3, 9.7, 4.8],
			"to": [13, 10.7, 12.8],
			"rotation": {"angle": 45, "axis": "x", "origin": [8.5, 8.2, 3.8]},
			"faces": {
				"north": {"uv": [0, 7, 10, 8], "texture": "#1"},
				"east": {"uv": [9, 9, 1, 10], "texture": "#1"},
				"south": {"uv": [10, 7, 0, 8], "texture": "#1"},
				"west": {"uv": [8, 15, 0, 16], "texture": "#1"},
				"up": {"uv": [10, 0, 0, 8], "texture": "#1"},
				"down": {"uv": [10, 0, 0, 8], "texture": "#1"}
			}
		},
		{
			"from": [4, 2, 4],
			"to": [12, 3, 4.9],
			"rotation": {"angle": 0, "axis": "y", "origin": [1, 0, 1]},
			"faces": {
				"north": {"uv": [10, 1, 11, 9], "rotation": 90, "texture": "#1"},
				"east": {"uv": [1, 8, 9, 9], "texture": "#1"},
				"south": {"uv": [2, 0, 3, 8], "rotation": 90, "texture": "#1"},
				"west": {"uv": [1, 8, 9, 9], "texture": "#1"},
				"up": {"uv": [10, 1, 11, 9], "rotation": 90, "texture": "#1"},
				"down": {"uv": [1, 8, 9, 9], "texture": "#1"}
			}
		},
		{
			"from": [4, 2, 10.9],
			"to": [12, 3, 11.9],
			"rotation": {"angle": 0, "axis": "y", "origin": [1, 0, 1]},
			"faces": {
				"north": {"uv": [2, 0, 3, 8], "rotation": 90, "texture": "#1"},
				"east": {"uv": [1, 8, 9, 9], "texture": "#1"},
				"south": {"uv": [10, 1, 11, 9], "rotation": 90, "texture": "#1"},
				"west": {"uv": [1, 8, 9, 9], "texture": "#1"},
				"up": {"uv": [10, 1, 11, 9], "rotation": 90, "texture": "#1"},
				"down": {"uv": [1, 8, 9, 9], "texture": "#1"}
			}
		},
		{
			"from": [4.25, 0.01, 8.25],
			"to": [6.25, 3.01, 10.25],
			"rotation": {"angle": 0, "axis": "y", "origin": [1, 0, 1]},
			"faces": {
				"north": {"uv": [16, 8, 14, 6], "texture": "#1"},
				"east": {"uv": [16, 8, 14, 6], "texture": "#1"},
				"south": {"uv": [16, 8, 14, 6], "texture": "#1"},
				"west": {"uv": [16, 8, 14, 6], "texture": "#1"},
				"up": {"uv": [16, 8, 14, 6], "texture": "#1"},
				"down": {"uv": [16, 8, 14, 6], "texture": "#1"}
			}
		},
		{
			"from": [9.75, 0.01, 5.5],
			"to": [11.75, 3.01, 7.4],
			"rotation": {"angle": 0, "axis": "y", "origin": [1, 0, 1]},
			"faces": {
				"north": {"uv": [14, 8, 16, 10], "texture": "#1"},
				"east": {"uv": [14, 8, 16, 10], "texture": "#1"},
				"south": {"uv": [14, 8, 16, 10], "texture": "#1"},
				"west": {"uv": [14, 8, 16, 10], "texture": "#1"},
				"up": {"uv": [14, 8, 16, 10], "texture": "#1"},
				"down": {"uv": [14, 8, 16, 10], "texture": "#1"}
			}
		},
		{
			"from": [9.75, 0.01, 8.25],
			"to": [11.75, 3.01, 10.15],
			"rotation": {"angle": 0, "axis": "y", "origin": [1, 0, 1]},
			"faces": {
				"north": {"uv": [14, 0, 16, 2], "texture": "#1"},
				"east": {"uv": [14, 0, 16, 2], "texture": "#1"},
				"south": {"uv": [14, 0, 16, 2], "texture": "#1"},
				"west": {"uv": [14, 0, 16, 2], "texture": "#1"},
				"up": {"uv": [14, 0, 16, 2], "texture": "#1"},
				"down": {"uv": [14, 0, 16, 2], "texture": "#1"}
			}
		},
		{
			"from": [7, 0.01, 5.5],
			"to": [9, 3.01, 7.5],
			"rotation": {"angle": 0, "axis": "y", "origin": [1, 0, 1]},
			"faces": {
				"north": {"uv": [14, 6, 16, 8], "texture": "#1"},
				"east": {"uv": [14, 6, 16, 8], "texture": "#1"},
				"south": {"uv": [14, 6, 16, 8], "texture": "#1"},
				"west": {"uv": [14, 6, 16, 8], "texture": "#1"},
				"up": {"uv": [14, 6, 16, 8], "texture": "#1"},
				"down": {"uv": [14, 6, 16, 8], "texture": "#1"}
			}
		},
		{
			"from": [7, 0.01, 8.25],
			"to": [9, 3.01, 10.15],
			"rotation": {"angle": 0, "axis": "y", "origin": [1, 0, 1]},
			"faces": {
				"north": {"uv": [14, 0, 16, 2], "texture": "#1"},
				"east": {"uv": [14, 0, 16, 2], "texture": "#1"},
				"south": {"uv": [14, 0, 16, 2], "texture": "#1"},
				"west": {"uv": [14, 0, 16, 2], "texture": "#1"},
				"up": {"uv": [14, 4, 16, 6], "texture": "#1"},
				"down": {"uv": [14, 0, 16, 2], "texture": "#1"}
			}
		},
		{
			"from": [4.25, 0.01, 5.5],
			"to": [6.25, 3.01, 7.5],
			"rotation": {"angle": 0, "axis": "y", "origin": [1, 0, 1]},
			"faces": {
				"north": {"uv": [14, 4, 16, 6], "texture": "#1"},
				"east": {"uv": [14, 4, 16, 6], "texture": "#1"},
				"south": {"uv": [14, 4, 16, 6], "texture": "#1"},
				"west": {"uv": [14, 4, 16, 6], "texture": "#1"},
				"up": {"uv": [14, 4, 16, 6], "texture": "#1"},
				"down": {"uv": [14, 4, 16, 6], "texture": "#1"}
			}
		}
	],
	"gui_light": "front",
	"display": {
		"thirdperson_righthand": {
			"rotation": [19, 0, 0],
			"translation": [0, 5.25, 1],
			"scale": [0.7, 0.7, 0.8]
		},
		"thirdperson_lefthand": {
			"rotation": [19, 0, 0],
			"translation": [0, 5.25, 1],
			"scale": [0.7, 0.7, 0.8]
		},
		"firstperson_righthand": {
			"rotation": [26, 139, -16],
			"translation": [0.88, 5.45, -0.62],
			"scale": [0.74641, 0.74641, 0.74641]
		},
		"firstperson_lefthand": {
			"rotation": [26, 139, -16],
			"translation": [0.88, 5.45, -0.62],
			"scale": [0.74641, 0.74641, 0.74641]
		},
		"ground": {
			"translation": [0, 2, 0],
			"scale": [0.60352, 0.60352, 0.60352]
		},
		"gui": {
			"rotation": [31, 152, 0],
			"translation": [0, 3, 0],
			"scale": [1.07422, 1.07422, 1.07422]
		},
		"head": {
			"translation": [0, -14.25, 0],
			"scale": [2.26781, 2.26781, 2.26781]
		},
		"fixed": {
			"rotation": [-90, 0, 0],
			"translation": [0, 0, -15.75],
			"scale": [1.95703, 1.95703, 1.95703]
		}
	},
	"groups": [
		{
			"name": "box",
			"origin": [0, 0, 0],
			"color": 0,
			"children": [0, 1, 2, 3, 4, 5, 6]
		},
		7,
		8,
		9,
		10,
		11
	]
}