{
	"format_version": "1.21.6",
	"credit": "Made by Satisfy",
	"parent": "block/block",
	"textures": {
		"1": "bakery:block/tray_1",
		"2": "bakery:block/tray_2",
		"particle": "bakery:block/tray_1"
	},
	"elements": [
		{
			"name": "bottom",
			"from": [4, 0, 3],
			"to": [12, 1, 13],
			"rotation": {"angle": 0, "axis": "y", "origin": [0, 0, 16.5]},
			"faces": {
				"north": {"uv": [8, 0, 0, 1], "texture": "#2"},
				"east": {"uv": [7, 10, 8, 0], "rotation": 90, "texture": "#2"},
				"south": {"uv": [8, 0, 0, 1], "texture": "#2"},
				"west": {"uv": [0, 10, 1, 0], "rotation": 90, "texture": "#2"},
				"up": {"uv": [8, 10, 16, 0], "texture": "#2"},
				"down": {"uv": [0, 10, 8, 0], "texture": "#2"}
			}
		},
		{
			"name": "side",
			"from": [12, 1, 2],
			"to": [13, 5, 14],
			"rotation": {"angle": 0, "axis": "y", "origin": [0, 0, 16]},
			"faces": {
				"north": {"uv": [5, 12, 4, 16], "texture": "#1"},
				"east": {"uv": [16, 12, 4, 16], "texture": "#2"},
				"south": {"uv": [9, 0, 8, 4], "texture": "#1"},
				"west": {"uv": [16, 14, 4, 10], "texture": "#1"},
				"up": {"uv": [16, 10, 4, 11], "rotation": 90, "texture": "#1"},
				"down": {"uv": [16, 15, 4, 16], "rotation": 90, "texture": "#1"}
			}
		},
		{
			"name": "side",
			"from": [3, 1, 2],
			"to": [4, 5, 14],
			"rotation": {"angle": 0, "axis": "y", "origin": [0, 0, 16]},
			"faces": {
				"north": {"uv": [9, 4, 8, 8], "texture": "#1"},
				"east": {"uv": [16, 14, 4, 10], "texture": "#1"},
				"south": {"uv": [16, 0, 15, 4], "texture": "#1"},
				"west": {"uv": [16, 12, 4, 16], "texture": "#1"},
				"up": {"uv": [16, 10, 4, 11], "rotation": 90, "texture": "#1"},
				"down": {"uv": [16, 15, 4, 16], "rotation": 90, "texture": "#1"}
			}
		},
		{
			"name": "side",
			"from": [4, 1, 2],
			"to": [12, 5, 3],
			"rotation": {"angle": 0, "axis": "y", "origin": [0, 0, 16]},
			"faces": {
				"north": {"uv": [16, 4, 8, 8], "texture": "#1"},
				"east": {"uv": [12.5, 5, 12, 7], "texture": "#1"},
				"south": {"uv": [0, 0, 8, 4], "texture": "#1"},
				"west": {"uv": [6, 12, 5.5, 14], "texture": "#1"},
				"up": {"uv": [8, 5, 16, 4], "texture": "#1"},
				"down": {"uv": [7, 16, 15, 15], "texture": "#1"}
			}
		},
		{
			"name": "side",
			"from": [4, 1, 13],
			"to": [12, 5, 14],
			"rotation": {"angle": 0, "axis": "y", "origin": [0, 0, 16]},
			"faces": {
				"north": {"uv": [0, 4, 8, 8], "texture": "#1"},
				"east": {"uv": [12.5, 5, 12, 7], "texture": "#1"},
				"south": {"uv": [8, 0, 16, 4], "texture": "#1"},
				"west": {"uv": [6, 12, 5.5, 14], "texture": "#1"},
				"up": {"uv": [8, 1, 16, 0], "texture": "#1"},
				"down": {"uv": [7, 16, 15, 15], "texture": "#1"}
			}
		},
		{
			"from": [5, 5.34, 15.95],
			"to": [11, 5.34, 17.95],
			"rotation": {"angle": -22.5, "axis": "x", "origin": [0, 0, 16]},
			"faces": {
				"north": {"uv": [3, 0, 0, 0], "texture": "#1"},
				"east": {"uv": [1, 0, 0, 0], "texture": "#1"},
				"south": {"uv": [3, 0, 0, 0], "texture": "#1"},
				"west": {"uv": [1, 0, 0, 0], "texture": "#1"},
				"up": {"uv": [2, 16, 0, 10], "rotation": 90, "texture": "#1"},
				"down": {"uv": [0, 10, 2, 16], "rotation": 90, "texture": "#1"}
			}
		},
		{
			"from": [5, -0.74, -0.85],
			"to": [11, -0.74, 1.15],
			"rotation": {"angle": 22.5, "axis": "x", "origin": [0, 0, 16]},
			"faces": {
				"north": {"uv": [0, 0, 3, 0], "texture": "#1"},
				"east": {"uv": [0, 0, 1, 0], "texture": "#1"},
				"south": {"uv": [0, 0, 3, 0], "texture": "#1"},
				"west": {"uv": [0, 0, 1, 0], "texture": "#1"},
				"up": {"uv": [0, 16, 2, 10], "rotation": 90, "texture": "#1"},
				"down": {"uv": [2, 10, 0, 16], "rotation": 90, "texture": "#1"}
			}
		}
	],
	"display": {
		"thirdperson_righthand": {
			"rotation": [12, 90, 0],
			"translation": [0, 5, 0.75],
			"scale": [0.6, 0.6, 0.6]
		},
		"thirdperson_lefthand": {
			"rotation": [12, 90, 0],
			"translation": [0, 5, 0.75],
			"scale": [0.6, 0.6, 0.6]
		},
		"firstperson_righthand": {
			"rotation": [0, 90, 0],
			"translation": [-1.25, 5.5, -0.5],
			"scale": [0.8, 0.8, 0.8]
		},
		"firstperson_lefthand": {
			"rotation": [0, 90, 0],
			"translation": [-1.25, 5.5, -0.5],
			"scale": [0.8, 0.8, 0.8]
		},
		"ground": {
			"translation": [0, 3.75, 0]
		},
		"gui": {
			"rotation": [30, -135, 0],
			"translation": [0, 2.75, 0]
		},
		"head": {
			"rotation": [0, 0, -180],
			"translation": [0, 3.25, 0]
		},
		"fixed": {
			"rotation": [-90, 0, 0],
			"translation": [0, 0.25, -8]
		}
	}
}