{
	"type": "apotheosis:attribute",
	"attribute": "attributeslib:crit_chance",
	"operation": "ADDITION",
	"values": {
		"common": {
			"min": 0.01,
			"steps": 3,
			"step": 0.01
		},
		"uncommon": {
			"min": 0.01,
			"steps": 4,
			"step": 0.01
		},
		"rare": {
			"min": 0.02,
			"steps": 5,
			"step": 0.01
		},
		"epic": {
			"min": 0.02,
			"steps": 7,
			"step": 0.01
		},
		"mythic": {
			"min": 0.03,
			"steps": 9,
			"step": 0.01
		},
		"ancient": {
			"min": 0.04,
			"steps": 11,
			"step": 0.01
		}
	},
	"types": [
		"sword",
		"trident"
	]
}