{
	"multipart": [
		{"apply": {"model": "block/allium"}},
		{"apply": {"model": "block/allium_exts"}},
		{"apply": [
			{"model": "block/sub_allium"},
			{"model": "block/air", "weight": 2}]
		},
		{"apply": [
			{"model": "block/sub_allium", "y": 90},
			{"model": "block/air", "weight": 3}]
		},
		{"apply": [
			{"model": "block/sub_allium", "y": 180},
			{"model": "block/air", "weight": 4}]
		},
		{"apply": [
			{"model": "block/sub_allium", "y": 270},
			{"model": "block/air", "weight": 5}]
		}
	]
}