{
	"multipart": [
		{"apply": {"model": "block/cornflower"}},
		{"apply": {"model": "block/cornflower_exts"}},
		{"apply": [
			{"model": "block/sub_cornflower"},
			{"model": "block/air", "weight": 2}]
		},
		{"apply": [
			{"model": "block/sub_cornflower", "y": 90},
			{"model": "block/air", "weight": 3}]
		},
		{"apply": [
			{"model": "block/sub_cornflower", "y": 180},
			{"model": "block/air", "weight": 4}]
		},
		{"apply": [
			{"model": "block/sub_cornflower", "y": 270},
			{"model": "block/air", "weight": 5}]
		}
	]
}