{
	"multipart": [
		{"apply": {"model": "block/dandelion"}},
		{"apply": {"model": "block/dandelion_exts"}},
		{"apply": [
			{"model": "block/sub_dandelion"},
			{"model": "block/air", "weight": 2}]
		},
		{"apply": [
			{"model": "block/sub_dandelion", "y": 90},
			{"model": "block/air", "weight": 3}]
		},
		{"apply": [
			{"model": "block/sub_dandelion", "y": 180},
			{"model": "block/air", "weight": 4}]
		},
		{"apply": [
			{"model": "block/sub_dandelion", "y": 270},
			{"model": "block/air", "weight": 10}]
		}
	]
}