{
	"multipart": [
		{"apply": [
			{"model": "block/frogspawn"},
			{"model": "block/frogspawn", "y": 90},
			{"model": "block/frogspawn", "y": 180},
			{"model": "block/frogspawn", "y": 270},
			{"model": "block/frogspawn_1"},
			{"model": "block/frogspawn_1", "y": 90},
			{"model": "block/frogspawn_1", "y": 180},
			{"model": "block/frogspawn_1", "y": 270},
			{"model": "block/frogspawn_2"},
			{"model": "block/frogspawn_2", "y": 90},
			{"model": "block/frogspawn_2", "y": 180},
			{"model": "block/frogspawn_2", "y": 270},
			{"model": "block/frogspawn_3"},
			{"model": "block/frogspawn_3", "y": 90},
			{"model": "block/frogspawn_3", "y": 180},
			{"model": "block/frogspawn_3", "y": 270}]
		}
	]
}