{
	"multipart": [
		{"apply": [
			{"model": "block/lily_pad"},
			{"model": "block/lily_pad", "y": 90},
			{"model": "block/lily_pad", "y": 180},
			{"model": "block/lily_pad", "y": 270},
			{"model": "block/lily_pad_1"},
			{"model": "block/lily_pad_1", "y": 90},
			{"model": "block/lily_pad_1", "y": 180},
			{"model": "block/lily_pad_1", "y": 270},
			{"model": "block/lily_pad_2"},
			{"model": "block/lily_pad_2", "y": 90},
			{"model": "block/lily_pad_2", "y": 180},
			{"model": "block/lily_pad_2", "y": 270},
			{"model": "block/lily_pad_3"},
			{"model": "block/lily_pad_3", "y": 90},
			{"model": "block/lily_pad_3", "y": 180},
			{"model": "block/lily_pad_3", "y": 270},
			{"model": "block/lily_pad_4"},
			{"model": "block/lily_pad_4", "y": 90},
			{"model": "block/lily_pad_4", "y": 180},
			{"model": "block/lily_pad_4", "y": 270},
			{"model": "block/lily_pad_5"},
			{"model": "block/lily_pad_5", "y": 90},
			{"model": "block/lily_pad_5", "y": 180},
			{"model": "block/lily_pad_5", "y": 270},
			{"model": "block/lily_pad_6"},
			{"model": "block/lily_pad_6", "y": 90},
			{"model": "block/lily_pad_6", "y": 180},
			{"model": "block/lily_pad_6", "y": 270},
			{"model": "block/lily_pad_7"},
			{"model": "block/lily_pad_7", "y": 90},
			{"model": "block/lily_pad_7", "y": 180},
			{"model": "block/lily_pad_7", "y": 270}]
		},
		{"apply": [
			{"model": "block/lotus"},
			{"model": "block/lotus", "y": 90},
			{"model": "block/lotus", "y": 180},
			{"model": "block/lotus", "y": 270},
			{"model": "block/lotus_1"},
			{"model": "block/lotus_1", "y": 90},
			{"model": "block/lotus_1", "y": 180},
			{"model": "block/lotus_1", "y": 270},
			{"model": "block/lotus_2", "weight": 2},
			{"model": "block/air", "weight": 10}]
		}
	]
}