{
	"multipart": [
		{"apply": {"model": "block/oxeye_daisy"}},
		{"apply": {"model": "block/oxeye_daisy_exts"}},
		{"apply": [
			{"model": "block/sub_oxeye_daisy"},
			{"model": "block/air", "weight": 2}]
		},
		{"apply": [
			{"model": "block/sub_oxeye_daisy", "y": 90},
			{"model": "block/air", "weight": 3}]
		},
		{"apply": [
			{"model": "block/sub_oxeye_daisy", "y": 180},
			{"model": "block/air", "weight": 4}]
		},
		{"apply": [
			{"model": "block/sub_oxeye_daisy", "y": 270},
			{"model": "block/air", "weight": 5}]
		}
	]
}