{
	"multipart": [
		{"apply": {"model": "block/pink_tulip"}},
		{"apply": {"model": "block/pink_tulip_exts"}},
		{"apply": [
			{"model": "block/sub_pink_tulip"},
			{"model": "block/air", "weight": 2}]
		},
		{"apply": [
			{"model": "block/sub_pink_tulip", "y": 90},
			{"model": "block/air", "weight": 3}]
		},
		{"apply": [
			{"model": "block/sub_pink_tulip", "y": 180},
			{"model": "block/air", "weight": 4}]
		},
		{"apply": [
			{"model": "block/sub_pink_tulip", "y": 270},
			{"model": "block/air", "weight": 5}]
		}
	]
}