{
	"multipart": [
		{"apply": {"model": "block/poppy"}},
		{"apply": {"model": "block/poppy_exts"}},
		{"apply": [
			{"model": "block/sub_poppy"},
			{"model": "block/air", "weight": 2}]
		},
		{"apply": [
			{"model": "block/sub_poppy", "y": 90},
			{"model": "block/air", "weight": 3}]
		},
		{"apply": [
			{"model": "block/sub_poppy", "y": 180},
			{"model": "block/air", "weight": 4}]
		},
		{"apply": [
			{"model": "block/sub_poppy", "y": 270},
			{"model": "block/air", "weight": 10}]
		}
	]
}