{
	"multipart": [
		{"apply": {"model": "block/wither_rose"}},
		{"apply": {"model": "block/wither_rose_exts"}},
		{"apply": [
			{"model": "block/sub_wither_rose"},
			{"model": "block/air", "weight": 2}]
		},
		{"apply": [
			{"model": "block/sub_wither_rose", "y": 90},
			{"model": "block/air", "weight": 3}]
		},
		{"apply": [
			{"model": "block/sub_wither_rose", "y": 180},
			{"model": "block/air", "weight": 4}]
		},
		{"apply": [
			{"model": "block/sub_wither_rose", "y": 270},
			{"model": "block/air", "weight": 5}]
		}
	]
}