{
	"credit": "Made with Blockbench",
	"parent": "minecraft:block/cross",
	"render_type": "minecraft:cutout",
	"textures": {
		"1": "delightful:block/salmonberry_bush_stage2",
		"cross": "delightful:block/salmonberry_bush",
		"particle": "delightful:block/salmonberry_bush_stage2"
	},
	"elements": [
		{
			"from": [0, -1, 0],
			"to": [16, 15, 0],
			"shade": false,
			"rotation": {"angle": -45, "axis": "y", "origin": [0, 0, 0], "rescale": true},
			"faces": {
				"north": {"uv": [16, 0, 0, 16], "texture": "#cross"},
				"east": {"uv": [0, 0, 0, 8], "texture": "#cross"},
				"south": {"uv": [0, 0, 16, 16], "texture": "#cross"},
				"west": {"uv": [0, 0, 0, 8], "texture": "#cross"},
				"up": {"uv": [0, 0, 16, 0], "texture": "#cross"},
				"down": {"uv": [0, 0, 16, 0], "texture": "#cross"}
			}
		},
		{
			"from": [0, -1, 16],
			"to": [16, 15, 16],
			"shade": false,
			"rotation": {"angle": 45, "axis": "y", "origin": [0, 0, 16], "rescale": true},
			"faces": {
				"north": {"uv": [0, 0, 16, 16], "texture": "#cross"},
				"east": {"uv": [0, 0, 0, 8], "texture": "#cross"},
				"south": {"uv": [16, 0, 0, 16], "texture": "#cross"},
				"west": {"uv": [0, 0, 0, 8], "texture": "#cross"},
				"up": {"uv": [0, 0, 16, 0], "texture": "#cross"},
				"down": {"uv": [0, 0, 16, 0], "texture": "#cross"}
			}
		},
		{
			"from": [5, 9, 10],
			"to": [6, 10, 11],
			"rotation": {"angle": 0, "axis": "y", "origin": [5, 9, 9]},
			"faces": {
				"north": {"uv": [6, 2, 7, 3], "texture": "#1"},
				"east": {"uv": [6, 2, 7, 3], "texture": "#1"},
				"south": {"uv": [6, 2, 7, 3], "texture": "#1"},
				"west": {"uv": [6, 2, 7, 3], "texture": "#1"},
				"up": {"uv": [6, 2, 7, 3], "texture": "#1"},
				"down": {"uv": [6, 2, 7, 3], "texture": "#1"}
			}
		},
		{
			"from": [12, 6, 12],
			"to": [13, 7, 13],
			"rotation": {"angle": 0, "axis": "y", "origin": [12, 6, 11]},
			"faces": {
				"north": {"uv": [6, 2, 7, 3], "texture": "#1"},
				"east": {"uv": [6, 2, 7, 3], "texture": "#1"},
				"south": {"uv": [6, 2, 7, 3], "texture": "#1"},
				"west": {"uv": [6, 2, 7, 3], "texture": "#1"},
				"up": {"uv": [6, 2, 7, 3], "texture": "#1"},
				"down": {"uv": [6, 2, 7, 3], "texture": "#1"}
			}
		},
		{
			"from": [6, 5, 6],
			"to": [7, 6, 7],
			"rotation": {"angle": 0, "axis": "y", "origin": [6, 5, 5]},
			"faces": {
				"north": {"uv": [6, 2, 7, 3], "texture": "#1"},
				"east": {"uv": [6, 2, 7, 3], "texture": "#1"},
				"south": {"uv": [6, 2, 7, 3], "texture": "#1"},
				"west": {"uv": [6, 2, 7, 3], "texture": "#1"},
				"up": {"uv": [6, 2, 7, 3], "texture": "#1"},
				"down": {"uv": [6, 2, 7, 3], "texture": "#1"}
			}
		},
		{
			"from": [12, 5, 3],
			"to": [13, 6, 4],
			"rotation": {"angle": 0, "axis": "y", "origin": [12, 5, 2]},
			"faces": {
				"north": {"uv": [6, 2, 7, 3], "texture": "#1"},
				"east": {"uv": [6, 2, 7, 3], "texture": "#1"},
				"south": {"uv": [6, 2, 7, 3], "texture": "#1"},
				"west": {"uv": [6, 2, 7, 3], "texture": "#1"},
				"up": {"uv": [6, 2, 7, 3], "texture": "#1"},
				"down": {"uv": [6, 2, 7, 3], "texture": "#1"}
			}
		},
		{
			"from": [9, 6, 5],
			"to": [11, 8, 7],
			"rotation": {"angle": 0, "axis": "y", "origin": [9, 6, 5]},
			"faces": {
				"north": {"uv": [5, 7, 7, 9], "texture": "#1"},
				"east": {"uv": [5, 7, 7, 9], "texture": "#1"},
				"south": {"uv": [5, 7, 7, 9], "texture": "#1"},
				"west": {"uv": [5, 7, 7, 9], "texture": "#1"},
				"up": {"uv": [5, 7, 7, 9], "texture": "#1"},
				"down": {"uv": [5, 7, 7, 9], "texture": "#1"}
			}
		},
		{
			"from": [9, 8, 9],
			"to": [11, 10, 11],
			"rotation": {"angle": 0, "axis": "y", "origin": [9, 8, 9]},
			"faces": {
				"north": {"uv": [5, 7, 7, 9], "texture": "#1"},
				"east": {"uv": [5, 7, 7, 9], "texture": "#1"},
				"south": {"uv": [5, 7, 7, 9], "texture": "#1"},
				"west": {"uv": [5, 7, 7, 9], "texture": "#1"},
				"up": {"uv": [5, 7, 7, 9], "texture": "#1"},
				"down": {"uv": [5, 7, 7, 9], "texture": "#1"}
			}
		},
		{
			"from": [8, 1, 8],
			"to": [10, 3, 10],
			"rotation": {"angle": 0, "axis": "y", "origin": [8, 1, 8]},
			"faces": {
				"north": {"uv": [5, 7, 7, 9], "texture": "#1"},
				"east": {"uv": [5, 7, 7, 9], "texture": "#1"},
				"south": {"uv": [5, 7, 7, 9], "texture": "#1"},
				"west": {"uv": [5, 7, 7, 9], "texture": "#1"},
				"up": {"uv": [5, 7, 7, 9], "texture": "#1"},
				"down": {"uv": [5, 7, 7, 9], "texture": "#1"}
			}
		},
		{
			"from": [2, 10, 2],
			"to": [4, 12, 4],
			"rotation": {"angle": 0, "axis": "y", "origin": [2, 10, 2]},
			"faces": {
				"north": {"uv": [5, 7, 7, 9], "texture": "#1"},
				"east": {"uv": [5, 7, 7, 9], "texture": "#1"},
				"south": {"uv": [5, 7, 7, 9], "texture": "#1"},
				"west": {"uv": [5, 7, 7, 9], "texture": "#1"},
				"up": {"uv": [5, 7, 7, 9], "texture": "#1"},
				"down": {"uv": [5, 7, 7, 9], "texture": "#1"}
			}
		},
		{
			"from": [5, 0, 5],
			"to": [7, 2, 7],
			"rotation": {"angle": 0, "axis": "y", "origin": [5, 0, 5]},
			"faces": {
				"north": {"uv": [5, 7, 7, 9], "texture": "#1"},
				"east": {"uv": [5, 7, 7, 9], "texture": "#1"},
				"south": {"uv": [5, 7, 7, 9], "texture": "#1"},
				"west": {"uv": [5, 7, 7, 9], "texture": "#1"},
				"up": {"uv": [5, 7, 7, 9], "texture": "#1"},
				"down": {"uv": [5, 7, 7, 9], "texture": "#1"}
			}
		},
		{
			"from": [3, 2, 11],
			"to": [5, 4, 13],
			"rotation": {"angle": 0, "axis": "y", "origin": [3, 2, 11]},
			"faces": {
				"north": {"uv": [5, 7, 7, 9], "texture": "#1"},
				"east": {"uv": [5, 7, 7, 9], "texture": "#1"},
				"south": {"uv": [5, 7, 7, 9], "texture": "#1"},
				"west": {"uv": [5, 7, 7, 9], "texture": "#1"},
				"up": {"uv": [5, 7, 7, 9], "texture": "#1"},
				"down": {"uv": [5, 7, 7, 9], "texture": "#1"}
			}
		},
		{
			"from": [10, 9, 5],
			"to": [11, 10, 6],
			"rotation": {"angle": 0, "axis": "y", "origin": [8, 8, 8]},
			"faces": {
				"north": {"uv": [6, 2, 7, 3], "texture": "#1"},
				"east": {"uv": [6, 2, 7, 3], "texture": "#1"},
				"south": {"uv": [6, 2, 7, 3], "texture": "#1"},
				"west": {"uv": [6, 2, 7, 3], "texture": "#1"},
				"up": {"uv": [6, 2, 7, 3], "rotation": 180, "texture": "#1"},
				"down": {"uv": [6, 2, 7, 3], "rotation": 180, "texture": "#1"}
			}
		},
		{
			"from": [3, 6, 3],
			"to": [4, 7, 4],
			"rotation": {"angle": 0, "axis": "y", "origin": [8, 8, 8]},
			"faces": {
				"north": {"uv": [6, 2, 7, 3], "texture": "#1"},
				"east": {"uv": [6, 2, 7, 3], "texture": "#1"},
				"south": {"uv": [6, 2, 7, 3], "texture": "#1"},
				"west": {"uv": [6, 2, 7, 3], "texture": "#1"},
				"up": {"uv": [6, 2, 7, 3], "rotation": 180, "texture": "#1"},
				"down": {"uv": [6, 2, 7, 3], "rotation": 180, "texture": "#1"}
			}
		},
		{
			"from": [9, 5, 9],
			"to": [10, 6, 10],
			"rotation": {"angle": 0, "axis": "y", "origin": [8, 8, 8]},
			"faces": {
				"north": {"uv": [6, 2, 7, 3], "texture": "#1"},
				"east": {"uv": [6, 2, 7, 3], "texture": "#1"},
				"south": {"uv": [6, 2, 7, 3], "texture": "#1"},
				"west": {"uv": [6, 2, 7, 3], "texture": "#1"},
				"up": {"uv": [6, 2, 7, 3], "rotation": 180, "texture": "#1"},
				"down": {"uv": [6, 2, 7, 3], "rotation": 180, "texture": "#1"}
			}
		},
		{
			"from": [3, 5, 12],
			"to": [4, 6, 13],
			"rotation": {"angle": 0, "axis": "y", "origin": [8, 8, 8]},
			"faces": {
				"north": {"uv": [6, 2, 7, 3], "texture": "#1"},
				"east": {"uv": [6, 2, 7, 3], "texture": "#1"},
				"south": {"uv": [6, 2, 7, 3], "texture": "#1"},
				"west": {"uv": [6, 2, 7, 3], "texture": "#1"},
				"up": {"uv": [6, 2, 7, 3], "rotation": 180, "texture": "#1"},
				"down": {"uv": [6, 2, 7, 3], "rotation": 180, "texture": "#1"}
			}
		},
		{
			"from": [5, 6, 9],
			"to": [7, 8, 11],
			"rotation": {"angle": 0, "axis": "y", "origin": [8, 5, 8]},
			"faces": {
				"north": {"uv": [5, 7, 7, 9], "texture": "#1"},
				"east": {"uv": [5, 7, 7, 9], "texture": "#1"},
				"south": {"uv": [5, 7, 7, 9], "texture": "#1"},
				"west": {"uv": [5, 7, 7, 9], "texture": "#1"},
				"up": {"uv": [5, 7, 7, 9], "rotation": 180, "texture": "#1"},
				"down": {"uv": [5, 7, 7, 9], "rotation": 180, "texture": "#1"}
			}
		},
		{
			"from": [5, 8, 5],
			"to": [7, 10, 7],
			"rotation": {"angle": 0, "axis": "y", "origin": [8, 8, 8]},
			"faces": {
				"north": {"uv": [5, 7, 7, 9], "texture": "#1"},
				"east": {"uv": [5, 7, 7, 9], "texture": "#1"},
				"south": {"uv": [5, 7, 7, 9], "texture": "#1"},
				"west": {"uv": [5, 7, 7, 9], "texture": "#1"},
				"up": {"uv": [5, 7, 7, 9], "rotation": 180, "texture": "#1"},
				"down": {"uv": [5, 7, 7, 9], "rotation": 180, "texture": "#1"}
			}
		},
		{
			"from": [4, 3, 4],
			"to": [6, 5, 6],
			"rotation": {"angle": 0, "axis": "y", "origin": [8, 8, 8]},
			"faces": {
				"north": {"uv": [5, 7, 7, 9], "texture": "#1"},
				"east": {"uv": [5, 7, 7, 9], "texture": "#1"},
				"south": {"uv": [5, 7, 7, 9], "texture": "#1"},
				"west": {"uv": [5, 7, 7, 9], "texture": "#1"},
				"up": {"uv": [5, 7, 7, 9], "rotation": 180, "texture": "#1"},
				"down": {"uv": [5, 7, 7, 9], "rotation": 180, "texture": "#1"}
			}
		},
		{
			"from": [12, 10, 12],
			"to": [14, 12, 14],
			"rotation": {"angle": 0, "axis": "y", "origin": [11, 8, 11]},
			"faces": {
				"north": {"uv": [5, 7, 7, 9], "texture": "#1"},
				"east": {"uv": [5, 7, 7, 9], "texture": "#1"},
				"south": {"uv": [5, 7, 7, 9], "texture": "#1"},
				"west": {"uv": [5, 7, 7, 9], "texture": "#1"},
				"up": {"uv": [5, 7, 7, 9], "rotation": 180, "texture": "#1"},
				"down": {"uv": [5, 7, 7, 9], "rotation": 180, "texture": "#1"}
			}
		},
		{
			"from": [11, 3, 11],
			"to": [13, 5, 13],
			"rotation": {"angle": 0, "axis": "y", "origin": [8, 8, 8]},
			"faces": {
				"north": {"uv": [5, 7, 7, 9], "texture": "#1"},
				"east": {"uv": [5, 7, 7, 9], "texture": "#1"},
				"south": {"uv": [5, 7, 7, 9], "texture": "#1"},
				"west": {"uv": [5, 7, 7, 9], "texture": "#1"},
				"up": {"uv": [5, 7, 7, 9], "rotation": 180, "texture": "#1"},
				"down": {"uv": [5, 7, 7, 9], "rotation": 180, "texture": "#1"}
			}
		},
		{
			"from": [10, 2, 4],
			"to": [12, 4, 6],
			"rotation": {"angle": 0, "axis": "y", "origin": [7, 5, 9]},
			"faces": {
				"north": {"uv": [5, 7, 7, 9], "texture": "#1"},
				"east": {"uv": [5, 7, 7, 9], "texture": "#1"},
				"south": {"uv": [5, 7, 7, 9], "texture": "#1"},
				"west": {"uv": [5, 7, 7, 9], "texture": "#1"},
				"up": {"uv": [5, 7, 7, 9], "rotation": 180, "texture": "#1"},
				"down": {"uv": [5, 7, 7, 9], "rotation": 180, "texture": "#1"}
			}
		}
	]
}