{
    "type": "minecraft:entity",
    "pools": [
        {
            "rolls": 1,
            "entries": [
                {
                    "type": "minecraft:item",
                    "name": "minecraft:enchanted_golden_apple",
                    "conditions": [
                        {
                            "condition": "progressivebosses:random_chance_with_lvl",
                            "chance": 0.125
                        }
                    ]
                },
				{
                    "type": "minecraft:item",
                    "name": "minecraft:dragon_egg"
                }
            ]
        }
    ]
}
